[Licensing::Module] Trying to connect to existing licensing client channel...
Built from '6000.3/staging' branch; Version is '6000.3.23f1 (09d2ecc7fb28) revision 643820'; Using compiler version '194234433'; Build Type 'Release'
OS: 'Windows 11  (10.0.26200) Professional' Language: 'ru' Physical Memory: 15774 MB
[Licensing::IpcConnector] Successfully connected to: "LicenseClient-alexf" at "2026-09-29T10:02:31.3045587Z"
BatchMode: 1, IsHumanControllingUs: 0, StartBugReporterOnCrash: 0, Is64bit: 1
System  architecture: x64
Process architecture: x64
Date: 2026-09-29T10:02:31Z

COMMAND LINE ARGUMENTS:
C:\Program Files\Unity\Hub\Editor\6000.3.23f1\Editor\Unity.exe
-adb2
-batchMode
-noUpm
-name
AssetImportWorker4
-projectPath
C:/Unity/Neon Horizon
-logFile
Logs/AssetImportWorker4.log
-srvPort
62400
-parentPid
3372
-analyticsCloudUserId
10171583763260
-analyticsCloudProjectId
9cff1019-d6d3-40b2-aea9-38e9ff936228
-analyticsLocalProjectId
966f891262f6cdc45888fa76954259a0
-editorAnalyticsEnabled
1
-cbmEditorLicense
83070d8dcec7825c34f430beb5a06e72bf3edb1c
-cbmMachineId
+OAQAnJ7Z6ADVfkzKEIIzVA0kc8=
-licensingIpc
LicenseClient-alexf
-job-worker-count
5
-background-job-worker-count
8
-gc-helper-count
1
-name
AssetImport
Successfully changed project path to: C:/Unity/Neon Horizon
C:/Unity/Neon Horizon
[UnityMemory] Configuration Parameters - Can be set up in boot.config
    "memorysetup-temp-allocator-size-nav-mesh-worker=65536"
    "memorysetup-temp-allocator-size-audio-worker=65536"
    "memorysetup-temp-allocator-size-gfx=262144"
    "memorysetup-allocator-temp-initial-block-size-main=262144"
    "memorysetup-allocator-temp-initial-block-size-worker=262144"
    "memorysetup-temp-allocator-size-background-worker=32768"
    "memorysetup-temp-allocator-size-job-worker=262144"
    "memorysetup-temp-allocator-size-preload-manager=33554432"
    "memorysetup-remapper-allocator-initial-capacity=32768"
    "memorysetup-temp-allocator-size-gi-baking-worker=262144"
    "memorysetup-temp-allocator-size-gi-baking-worker=262144"
    "memorysetup-temp-allocator-size-gi-baking-worker=262144"
    "memorysetup-temp-allocator-size-gi-baking-worker=262144"
    "memorysetup-temp-allocator-size-gi-baking-worker=262144"
    "memorysetup-bucket-allocator-granularity=16"
    "memorysetup-bucket-allocator-bucket-count=8"
    "memorysetup-bucket-allocator-block-size=33554432"
    "memorysetup-bucket-allocator-block-count=8"
    "memorysetup-main-allocator-block-size=16777216"
    "memorysetup-thread-allocator-block-size=16777216"
    "memorysetup-gfx-main-allocator-block-size=16777216"
    "memorysetup-gfx-thread-allocator-block-size=16777216"
    "memorysetup-cache-allocator-block-size=4194304"
    "memorysetup-typetree-allocator-block-size=2097152"
    "memorysetup-profiler-bucket-allocator-granularity=16"
    "memorysetup-profiler-bucket-allocator-bucket-count=8"
    "memorysetup-profiler-bucket-allocator-block-size=33554432"
    "memorysetup-profiler-bucket-allocator-block-count=8"
    "memorysetup-profiler-allocator-block-size=16777216"
    "memorysetup-profiler-editor-allocator-block-size=1048576"
    "memorysetup-temp-allocator-size-main=16777216"
    "memorysetup-job-temp-allocator-block-size=2097152"
    "memorysetup-job-temp-allocator-block-size-background=1048576"
    "memorysetup-job-temp-allocator-reduction-small-platforms=262144"
    "memorysetup-temp-allocator-size-cloud-worker=32768"
[Licensing::Client] Code 10 while verifying Licensing Client signature (process Id: 17224, path: "C:/Program Files/Unity Hub/UnityLicensingClient_V1/Unity.Licensing.Client.exe")
[Licensing::Module] LicensingClient has failed validation; ignoring
Player connection [21908]  Target information:

Player connection [21908]  * "[IP] 192.168.10.168 [Port] 0 [Flags] 2 [Guid] 743129136 [EditorId] 743129136 [Version] 1048832 [Id] WindowsEditor(7,WIN-OFTAFMSO75S) [Debug] 1 [PackageName] WindowsEditor [ProjectName] Editor" 

[Licensing::Client] Handshaking with LicensingClient:
  Version:                 1.18.3+d7ffd15
  Session Id:              16fd19dec1054fcd9c41b858260d8adc
  Correlation Id:          a255e677bf57437d888f1699006a97f9
  External correlation Id: 7515890097308065265
  Machine Id:              +OAQAnJ7Z6ADVfkzKEIIzVA0kc8=
[Licensing::Module] Successfully connected to LicensingClient on channel: "LicenseClient-alexf" (connect: 0.00s, validation: 0.00s, handshake: 0.18s)
[Licensing::IpcConnector] Successfully connected to: "LicenseClient-alexf-notifications" at "2026-09-29T10:02:31.4921831Z"
[Licensing::Module] Licensing Background thread has ended after 0.19s
Player connection [21908] Host joined multi-casting on [225.0.0.222:54997]...
Player connection [21908] Host joined alternative multi-casting on [225.0.0.222:34997]...
JobSystem: Creating JobQueue using job-worker-count value 5
Input System module state changed to: Initialized.
[Physics::Module] Initialized fallback backend.
[Physics::Module] Id: 0xdecafbad
Library Redirect Path: Library/
[Physics::Module] Selected backend.
[Physics::Module] Name: PhysX
[Physics::Module] Id: 0xf2b8ea05
[Physics::Module] SDK Version: 4.1.2
[Physics::Module] Integration Version: 1.0.0
[Physics::Module] Threading Mode: Multi-Threaded
Refreshing native plugins compatible for Editor in 198.88 ms, found 5 plugins.
Preloading 1 native plugins for Editor in 1.53 ms.
Initialize engine version: 6000.3.23f1 (09d2ecc7fb28)
[Subsystems] Discovering subsystems at path C:/Program Files/Unity/Hub/Editor/6000.3.23f1/Editor/Data/Resources/UnitySubsystems
[Subsystems] Discovering subsystems at path C:/Unity/Neon Horizon/Assets
GfxDevice: creating device client; kGfxThreadingModeNonThreaded
d3d12: failed to query info queue interface (0x80004002).
Direct3D:
    Version:         Direct3D 12 [level 12.1]
    Renderer:        AMD Radeon (TM) Graphics (ID=0x15e7)
    Vendor:          ATI
    VRAM:            7887 MB
    App VRAM Budget: 7707 MB
    Driver:          31.0.12042.4
    Unified Memory Architecture
Initialize mono
Mono path[0] = 'C:/Program Files/Unity/Hub/Editor/6000.3.23f1/Editor/Data/Managed'
Mono path[1] = 'C:/Program Files/Unity/Hub/Editor/6000.3.23f1/Editor/Data/MonoBleedingEdge/lib/mono/unityjit-win32'
Mono config path = 'C:/Program Files/Unity/Hub/Editor/6000.3.23f1/Editor/Data/MonoBleedingEdge/etc'
Using monoOptions --debugger-agent=transport=dt_socket,embedding=1,server=y,suspend=n,address=127.0.0.1:56872
Begin MonoManager ReloadAssembly
Registering precompiled unity dll's ...
Register platform support module: C:/Program Files/Unity/Hub/Editor/6000.3.23f1/Editor/Data/PlaybackEngines/WindowsStandaloneSupport/UnityEditor.WindowsStandalone.Extensions.dll
Registered in 0.003364 seconds.
- Loaded All Assemblies, in 12.389 seconds
Native extension for WindowsStandalone target not found
Package Manager log level set to [2]
[Package Manager] Failed to launch server process. Reason: Unity was launched with the -noUpm command-line argument
[Package Manager] Unable to send message (not connected to server process).
[Package Manager] Cannot connect to Unity Package Manager local server
ScheduleIndexationOnStartup MainProcess:False IndexOnStartup:True
Mono: successfully reloaded assembly
- Finished resetting the current domain, in  1.143 seconds
Domain Reload Profiling: 13528ms
	BeginReloadAssembly (9875ms)
		ExecutionOrderSort (0ms)
		DisableScriptedObjects (0ms)
		BackupInstance (0ms)
		ReleaseScriptingObjects (0ms)
		CreateAndSetChildDomain (1ms)
	RebuildCommonClasses (919ms)
	RebuildNativeTypeToScriptingClass (37ms)
	initialDomainReloadingComplete (107ms)
	LoadAllAssembliesAndSetupDomain (1445ms)
		LoadAssemblies (9873ms)
		RebuildTransferFunctionScriptingTraits (0ms)
		AnalyzeDomain (1437ms)
			TypeCache.Refresh (1435ms)
				TypeCache.ScanAssembly (1087ms)
			BuildScriptInfoCaches (0ms)
			ResolveRequiredComponents (1ms)
	FinalizeReload (1145ms)
		ReleaseScriptCaches (0ms)
		RebuildScriptCaches (0ms)
		SetupLoadedEditorAssemblies (1003ms)
			LogAssemblyErrors (0ms)
			InitializePlatformSupportModulesInManaged (200ms)
			SetLoadedEditorAssemblies (11ms)
			BeforeProcessingInitializeOnLoad (219ms)
			ProcessInitializeOnLoadAttributes (303ms)
			ProcessInitializeOnLoadMethodAttributes (270ms)
			AfterProcessingInitializeOnLoad (0ms)
			EditorAssembliesLoaded (0ms)
		ExecutionOrderSort2 (0ms)
		AwakeInstancesAfterBackupRestoration (0ms)
[Licensing::Client] Successfully resolved entitlement details
[Licensing::Module] License group:
  Id: 10171583763260-UnityPersXXXX
  Product: Unity Personal
  Type: Assigned
  Expiration: Unlimited
========================================================================
Worker process is ready to serve import requests
Import Worker Mode flag is 0x00
Begin MonoManager ReloadAssembly
Symbol file LoadedFromMemory is not a mono symbol file
Symbol file LoadedFromMemory is not a mono symbol file
- Loaded All Assemblies, in 10.551 seconds
Refreshing native plugins compatible for Editor in 4.21 ms, found 5 plugins.
Native extension for WindowsStandalone target not found
[Package Manager] Failed to launch server process. Reason: Unity was launched with the -noUpm command-line argument
[Package Manager] Unable to send message (not connected to server process).
[Package Manager] Cannot connect to Unity Package Manager local server
Refreshing native plugins compatible for Editor in 4.46 ms, found 5 plugins.
[Package Manager] Failed to launch server process. Reason: Unity was launched with the -noUpm command-line argument
[Package Manager] Unable to send message (not connected to server process).
[Package Manager] Cannot connect to Unity Package Manager local server
[MODES] ModeService[none].Initialize
[MODES] ModeService[none].LoadModes
[MODES] Loading mode Default (0) for mode-current-id-Neon Horizon
[Licensing::Client] Error: Code 404 while processing request (status: Found 0 entitlement groups and 0 free entitlements matching requested entitlement ids)
ScheduleIndexationOnStartup MainProcess:False IndexOnStartup:True
Mono: successfully reloaded assembly
- Finished resetting the current domain, in  2.731 seconds
Domain Reload Profiling: 13272ms
	BeginReloadAssembly (254ms)
		ExecutionOrderSort (0ms)
		DisableScriptedObjects (8ms)
		BackupInstance (0ms)
		ReleaseScriptingObjects (0ms)
		CreateAndSetChildDomain (40ms)
	RebuildCommonClasses (53ms)
	RebuildNativeTypeToScriptingClass (14ms)
	initialDomainReloadingComplete (98ms)
	LoadAllAssembliesAndSetupDomain (10122ms)
		LoadAssemblies (9293ms)
		RebuildTransferFunctionScriptingTraits (0ms)
		AnalyzeDomain (975ms)
			TypeCache.Refresh (793ms)
				TypeCache.ScanAssembly (734ms)
			BuildScriptInfoCaches (158ms)
			ResolveRequiredComponents (12ms)
	FinalizeReload (2732ms)
		ReleaseScriptCaches (0ms)
		RebuildScriptCaches (0ms)
		SetupLoadedEditorAssemblies (2362ms)
			LogAssemblyErrors (0ms)
			InitializePlatformSupportModulesInManaged (2ms)
			SetLoadedEditorAssemblies (7ms)
			BeforeProcessingInitializeOnLoad (370ms)
			ProcessInitializeOnLoadAttributes (1504ms)
			ProcessInitializeOnLoadMethodAttributes (470ms)
			AfterProcessingInitializeOnLoad (9ms)
			EditorAssembliesLoaded (1ms)
		ExecutionOrderSort2 (0ms)
		AwakeInstancesAfterBackupRestoration (9ms)
Launched and connected shader compiler UnityShaderCompiler.exe after 0.02 seconds
Refreshing native plugins compatible for Editor in 4.70 ms, found 5 plugins.
Preloading 1 native plugins for Editor in 0.13 ms.
Unloading 61 Unused Serialized files (Serialized files now loaded: 0)
Curl error 3: URL rejected: Malformed input to a URL function
Unloading 10685 unused Assets / (21.8 MB). Loaded Objects now: 11534.
Memory consumption went from 226.9 MB to 205.0 MB.
Total: 43.170800 ms (FindLiveObjects: 1.981700 ms CreateObjectMapping: 2.908300 ms MarkObjects: 28.171600 ms  DeleteObjects: 10.107500 ms)

========================================================================
Received Prepare
Begin MonoManager ReloadAssembly
Symbol file LoadedFromMemory is not a mono symbol file
Symbol file LoadedFromMemory is not a mono symbol file
- Loaded All Assemblies, in  2.364 seconds
Refreshing native plugins compatible for Editor in 5.31 ms, found 5 plugins.
Native extension for WindowsStandalone target not found
[Package Manager] Failed to launch server process. Reason: Unity was launched with the -noUpm command-line argument
[Package Manager] Unable to send message (not connected to server process).
[Package Manager] Cannot connect to Unity Package Manager local server
Refreshing native plugins compatible for Editor in 4.95 ms, found 5 plugins.
[Package Manager] Failed to launch server process. Reason: Unity was launched with the -noUpm command-line argument
[Package Manager] Unable to send message (not connected to server process).
[Package Manager] Cannot connect to Unity Package Manager local server
[MODES] ModeService[none].Initialize
[MODES] ModeService[none].LoadModes
[Licensing::Client] Error: Code 404 while processing request (status: Found 0 entitlement groups and 0 free entitlements matching requested entitlement ids)
ScheduleIndexationOnStartup MainProcess:False IndexOnStartup:True
Mono: successfully reloaded assembly
- Finished resetting the current domain, in  2.611 seconds
Domain Reload Profiling: 4975ms
	BeginReloadAssembly (458ms)
		ExecutionOrderSort (0ms)
		DisableScriptedObjects (11ms)
		BackupInstance (0ms)
		ReleaseScriptingObjects (1ms)
		CreateAndSetChildDomain (150ms)
	RebuildCommonClasses (74ms)
	RebuildNativeTypeToScriptingClass (20ms)
	initialDomainReloadingComplete (103ms)
	LoadAllAssembliesAndSetupDomain (1709ms)
		LoadAssemblies (1067ms)
		RebuildTransferFunctionScriptingTraits (0ms)
		AnalyzeDomain (821ms)
			TypeCache.Refresh (28ms)
				TypeCache.ScanAssembly (0ms)
			BuildScriptInfoCaches (770ms)
			ResolveRequiredComponents (13ms)
	FinalizeReload (2612ms)
		ReleaseScriptCaches (0ms)
		RebuildScriptCaches (0ms)
		SetupLoadedEditorAssemblies (2247ms)
			LogAssemblyErrors (0ms)
			InitializePlatformSupportModulesInManaged (2ms)
			SetLoadedEditorAssemblies (11ms)
			BeforeProcessingInitializeOnLoad (457ms)
			ProcessInitializeOnLoadAttributes (1291ms)
			ProcessInitializeOnLoadMethodAttributes (479ms)
			AfterProcessingInitializeOnLoad (7ms)
			EditorAssembliesLoaded (1ms)
		ExecutionOrderSort2 (0ms)
		AwakeInstancesAfterBackupRestoration (16ms)
Refreshing native plugins compatible for Editor in 4.32 ms, found 5 plugins.
Preloading 1 native plugins for Editor in 0.08 ms.
Unloading 61 Unused Serialized files (Serialized files now loaded: 0)
Unloading 10681 unused Assets / (21.8 MB). Loaded Objects now: 11549.
Memory consumption went from 231.4 MB to 209.6 MB.
Total: 28.723400 ms (FindLiveObjects: 1.299300 ms CreateObjectMapping: 0.951300 ms MarkObjects: 17.759100 ms  DeleteObjects: 8.711600 ms)

Prepare: number of updated asset objects reloaded= 0
========================================================================
Received Prepare
Refreshing native plugins compatible for Editor in 3.88 ms, found 5 plugins.
Preloading 1 native plugins for Editor in 0.09 ms.
Unloading 61 Unused Serialized files (Serialized files now loaded: 0)
Unloading 10661 unused Assets / (23.5 MB). Loaded Objects now: 11549.
Memory consumption went from 235.4 MB to 211.9 MB.
Total: 38.073800 ms (FindLiveObjects: 1.356900 ms CreateObjectMapping: 1.225500 ms MarkObjects: 26.390200 ms  DeleteObjects: 9.099700 ms)

Prepare: number of updated asset objects reloaded= 0
========================================================================
Received Import Request.
  Time since last request: 1401695.521492 seconds.
  path: Assets/!_Project/Scripts/SceneSwitcher.cs
  artifactKey: Guid(cd2cc5423c8e4c64fbc476e6bed74ecb) Importer(815301076,1909f56bfc062723c751e8b465ee728b)
Start importing Assets/!_Project/Scripts/SceneSwitcher.cs using Guid(cd2cc5423c8e4c64fbc476e6bed74ecb) Importer(815301076,1909f56bfc062723c751e8b465ee728b) (PreviewImporter) -> (artifact id: 'b86390d263a8fd25ed30b3ccbac5a954') in 0.0096958 seconds
Number of updated asset objects reloaded before import = 0Number of asset objects unloaded after import = 0

========================================================================
Received Prepare
Begin MonoManager ReloadAssembly
Symbol file LoadedFromMemory is not a mono symbol file
Symbol file LoadedFromMemory is not a mono symbol file
- Loaded All Assemblies, in  1.461 seconds
Refreshing native plugins compatible for Editor in 3.69 ms, found 5 plugins.
Native extension for WindowsStandalone target not found
[Package Manager] Failed to launch server process. Reason: Unity was launched with the -noUpm command-line argument
[Package Manager] Unable to send message (not connected to server process).
[Package Manager] Cannot connect to Unity Package Manager local server
[Licensing::Client] Successfully resolved entitlement details
Refreshing native plugins compatible for Editor in 3.99 ms, found 5 plugins.
[Package Manager] Failed to launch server process. Reason: Unity was launched with the -noUpm command-line argument
[Package Manager] Unable to send message (not connected to server process).
[Package Manager] Cannot connect to Unity Package Manager local server
[MODES] ModeService[none].Initialize
[MODES] ModeService[none].LoadModes
[Licensing::Client] Error: Code 404 while processing request (status: Found 0 entitlement groups and 0 free entitlements matching requested entitlement ids)
ScheduleIndexationOnStartup MainProcess:False IndexOnStartup:True
Mono: successfully reloaded assembly
- Finished resetting the current domain, in  1.894 seconds
Domain Reload Profiling: 3356ms
	BeginReloadAssembly (372ms)
		ExecutionOrderSort (0ms)
		DisableScriptedObjects (10ms)
		BackupInstance (0ms)
		ReleaseScriptingObjects (0ms)
		CreateAndSetChildDomain (133ms)
	RebuildCommonClasses (45ms)
	RebuildNativeTypeToScriptingClass (13ms)
	initialDomainReloadingComplete (63ms)
	LoadAllAssembliesAndSetupDomain (968ms)
		LoadAssemblies (676ms)
		RebuildTransferFunctionScriptingTraits (0ms)
		AnalyzeDomain (424ms)
			TypeCache.Refresh (19ms)
				TypeCache.ScanAssembly (0ms)
			BuildScriptInfoCaches (388ms)
			ResolveRequiredComponents (9ms)
	FinalizeReload (1895ms)
		ReleaseScriptCaches (0ms)
		RebuildScriptCaches (0ms)
		SetupLoadedEditorAssemblies (1674ms)
			LogAssemblyErrors (0ms)
			InitializePlatformSupportModulesInManaged (2ms)
			SetLoadedEditorAssemblies (11ms)
			BeforeProcessingInitializeOnLoad (274ms)
			ProcessInitializeOnLoadAttributes (916ms)
			ProcessInitializeOnLoadMethodAttributes (460ms)
			AfterProcessingInitializeOnLoad (10ms)
			EditorAssembliesLoaded (1ms)
		ExecutionOrderSort2 (0ms)
		AwakeInstancesAfterBackupRestoration (24ms)
Refreshing native plugins compatible for Editor in 3.08 ms, found 5 plugins.
Preloading 1 native plugins for Editor in 0.08 ms.
Unloading 61 Unused Serialized files (Serialized files now loaded: 0)
Unloading 10681 unused Assets / (21.4 MB). Loaded Objects now: 11554.
Memory consumption went from 232.2 MB to 210.9 MB.
Total: 27.742200 ms (FindLiveObjects: 1.539500 ms CreateObjectMapping: 1.340900 ms MarkObjects: 17.277800 ms  DeleteObjects: 7.582700 ms)

Prepare: number of updated asset objects reloaded= 0
========================================================================
Received Import Request.
  Time since last request: 68.176952 seconds.
  path: Assets/!_Project/Prefabs/SceneSwitcher.prefab
  artifactKey: Guid(cbd90389eb9a3b74099084fbc8992fc9) Importer(815301076,1909f56bfc062723c751e8b465ee728b)
Start importing Assets/!_Project/Prefabs/SceneSwitcher.prefab using Guid(cbd90389eb9a3b74099084fbc8992fc9) Importer(815301076,1909f56bfc062723c751e8b465ee728b) (PreviewImporter) -> (artifact id: '1705339b26d2a4f0755071c1d6713d3c') in 0.0365572 seconds
Number of updated asset objects reloaded before import = 0Number of asset objects unloaded after import = 5

========================================================================
Received Import Request.
  Time since last request: 65.744547 seconds.
  path: Assets/!_Project/Scenes/02_GameLevel.unity
  artifactKey: Guid(d9f48303c6dad8e41adf0703929f14c0) Importer(815301076,1909f56bfc062723c751e8b465ee728b)
Start importing Assets/!_Project/Scenes/02_GameLevel.unity using Guid(d9f48303c6dad8e41adf0703929f14c0) Importer(815301076,1909f56bfc062723c751e8b465ee728b) (PreviewImporter) -> (artifact id: '7474095761139e44aa6d47e1496c6e1d') in 0.0009903 seconds
Number of updated asset objects reloaded before import = 0Number of asset objects unloaded after import = 0

========================================================================
Received Prepare
Begin MonoManager ReloadAssembly
[Licensing::Client] Successfully resolved entitlement details
Symbol file LoadedFromMemory is not a mono symbol file
Symbol file LoadedFromMemory is not a mono symbol file
- Loaded All Assemblies, in  1.173 seconds
Refreshing native plugins compatible for Editor in 3.30 ms, found 5 plugins.
Native extension for WindowsStandalone target not found
[Package Manager] Failed to launch server process. Reason: Unity was launched with the -noUpm command-line argument
[Package Manager] Unable to send message (not connected to server process).
[Package Manager] Cannot connect to Unity Package Manager local server
Refreshing native plugins compatible for Editor in 4.65 ms, found 5 plugins.
[Package Manager] Failed to launch server process. Reason: Unity was launched with the -noUpm command-line argument
[Package Manager] Unable to send message (not connected to server process).
[Package Manager] Cannot connect to Unity Package Manager local server
[MODES] ModeService[none].Initialize
[MODES] ModeService[none].LoadModes
[Licensing::Client] Error: Code 404 while processing request (status: Found 0 entitlement groups and 0 free entitlements matching requested entitlement ids)
ScheduleIndexationOnStartup MainProcess:False IndexOnStartup:True
Mono: successfully reloaded assembly
- Finished resetting the current domain, in  2.036 seconds
Domain Reload Profiling: 3213ms
	BeginReloadAssembly (285ms)
		ExecutionOrderSort (0ms)
		DisableScriptedObjects (7ms)
		BackupInstance (0ms)
		ReleaseScriptingObjects (0ms)
		CreateAndSetChildDomain (104ms)
	RebuildCommonClasses (36ms)
	RebuildNativeTypeToScriptingClass (13ms)
	initialDomainReloadingComplete (57ms)
	LoadAllAssembliesAndSetupDomain (786ms)
		LoadAssemblies (545ms)
		RebuildTransferFunctionScriptingTraits (0ms)
		AnalyzeDomain (340ms)
			TypeCache.Refresh (15ms)
				TypeCache.ScanAssembly (0ms)
			BuildScriptInfoCaches (311ms)
			ResolveRequiredComponents (8ms)
	FinalizeReload (2037ms)
		ReleaseScriptCaches (0ms)
		RebuildScriptCaches (0ms)
		SetupLoadedEditorAssemblies (1840ms)
			LogAssemblyErrors (0ms)
			InitializePlatformSupportModulesInManaged (2ms)
			SetLoadedEditorAssemblies (7ms)
			BeforeProcessingInitializeOnLoad (234ms)
			ProcessInitializeOnLoadAttributes (915ms)
			ProcessInitializeOnLoadMethodAttributes (671ms)
			AfterProcessingInitializeOnLoad (9ms)
			EditorAssembliesLoaded (1ms)
		ExecutionOrderSort2 (0ms)
		AwakeInstancesAfterBackupRestoration (23ms)
Refreshing native plugins compatible for Editor in 3.58 ms, found 5 plugins.
Preloading 1 native plugins for Editor in 0.12 ms.
Unloading 61 Unused Serialized files (Serialized files now loaded: 0)
Unloading 10681 unused Assets / (20.8 MB). Loaded Objects now: 11558.
Memory consumption went from 232.3 MB to 211.5 MB.
Total: 29.877300 ms (FindLiveObjects: 1.506400 ms CreateObjectMapping: 1.690600 ms MarkObjects: 18.063400 ms  DeleteObjects: 8.615200 ms)

Prepare: number of updated asset objects reloaded= 0
========================================================================
Received Import Request.
  Time since last request: 605.704112 seconds.
  path: Assets/!_Project/Scenes/01_MainMenu.unity
  artifactKey: Guid(99c9720ab356a0642a771bea13969a05) Importer(815301076,1909f56bfc062723c751e8b465ee728b)
Start importing Assets/!_Project/Scenes/01_MainMenu.unity using Guid(99c9720ab356a0642a771bea13969a05) Importer(815301076,1909f56bfc062723c751e8b465ee728b) (PreviewImporter) -> (artifact id: 'c8c42fd73d8412fc1a16f209975ca794') in 0.0030391 seconds
Number of updated asset objects reloaded before import = 0Number of asset objects unloaded after import = 0

========================================================================
Received Import Request.
  Time since last request: 36.193055 seconds.
  path: Assets/!_Project/Scenes/02_GameLevel.unity
  artifactKey: Guid(d9f48303c6dad8e41adf0703929f14c0) Importer(815301076,1909f56bfc062723c751e8b465ee728b)
Start importing Assets/!_Project/Scenes/02_GameLevel.unity using Guid(d9f48303c6dad8e41adf0703929f14c0) Importer(815301076,1909f56bfc062723c751e8b465ee728b) (PreviewImporter) -> (artifact id: '82041954b0ba925bad3ba268f15e6adf') in 0.0012163 seconds
Number of updated asset objects reloaded before import = 0Number of asset objects unloaded after import = 0

========================================================================
Received Import Request.
  Time since last request: 671.582760 seconds.
  path: Assets/!_Project/Scripts/SceneSwitcher.cs
  artifactKey: Guid(cd2cc5423c8e4c64fbc476e6bed74ecb) Importer(2089858483,b0f066a214c2f5e87bad3c948f4d605d)
Start importing Assets/!_Project/Scripts/SceneSwitcher.cs using Guid(cd2cc5423c8e4c64fbc476e6bed74ecb) Importer(2089858483,b0f066a214c2f5e87bad3c948f4d605d) (ScriptedImporter) -> (artifact id: '85828f1f697f3c03eeba8140cc7d39b0') in 0.0973686 seconds
Number of updated asset objects reloaded before import = 0Number of asset objects unloaded after import = 0

========================================================================
Received Import Request.
  Time since last request: 0.000041 seconds.
  path: Assets/Thirdparty/Shield Shader FREE/Materials/Shield FX_10.mat
  artifactKey: Guid(cee33a37f4d23a749962887be9053bae) Importer(2089858483,b0f066a214c2f5e87bad3c948f4d605d)
Start importing Assets/Thirdparty/Shield Shader FREE/Materials/Shield FX_10.mat using Guid(cee33a37f4d23a749962887be9053bae) Importer(2089858483,b0f066a214c2f5e87bad3c948f4d605d) (ScriptedImporter) -> (artifact id: '78a4b2c90e1cbcd75f01e811736fe607') in 0.04849 seconds
Number of updated asset objects reloaded before import = 0Number of asset objects unloaded after import = 5

========================================================================
Received Import Request.
  Time since last request: 0.000074 seconds.
  path: Assets/Thirdparty/Shield Shader FREE/Materials/Shield FX_15.mat
  artifactKey: Guid(0b8539b196da54e4995eb151de770e4e) Importer(2089858483,b0f066a214c2f5e87bad3c948f4d605d)
Start importing Assets/Thirdparty/Shield Shader FREE/Materials/Shield FX_15.mat using Guid(0b8539b196da54e4995eb151de770e4e) Importer(2089858483,b0f066a214c2f5e87bad3c948f4d605d) (ScriptedImporter) -> (artifact id: 'a149afc3d176ca92e0114c6374931c93') in 0.0385276 seconds
Number of updated asset objects reloaded before import = 0Number of asset objects unloaded after import = 7

========================================================================
Received Import Request.
  Time since last request: 14.488595 seconds.
  path: Assets/!_Project/Scripts/PlayerDron
  artifactKey: Guid(539f3e0a357eeb94e9daa727aa780476) Importer(815301076,1909f56bfc062723c751e8b465ee728b)
Start importing Assets/!_Project/Scripts/PlayerDron using Guid(539f3e0a357eeb94e9daa727aa780476) Importer(815301076,1909f56bfc062723c751e8b465ee728b) (PreviewImporter) -> (artifact id: '84c495db57be39a5a07e7b08818cc6bd') in 0.0012935 seconds
Number of updated asset objects reloaded before import = 0Number of asset objects unloaded after import = 0

========================================================================
Received Import Request.
  Time since last request: 0.908049 seconds.
  path: Assets/!_Project/Scripts/PlayerDron
  artifactKey: Guid(539f3e0a357eeb94e9daa727aa780476) Importer(2089858483,b0f066a214c2f5e87bad3c948f4d605d)
Start importing Assets/!_Project/Scripts/PlayerDron using Guid(539f3e0a357eeb94e9daa727aa780476) Importer(2089858483,b0f066a214c2f5e87bad3c948f4d605d) (ScriptedImporter) -> (artifact id: '1d924ad734e1c18425d9173356bd2b28') in 0.0109015 seconds
Number of updated asset objects reloaded before import = 0Number of asset objects unloaded after import = 1

========================================================================
Received Prepare
Refreshing native plugins compatible for Editor in 4.40 ms, found 5 plugins.
Preloading 1 native plugins for Editor in 0.10 ms.
Unloading 61 Unused Serialized files (Serialized files now loaded: 0)
Unloading 10662 unused Assets / (22.2 MB). Loaded Objects now: 11559.
Memory consumption went from 232.5 MB to 210.2 MB.
Total: 44.927100 ms (FindLiveObjects: 2.308200 ms CreateObjectMapping: 2.663100 ms MarkObjects: 27.232300 ms  DeleteObjects: 12.722000 ms)

Prepare: number of updated asset objects reloaded= 0
========================================================================
Received Import Request.
  Time since last request: 31.544128 seconds.
  path: Assets/!_Project/Scripts/PlayerDron/ObjectMovement.cs
  artifactKey: Guid(0d76da73f68b1bb4fb6d71b864c3a764) Importer(2089858483,b0f066a214c2f5e87bad3c948f4d605d)
Start importing Assets/!_Project/Scripts/PlayerDron/ObjectMovement.cs using Guid(0d76da73f68b1bb4fb6d71b864c3a764) Importer(2089858483,b0f066a214c2f5e87bad3c948f4d605d) (ScriptedImporter) -> (artifact id: '4144f14b1ae692c86b4da0bb910545f8') in 0.0136651 seconds
Number of updated asset objects reloaded before import = 0Number of asset objects unloaded after import = 0

========================================================================
Received Prepare
Refreshing native plugins compatible for Editor in 4.32 ms, found 5 plugins.
Preloading 1 native plugins for Editor in 0.11 ms.
Unloading 61 Unused Serialized files (Serialized files now loaded: 0)
Unloading 10663 unused Assets / (21.9 MB). Loaded Objects now: 11560.
Memory consumption went from 232.5 MB to 210.6 MB.
Total: 43.396400 ms (FindLiveObjects: 2.265700 ms CreateObjectMapping: 3.285700 ms MarkObjects: 24.570700 ms  DeleteObjects: 13.272700 ms)

Prepare: number of updated asset objects reloaded= 0
========================================================================
Received Import Request.
  Time since last request: 5.814779 seconds.
  path: Assets/!_Project/Scripts/PlayerDron/GroundCheck.cs
  artifactKey: Guid(5ba71335f30fe6c42b75e878fa76ddc8) Importer(2089858483,b0f066a214c2f5e87bad3c948f4d605d)
Start importing Assets/!_Project/Scripts/PlayerDron/GroundCheck.cs using Guid(5ba71335f30fe6c42b75e878fa76ddc8) Importer(2089858483,b0f066a214c2f5e87bad3c948f4d605d) (ScriptedImporter) -> (artifact id: 'c0e3e58ac273ac192c699654fcc76218') in 0.0144198 seconds
Number of updated asset objects reloaded before import = 0Number of asset objects unloaded after import = 0

========================================================================
Received Prepare
Begin MonoManager ReloadAssembly
[Licensing::Client] Successfully resolved entitlement details
Symbol file LoadedFromMemory is not a mono symbol file
Symbol file LoadedFromMemory is not a mono symbol file
- Loaded All Assemblies, in  1.601 seconds
Refreshing native plugins compatible for Editor in 4.39 ms, found 5 plugins.
Native extension for WindowsStandalone target not found
[Package Manager] Failed to launch server process. Reason: Unity was launched with the -noUpm command-line argument
[Package Manager] Unable to send message (not connected to server process).
[Package Manager] Cannot connect to Unity Package Manager local server
Refreshing native plugins compatible for Editor in 5.71 ms, found 5 plugins.
[Package Manager] Failed to launch server process. Reason: Unity was launched with the -noUpm command-line argument
[Package Manager] Unable to send message (not connected to server process).
[Package Manager] Cannot connect to Unity Package Manager local server
[MODES] ModeService[none].Initialize
[MODES] ModeService[none].LoadModes
[Licensing::Client] Error: Code 404 while processing request (status: Found 0 entitlement groups and 0 free entitlements matching requested entitlement ids)
ScheduleIndexationOnStartup MainProcess:False IndexOnStartup:True
Mono: successfully reloaded assembly
- Finished resetting the current domain, in  2.545 seconds
Domain Reload Profiling: 4141ms
	BeginReloadAssembly (375ms)
		ExecutionOrderSort (0ms)
		DisableScriptedObjects (11ms)
		BackupInstance (0ms)
		ReleaseScriptingObjects (0ms)
		CreateAndSetChildDomain (140ms)
	RebuildCommonClasses (45ms)
	RebuildNativeTypeToScriptingClass (13ms)
	initialDomainReloadingComplete (85ms)
	LoadAllAssembliesAndSetupDomain (1076ms)
		LoadAssemblies (691ms)
		RebuildTransferFunctionScriptingTraits (0ms)
		AnalyzeDomain (515ms)
			TypeCache.Refresh (24ms)
				TypeCache.ScanAssembly (0ms)
			BuildScriptInfoCaches (470ms)
			ResolveRequiredComponents (12ms)
	FinalizeReload (2546ms)
		ReleaseScriptCaches (0ms)
		RebuildScriptCaches (0ms)
		SetupLoadedEditorAssemblies (2304ms)
			LogAssemblyErrors (0ms)
			InitializePlatformSupportModulesInManaged (2ms)
			SetLoadedEditorAssemblies (10ms)
			BeforeProcessingInitializeOnLoad (433ms)
			ProcessInitializeOnLoadAttributes (1255ms)
			ProcessInitializeOnLoadMethodAttributes (596ms)
			AfterProcessingInitializeOnLoad (7ms)
			EditorAssembliesLoaded (1ms)
		ExecutionOrderSort2 (0ms)
		AwakeInstancesAfterBackupRestoration (22ms)
Refreshing native plugins compatible for Editor in 5.00 ms, found 5 plugins.
Preloading 1 native plugins for Editor in 0.11 ms.
Unloading 61 Unused Serialized files (Serialized files now loaded: 0)
Unloading 10683 unused Assets / (21.3 MB). Loaded Objects now: 11563.
Memory consumption went from 232.4 MB to 211.1 MB.
Total: 76.427800 ms (FindLiveObjects: 2.322600 ms CreateObjectMapping: 2.582400 ms MarkObjects: 61.822500 ms  DeleteObjects: 9.698400 ms)

Prepare: number of updated asset objects reloaded= 0
========================================================================
Received Prepare
Refreshing native plugins compatible for Editor in 3.65 ms, found 5 plugins.
Preloading 1 native plugins for Editor in 0.09 ms.
Unloading 61 Unused Serialized files (Serialized files now loaded: 0)
Unloading 10664 unused Assets / (21.4 MB). Loaded Objects now: 11564.
Memory consumption went from 236.4 MB to 215.0 MB.
Total: 45.144600 ms (FindLiveObjects: 1.595500 ms CreateObjectMapping: 1.477300 ms MarkObjects: 30.680200 ms  DeleteObjects: 11.389900 ms)

Prepare: number of updated asset objects reloaded= 0
========================================================================
Received Prepare
Begin MonoManager ReloadAssembly
Symbol file LoadedFromMemory is not a mono symbol file
Symbol file LoadedFromMemory is not a mono symbol file
- Loaded All Assemblies, in  1.600 seconds
Refreshing native plugins compatible for Editor in 3.76 ms, found 5 plugins.
Native extension for WindowsStandalone target not found
[Package Manager] Failed to launch server process. Reason: Unity was launched with the -noUpm command-line argument
[Package Manager] Unable to send message (not connected to server process).
[Package Manager] Cannot connect to Unity Package Manager local server
Refreshing native plugins compatible for Editor in 4.45 ms, found 5 plugins.
[Package Manager] Failed to launch server process. Reason: Unity was launched with the -noUpm command-line argument
[Package Manager] Unable to send message (not connected to server process).
[Package Manager] Cannot connect to Unity Package Manager local server
[MODES] ModeService[none].Initialize
[MODES] ModeService[none].LoadModes
[Licensing::Client] Error: Code 404 while processing request (status: Found 0 entitlement groups and 0 free entitlements matching requested entitlement ids)
ScheduleIndexationOnStartup MainProcess:False IndexOnStartup:True
Mono: successfully reloaded assembly
- Finished resetting the current domain, in  2.699 seconds
Domain Reload Profiling: 4299ms
	BeginReloadAssembly (376ms)
		ExecutionOrderSort (0ms)
		DisableScriptedObjects (8ms)
		BackupInstance (0ms)
		ReleaseScriptingObjects (0ms)
		CreateAndSetChildDomain (146ms)
	RebuildCommonClasses (50ms)
	RebuildNativeTypeToScriptingClass (22ms)
	initialDomainReloadingComplete (75ms)
	LoadAllAssembliesAndSetupDomain (1077ms)
		LoadAssemblies (701ms)
		RebuildTransferFunctionScriptingTraits (0ms)
		AnalyzeDomain (508ms)
			TypeCache.Refresh (24ms)
				TypeCache.ScanAssembly (0ms)
			BuildScriptInfoCaches (466ms)
			ResolveRequiredComponents (10ms)
	FinalizeReload (2700ms)
		ReleaseScriptCaches (0ms)
		RebuildScriptCaches (0ms)
		SetupLoadedEditorAssemblies (2444ms)
			LogAssemblyErrors (0ms)
			InitializePlatformSupportModulesInManaged (2ms)
			SetLoadedEditorAssemblies (9ms)
			BeforeProcessingInitializeOnLoad (346ms)
			ProcessInitializeOnLoadAttributes (1324ms)
			ProcessInitializeOnLoadMethodAttributes (749ms)
			AfterProcessingInitializeOnLoad (13ms)
			EditorAssembliesLoaded (1ms)
		ExecutionOrderSort2 (0ms)
		AwakeInstancesAfterBackupRestoration (28ms)
Refreshing native plugins compatible for Editor in 3.89 ms, found 5 plugins.
Preloading 1 native plugins for Editor in 0.09 ms.
Unloading 61 Unused Serialized files (Serialized files now loaded: 0)
Unloading 10684 unused Assets / (21.6 MB). Loaded Objects now: 11567.
Memory consumption went from 240.3 MB to 218.6 MB.
Total: 51.651100 ms (FindLiveObjects: 2.499600 ms CreateObjectMapping: 2.270100 ms MarkObjects: 31.100000 ms  DeleteObjects: 15.777500 ms)

Prepare: number of updated asset objects reloaded= 0
========================================================================
Received Prepare
Refreshing native plugins compatible for Editor in 4.27 ms, found 5 plugins.
Preloading 1 native plugins for Editor in 0.11 ms.
Unloading 61 Unused Serialized files (Serialized files now loaded: 0)
Unloading 10665 unused Assets / (22.2 MB). Loaded Objects now: 11568.
Memory consumption went from 244.3 MB to 222.1 MB.
Total: 50.205000 ms (FindLiveObjects: 2.305300 ms CreateObjectMapping: 2.664300 ms MarkObjects: 29.920000 ms  DeleteObjects: 15.310700 ms)

Prepare: number of updated asset objects reloaded= 0
========================================================================
Received Import Request.
  Time since last request: 30.852822 seconds.
  path: Assets/!_Project/Scripts/PlayerDron/ObjectMovement.cs
  artifactKey: Guid(0d76da73f68b1bb4fb6d71b864c3a764) Importer(815301076,1909f56bfc062723c751e8b465ee728b)
Start importing Assets/!_Project/Scripts/PlayerDron/ObjectMovement.cs using Guid(0d76da73f68b1bb4fb6d71b864c3a764) Importer(815301076,1909f56bfc062723c751e8b465ee728b) (PreviewImporter) -> (artifact id: 'e1fc357c63a6e5100b4d4f5cf0a2f70c') in 0.0020492 seconds
Number of updated asset objects reloaded before import = 0Number of asset objects unloaded after import = 0

========================================================================
Received Prepare
Refreshing native plugins compatible for Editor in 4.80 ms, found 5 plugins.
Preloading 1 native plugins for Editor in 0.13 ms.
Unloading 61 Unused Serialized files (Serialized files now loaded: 0)
Unloading 10665 unused Assets / (21.0 MB). Loaded Objects now: 11568.
Memory consumption went from 232.5 MB to 211.5 MB.
Total: 44.602000 ms (FindLiveObjects: 2.149800 ms CreateObjectMapping: 2.452200 ms MarkObjects: 28.178000 ms  DeleteObjects: 11.818400 ms)

Prepare: number of updated asset objects reloaded= 0
========================================================================
Received Import Request.
  Time since last request: 225.331198 seconds.
  path: Assets/!_Project/Scripts/PlayerDron/BallController.cs
  artifactKey: Guid(b57d6d37008b1ed469f4dd0dd4ee0f10) Importer(815301076,1909f56bfc062723c751e8b465ee728b)
Start importing Assets/!_Project/Scripts/PlayerDron/BallController.cs using Guid(b57d6d37008b1ed469f4dd0dd4ee0f10) Importer(815301076,1909f56bfc062723c751e8b465ee728b) (PreviewImporter) -> (artifact id: '59b2406728547d7bd24234c1decc35ec') in 0.0009495 seconds
Number of updated asset objects reloaded before import = 0Number of asset objects unloaded after import = 0

========================================================================
Received Import Request.
  Time since last request: 0.828623 seconds.
  path: Assets/!_Project/Scripts/PlayerDron/GroundCheck.cs
  artifactKey: Guid(5ba71335f30fe6c42b75e878fa76ddc8) Importer(815301076,1909f56bfc062723c751e8b465ee728b)
Start importing Assets/!_Project/Scripts/PlayerDron/GroundCheck.cs using Guid(5ba71335f30fe6c42b75e878fa76ddc8) Importer(815301076,1909f56bfc062723c751e8b465ee728b) (PreviewImporter) -> (artifact id: '7c5708fca65c539f6be33cbc1588d996') in 0.0009399 seconds
Number of updated asset objects reloaded before import = 0Number of asset objects unloaded after import = 0

========================================================================
Received Import Request.
  Time since last request: 0.815207 seconds.
  path: Assets/!_Project/Scripts/PlayerDron/CameraOrbit.cs
  artifactKey: Guid(1374b6fa5b0a47d4a95acc61fa600915) Importer(815301076,1909f56bfc062723c751e8b465ee728b)
Start importing Assets/!_Project/Scripts/PlayerDron/CameraOrbit.cs using Guid(1374b6fa5b0a47d4a95acc61fa600915) Importer(815301076,1909f56bfc062723c751e8b465ee728b) (PreviewImporter) -> (artifact id: 'b22b9b0ca6cc45d239c2b592cfbd4f35') in 0.0009288 seconds
Number of updated asset objects reloaded before import = 0Number of asset objects unloaded after import = 0

========================================================================
Received Prepare
Refreshing native plugins compatible for Editor in 4.36 ms, found 5 plugins.
Preloading 1 native plugins for Editor in 0.11 ms.
Unloading 61 Unused Serialized files (Serialized files now loaded: 0)
Unloading 10665 unused Assets / (21.0 MB). Loaded Objects now: 11568.
Memory consumption went from 232.5 MB to 211.5 MB.
Total: 95.821900 ms (FindLiveObjects: 2.830400 ms CreateObjectMapping: 3.649800 ms MarkObjects: 35.791500 ms  DeleteObjects: 53.548000 ms)

Prepare: number of updated asset objects reloaded= 0
========================================================================
Received Prepare
Begin MonoManager ReloadAssembly
[Licensing::Client] Successfully resolved entitlement details
Symbol file LoadedFromMemory is not a mono symbol file
Symbol file LoadedFromMemory is not a mono symbol file
- Loaded All Assemblies, in  1.570 seconds
Refreshing native plugins compatible for Editor in 3.61 ms, found 5 plugins.
Native extension for WindowsStandalone target not found
[Package Manager] Failed to launch server process. Reason: Unity was launched with the -noUpm command-line argument
[Package Manager] Unable to send message (not connected to server process).
[Package Manager] Cannot connect to Unity Package Manager local server
Refreshing native plugins compatible for Editor in 3.97 ms, found 5 plugins.
[Package Manager] Failed to launch server process. Reason: Unity was launched with the -noUpm command-line argument
[Package Manager] Unable to send message (not connected to server process).
[Package Manager] Cannot connect to Unity Package Manager local server
[MODES] ModeService[none].Initialize
[MODES] ModeService[none].LoadModes
[Licensing::Client] Error: Code 404 while processing request (status: Found 0 entitlement groups and 0 free entitlements matching requested entitlement ids)
ScheduleIndexationOnStartup MainProcess:False IndexOnStartup:True
Mono: successfully reloaded assembly
- Finished resetting the current domain, in  1.841 seconds
Domain Reload Profiling: 3411ms
	BeginReloadAssembly (394ms)
		ExecutionOrderSort (0ms)
		DisableScriptedObjects (10ms)
		BackupInstance (0ms)
		ReleaseScriptingObjects (0ms)
		CreateAndSetChildDomain (152ms)
	RebuildCommonClasses (44ms)
	RebuildNativeTypeToScriptingClass (22ms)
	initialDomainReloadingComplete (80ms)
	LoadAllAssembliesAndSetupDomain (1029ms)
		LoadAssemblies (693ms)
		RebuildTransferFunctionScriptingTraits (0ms)
		AnalyzeDomain (465ms)
			TypeCache.Refresh (21ms)
				TypeCache.ScanAssembly (0ms)
			BuildScriptInfoCaches (422ms)
			ResolveRequiredComponents (13ms)
	FinalizeReload (1841ms)
		ReleaseScriptCaches (0ms)
		RebuildScriptCaches (0ms)
		SetupLoadedEditorAssemblies (1611ms)
			LogAssemblyErrors (0ms)
			InitializePlatformSupportModulesInManaged (2ms)
			SetLoadedEditorAssemblies (8ms)
			BeforeProcessingInitializeOnLoad (245ms)
			ProcessInitializeOnLoadAttributes (856ms)
			ProcessInitializeOnLoadMethodAttributes (491ms)
			AfterProcessingInitializeOnLoad (8ms)
			EditorAssembliesLoaded (1ms)
		ExecutionOrderSort2 (0ms)
		AwakeInstancesAfterBackupRestoration (20ms)
Refreshing native plugins compatible for Editor in 3.22 ms, found 5 plugins.
Preloading 1 native plugins for Editor in 0.08 ms.
Unloading 61 Unused Serialized files (Serialized files now loaded: 0)
Unloading 10685 unused Assets / (21.2 MB). Loaded Objects now: 11571.
Memory consumption went from 236.5 MB to 215.3 MB.
Total: 36.614100 ms (FindLiveObjects: 1.366400 ms CreateObjectMapping: 1.180200 ms MarkObjects: 22.714300 ms  DeleteObjects: 11.351000 ms)

Prepare: number of updated asset objects reloaded= 0
========================================================================
Received Prepare
Refreshing native plugins compatible for Editor in 5.54 ms, found 5 plugins.
Preloading 1 native plugins for Editor in 0.11 ms.
Unloading 61 Unused Serialized files (Serialized files now loaded: 0)
Unloading 10665 unused Assets / (22.5 MB). Loaded Objects now: 11571.
Memory consumption went from 240.5 MB to 218.0 MB.
Total: 94.138100 ms (FindLiveObjects: 2.780300 ms CreateObjectMapping: 3.863500 ms MarkObjects: 31.262500 ms  DeleteObjects: 56.228500 ms)

Prepare: number of updated asset objects reloaded= 0
========================================================================
Received Prepare
Begin MonoManager ReloadAssembly
[Licensing::Client] Successfully resolved entitlement details
Symbol file LoadedFromMemory is not a mono symbol file
Symbol file LoadedFromMemory is not a mono symbol file
- Loaded All Assemblies, in  1.566 seconds
Refreshing native plugins compatible for Editor in 3.54 ms, found 5 plugins.
Native extension for WindowsStandalone target not found
[Package Manager] Failed to launch server process. Reason: Unity was launched with the -noUpm command-line argument
[Package Manager] Unable to send message (not connected to server process).
[Package Manager] Cannot connect to Unity Package Manager local server
Refreshing native plugins compatible for Editor in 3.27 ms, found 5 plugins.
[Package Manager] Failed to launch server process. Reason: Unity was launched with the -noUpm command-line argument
[Package Manager] Unable to send message (not connected to server process).
[Package Manager] Cannot connect to Unity Package Manager local server
[MODES] ModeService[none].Initialize
[MODES] ModeService[none].LoadModes
[Licensing::Client] Error: Code 404 while processing request (status: Found 0 entitlement groups and 0 free entitlements matching requested entitlement ids)
ScheduleIndexationOnStartup MainProcess:False IndexOnStartup:True
Mono: successfully reloaded assembly
- Finished resetting the current domain, in  1.893 seconds
Domain Reload Profiling: 3458ms
	BeginReloadAssembly (412ms)
		ExecutionOrderSort (0ms)
		DisableScriptedObjects (9ms)
		BackupInstance (0ms)
		ReleaseScriptingObjects (0ms)
		CreateAndSetChildDomain (158ms)
	RebuildCommonClasses (48ms)
	RebuildNativeTypeToScriptingClass (23ms)
	initialDomainReloadingComplete (85ms)
	LoadAllAssembliesAndSetupDomain (998ms)
		LoadAssemblies (646ms)
		RebuildTransferFunctionScriptingTraits (0ms)
		AnalyzeDomain (495ms)
			TypeCache.Refresh (18ms)
				TypeCache.ScanAssembly (0ms)
			BuildScriptInfoCaches (459ms)
			ResolveRequiredComponents (9ms)
	FinalizeReload (1893ms)
		ReleaseScriptCaches (0ms)
		RebuildScriptCaches (0ms)
		SetupLoadedEditorAssemblies (1644ms)
			LogAssemblyErrors (0ms)
			InitializePlatformSupportModulesInManaged (2ms)
			SetLoadedEditorAssemblies (8ms)
			BeforeProcessingInitializeOnLoad (290ms)
			ProcessInitializeOnLoadAttributes (883ms)
			ProcessInitializeOnLoadMethodAttributes (452ms)
			AfterProcessingInitializeOnLoad (7ms)
			EditorAssembliesLoaded (1ms)
		ExecutionOrderSort2 (0ms)
		AwakeInstancesAfterBackupRestoration (19ms)
Refreshing native plugins compatible for Editor in 3.15 ms, found 5 plugins.
Preloading 1 native plugins for Editor in 0.08 ms.
Unloading 61 Unused Serialized files (Serialized files now loaded: 0)
Unloading 10685 unused Assets / (21.3 MB). Loaded Objects now: 11574.
Memory consumption went from 244.4 MB to 223.2 MB.
Total: 27.420300 ms (FindLiveObjects: 1.396000 ms CreateObjectMapping: 1.309900 ms MarkObjects: 16.611900 ms  DeleteObjects: 8.100900 ms)

Prepare: number of updated asset objects reloaded= 0
========================================================================
Received Prepare
Begin MonoManager ReloadAssembly
[Licensing::Client] Successfully resolved entitlement details
Symbol file LoadedFromMemory is not a mono symbol file
Symbol file LoadedFromMemory is not a mono symbol file
- Loaded All Assemblies, in  1.166 seconds
Refreshing native plugins compatible for Editor in 3.22 ms, found 5 plugins.
Native extension for WindowsStandalone target not found
[Package Manager] Failed to launch server process. Reason: Unity was launched with the -noUpm command-line argument
[Package Manager] Unable to send message (not connected to server process).
[Package Manager] Cannot connect to Unity Package Manager local server
Refreshing native plugins compatible for Editor in 3.27 ms, found 5 plugins.
[Package Manager] Failed to launch server process. Reason: Unity was launched with the -noUpm command-line argument
[Package Manager] Unable to send message (not connected to server process).
[Package Manager] Cannot connect to Unity Package Manager local server
[MODES] ModeService[none].Initialize
[MODES] ModeService[none].LoadModes
[Licensing::Client] Error: Code 404 while processing request (status: Found 0 entitlement groups and 0 free entitlements matching requested entitlement ids)
ScheduleIndexationOnStartup MainProcess:False IndexOnStartup:True
Mono: successfully reloaded assembly
- Finished resetting the current domain, in  1.764 seconds
Domain Reload Profiling: 2935ms
	BeginReloadAssembly (285ms)
		ExecutionOrderSort (0ms)
		DisableScriptedObjects (7ms)
		BackupInstance (0ms)
		ReleaseScriptingObjects (0ms)
		CreateAndSetChildDomain (106ms)
	RebuildCommonClasses (36ms)
	RebuildNativeTypeToScriptingClass (13ms)
	initialDomainReloadingComplete (59ms)
	LoadAllAssembliesAndSetupDomain (777ms)
		LoadAssemblies (521ms)
		RebuildTransferFunctionScriptingTraits (0ms)
		AnalyzeDomain (353ms)
			TypeCache.Refresh (13ms)
				TypeCache.ScanAssembly (0ms)
			BuildScriptInfoCaches (322ms)
			ResolveRequiredComponents (8ms)
	FinalizeReload (1764ms)
		ReleaseScriptCaches (0ms)
		RebuildScriptCaches (0ms)
		SetupLoadedEditorAssemblies (1571ms)
			LogAssemblyErrors (0ms)
			InitializePlatformSupportModulesInManaged (2ms)
			SetLoadedEditorAssemblies (7ms)
			BeforeProcessingInitializeOnLoad (274ms)
			ProcessInitializeOnLoadAttributes (830ms)
			ProcessInitializeOnLoadMethodAttributes (448ms)
			AfterProcessingInitializeOnLoad (9ms)
			EditorAssembliesLoaded (1ms)
		ExecutionOrderSort2 (0ms)
		AwakeInstancesAfterBackupRestoration (17ms)
Refreshing native plugins compatible for Editor in 3.02 ms, found 5 plugins.
Preloading 1 native plugins for Editor in 0.08 ms.
Unloading 61 Unused Serialized files (Serialized files now loaded: 0)
Unloading 10685 unused Assets / (21.6 MB). Loaded Objects now: 11577.
Memory consumption went from 248.4 MB to 226.9 MB.
Total: 42.497300 ms (FindLiveObjects: 1.403100 ms CreateObjectMapping: 1.626500 ms MarkObjects: 23.744300 ms  DeleteObjects: 15.719800 ms)

Prepare: number of updated asset objects reloaded= 0
========================================================================
Received Prepare
Begin MonoManager ReloadAssembly
Symbol file LoadedFromMemory is not a mono symbol file
Symbol file LoadedFromMemory is not a mono symbol file
- Loaded All Assemblies, in  1.198 seconds
Refreshing native plugins compatible for Editor in 2.91 ms, found 5 plugins.
Native extension for WindowsStandalone target not found
[Package Manager] Failed to launch server process. Reason: Unity was launched with the -noUpm command-line argument
[Package Manager] Unable to send message (not connected to server process).
[Package Manager] Cannot connect to Unity Package Manager local server
Refreshing native plugins compatible for Editor in 4.33 ms, found 5 plugins.
[Package Manager] Failed to launch server process. Reason: Unity was launched with the -noUpm command-line argument
[Package Manager] Unable to send message (not connected to server process).
[Package Manager] Cannot connect to Unity Package Manager local server
[MODES] ModeService[none].Initialize
[MODES] ModeService[none].LoadModes
[Licensing::Client] Error: Code 404 while processing request (status: Found 0 entitlement groups and 0 free entitlements matching requested entitlement ids)
ScheduleIndexationOnStartup MainProcess:False IndexOnStartup:True
Mono: successfully reloaded assembly
- Finished resetting the current domain, in  2.240 seconds
Domain Reload Profiling: 3442ms
	BeginReloadAssembly (281ms)
		ExecutionOrderSort (0ms)
		DisableScriptedObjects (6ms)
		BackupInstance (0ms)
		ReleaseScriptingObjects (0ms)
		CreateAndSetChildDomain (102ms)
	RebuildCommonClasses (38ms)
	RebuildNativeTypeToScriptingClass (13ms)
	initialDomainReloadingComplete (65ms)
	LoadAllAssembliesAndSetupDomain (804ms)
		LoadAssemblies (553ms)
		RebuildTransferFunctionScriptingTraits (0ms)
		AnalyzeDomain (351ms)
			TypeCache.Refresh (14ms)
				TypeCache.ScanAssembly (0ms)
			BuildScriptInfoCaches (320ms)
			ResolveRequiredComponents (8ms)
	FinalizeReload (2241ms)
		ReleaseScriptCaches (0ms)
		RebuildScriptCaches (0ms)
		SetupLoadedEditorAssemblies (2031ms)
			LogAssemblyErrors (0ms)
			InitializePlatformSupportModulesInManaged (2ms)
			SetLoadedEditorAssemblies (6ms)
			BeforeProcessingInitializeOnLoad (248ms)
			ProcessInitializeOnLoadAttributes (1125ms)
			ProcessInitializeOnLoadMethodAttributes (639ms)
			AfterProcessingInitializeOnLoad (10ms)
			EditorAssembliesLoaded (2ms)
		ExecutionOrderSort2 (0ms)
		AwakeInstancesAfterBackupRestoration (28ms)
Refreshing native plugins compatible for Editor in 5.15 ms, found 5 plugins.
Preloading 1 native plugins for Editor in 0.11 ms.
Unloading 61 Unused Serialized files (Serialized files now loaded: 0)
Unloading 10685 unused Assets / (21.6 MB). Loaded Objects now: 11580.
Memory consumption went from 252.5 MB to 230.8 MB.
Total: 58.954500 ms (FindLiveObjects: 3.983200 ms CreateObjectMapping: 4.007600 ms MarkObjects: 32.369900 ms  DeleteObjects: 18.591200 ms)

Prepare: number of updated asset objects reloaded= 0
========================================================================
Received Prepare
Begin MonoManager ReloadAssembly
[Licensing::Client] Successfully resolved entitlement details
Symbol file LoadedFromMemory is not a mono symbol file
Symbol file LoadedFromMemory is not a mono symbol file
- Loaded All Assemblies, in  1.551 seconds
Refreshing native plugins compatible for Editor in 5.30 ms, found 5 plugins.
Native extension for WindowsStandalone target not found
[Package Manager] Failed to launch server process. Reason: Unity was launched with the -noUpm command-line argument
[Package Manager] Unable to send message (not connected to server process).
[Package Manager] Cannot connect to Unity Package Manager local server
Refreshing native plugins compatible for Editor in 6.98 ms, found 5 plugins.
[Package Manager] Failed to launch server process. Reason: Unity was launched with the -noUpm command-line argument
[Package Manager] Unable to send message (not connected to server process).
[Package Manager] Cannot connect to Unity Package Manager local server
[MODES] ModeService[none].Initialize
[MODES] ModeService[none].LoadModes
[Licensing::Client] Error: Code 404 while processing request (status: Found 0 entitlement groups and 0 free entitlements matching requested entitlement ids)
ScheduleIndexationOnStartup MainProcess:False IndexOnStartup:True
Mono: successfully reloaded assembly
- Finished resetting the current domain, in  2.670 seconds
Domain Reload Profiling: 4225ms
	BeginReloadAssembly (354ms)
		ExecutionOrderSort (0ms)
		DisableScriptedObjects (11ms)
		BackupInstance (0ms)
		ReleaseScriptingObjects (0ms)
		CreateAndSetChildDomain (126ms)
	RebuildCommonClasses (51ms)
	RebuildNativeTypeToScriptingClass (23ms)
	initialDomainReloadingComplete (86ms)
	LoadAllAssembliesAndSetupDomain (1039ms)
		LoadAssemblies (690ms)
		RebuildTransferFunctionScriptingTraits (0ms)
		AnalyzeDomain (470ms)
			TypeCache.Refresh (14ms)
				TypeCache.ScanAssembly (0ms)
			BuildScriptInfoCaches (432ms)
			ResolveRequiredComponents (14ms)
	FinalizeReload (2671ms)
		ReleaseScriptCaches (0ms)
		RebuildScriptCaches (0ms)
		SetupLoadedEditorAssemblies (2394ms)
			LogAssemblyErrors (0ms)
			InitializePlatformSupportModulesInManaged (3ms)
			SetLoadedEditorAssemblies (10ms)
			BeforeProcessingInitializeOnLoad (372ms)
			ProcessInitializeOnLoadAttributes (1320ms)
			ProcessInitializeOnLoadMethodAttributes (677ms)
			AfterProcessingInitializeOnLoad (10ms)
			EditorAssembliesLoaded (2ms)
		ExecutionOrderSort2 (0ms)
		AwakeInstancesAfterBackupRestoration (29ms)
Refreshing native plugins compatible for Editor in 4.74 ms, found 5 plugins.
Preloading 1 native plugins for Editor in 0.10 ms.
Unloading 61 Unused Serialized files (Serialized files now loaded: 0)
Unloading 10685 unused Assets / (22.3 MB). Loaded Objects now: 11583.
Memory consumption went from 256.7 MB to 234.4 MB.
Total: 58.194100 ms (FindLiveObjects: 3.365700 ms CreateObjectMapping: 2.382100 ms MarkObjects: 31.871600 ms  DeleteObjects: 20.570800 ms)

Prepare: number of updated asset objects reloaded= 0
========================================================================
Received Prepare
Begin MonoManager ReloadAssembly
[Licensing::Client] Successfully resolved entitlement details
Symbol file LoadedFromMemory is not a mono symbol file
Symbol file LoadedFromMemory is not a mono symbol file
- Loaded All Assemblies, in  1.573 seconds
Refreshing native plugins compatible for Editor in 4.05 ms, found 5 plugins.
Native extension for WindowsStandalone target not found
[Package Manager] Failed to launch server process. Reason: Unity was launched with the -noUpm command-line argument
[Package Manager] Unable to send message (not connected to server process).
[Package Manager] Cannot connect to Unity Package Manager local server
Refreshing native plugins compatible for Editor in 6.42 ms, found 5 plugins.
[Package Manager] Failed to launch server process. Reason: Unity was launched with the -noUpm command-line argument
[Package Manager] Unable to send message (not connected to server process).
[Package Manager] Cannot connect to Unity Package Manager local server
[MODES] ModeService[none].Initialize
[MODES] ModeService[none].LoadModes
[Licensing::Client] Error: Code 404 while processing request (status: Found 0 entitlement groups and 0 free entitlements matching requested entitlement ids)
ScheduleIndexationOnStartup MainProcess:False IndexOnStartup:True
Mono: successfully reloaded assembly
- Finished resetting the current domain, in  2.643 seconds
Domain Reload Profiling: 4216ms
	BeginReloadAssembly (370ms)
		ExecutionOrderSort (0ms)
		DisableScriptedObjects (8ms)
		BackupInstance (0ms)
		ReleaseScriptingObjects (0ms)
		CreateAndSetChildDomain (131ms)
	RebuildCommonClasses (48ms)
	RebuildNativeTypeToScriptingClass (16ms)
	initialDomainReloadingComplete (92ms)
	LoadAllAssembliesAndSetupDomain (1046ms)
		LoadAssemblies (697ms)
		RebuildTransferFunctionScriptingTraits (0ms)
		AnalyzeDomain (494ms)
			TypeCache.Refresh (15ms)
				TypeCache.ScanAssembly (0ms)
			BuildScriptInfoCaches (459ms)
			ResolveRequiredComponents (10ms)
	FinalizeReload (2644ms)
		ReleaseScriptCaches (0ms)
		RebuildScriptCaches (0ms)
		SetupLoadedEditorAssemblies (2366ms)
			LogAssemblyErrors (0ms)
			InitializePlatformSupportModulesInManaged (4ms)
			SetLoadedEditorAssemblies (18ms)
			BeforeProcessingInitializeOnLoad (403ms)
			ProcessInitializeOnLoadAttributes (1284ms)
			ProcessInitializeOnLoadMethodAttributes (646ms)
			AfterProcessingInitializeOnLoad (11ms)
			EditorAssembliesLoaded (1ms)
		ExecutionOrderSort2 (0ms)
		AwakeInstancesAfterBackupRestoration (30ms)
Refreshing native plugins compatible for Editor in 4.44 ms, found 5 plugins.
Preloading 1 native plugins for Editor in 0.13 ms.
Unloading 61 Unused Serialized files (Serialized files now loaded: 0)
Unloading 10685 unused Assets / (21.3 MB). Loaded Objects now: 11586.
Memory consumption went from 260.8 MB to 239.5 MB.
Total: 49.064200 ms (FindLiveObjects: 2.102900 ms CreateObjectMapping: 2.088400 ms MarkObjects: 28.928300 ms  DeleteObjects: 15.941500 ms)

Prepare: number of updated asset objects reloaded= 0
========================================================================
Received Prepare
Begin MonoManager ReloadAssembly
[Licensing::Client] Successfully resolved entitlement details
Symbol file LoadedFromMemory is not a mono symbol file
Symbol file LoadedFromMemory is not a mono symbol file
- Loaded All Assemblies, in  1.705 seconds
Refreshing native plugins compatible for Editor in 5.47 ms, found 5 plugins.
Native extension for WindowsStandalone target not found
[Package Manager] Failed to launch server process. Reason: Unity was launched with the -noUpm command-line argument
[Package Manager] Unable to send message (not connected to server process).
[Package Manager] Cannot connect to Unity Package Manager local server
Refreshing native plugins compatible for Editor in 4.03 ms, found 5 plugins.
[Package Manager] Failed to launch server process. Reason: Unity was launched with the -noUpm command-line argument
[Package Manager] Unable to send message (not connected to server process).
[Package Manager] Cannot connect to Unity Package Manager local server
[MODES] ModeService[none].Initialize
[MODES] ModeService[none].LoadModes
[Licensing::Client] Error: Code 404 while processing request (status: Found 0 entitlement groups and 0 free entitlements matching requested entitlement ids)
ScheduleIndexationOnStartup MainProcess:False IndexOnStartup:True
Mono: successfully reloaded assembly
- Finished resetting the current domain, in  2.504 seconds
Domain Reload Profiling: 4207ms
	BeginReloadAssembly (457ms)
		ExecutionOrderSort (0ms)
		DisableScriptedObjects (12ms)
		BackupInstance (0ms)
		ReleaseScriptingObjects (0ms)
		CreateAndSetChildDomain (143ms)
	RebuildCommonClasses (57ms)
	RebuildNativeTypeToScriptingClass (20ms)
	initialDomainReloadingComplete (85ms)
	LoadAllAssembliesAndSetupDomain (1084ms)
		LoadAssemblies (811ms)
		RebuildTransferFunctionScriptingTraits (0ms)
		AnalyzeDomain (459ms)
			TypeCache.Refresh (14ms)
				TypeCache.ScanAssembly (0ms)
			BuildScriptInfoCaches (420ms)
			ResolveRequiredComponents (13ms)
	FinalizeReload (2504ms)
		ReleaseScriptCaches (0ms)
		RebuildScriptCaches (0ms)
		SetupLoadedEditorAssemblies (2219ms)
			LogAssemblyErrors (0ms)
			InitializePlatformSupportModulesInManaged (3ms)
			SetLoadedEditorAssemblies (11ms)
			BeforeProcessingInitializeOnLoad (378ms)
			ProcessInitializeOnLoadAttributes (1190ms)
			ProcessInitializeOnLoadMethodAttributes (622ms)
			AfterProcessingInitializeOnLoad (15ms)
			EditorAssembliesLoaded (1ms)
		ExecutionOrderSort2 (0ms)
		AwakeInstancesAfterBackupRestoration (24ms)
Refreshing native plugins compatible for Editor in 4.13 ms, found 5 plugins.
Preloading 1 native plugins for Editor in 0.09 ms.
Unloading 61 Unused Serialized files (Serialized files now loaded: 0)
Unloading 10685 unused Assets / (21.5 MB). Loaded Objects now: 11589.
Memory consumption went from 264.8 MB to 243.3 MB.
Total: 41.817000 ms (FindLiveObjects: 1.679800 ms CreateObjectMapping: 2.029700 ms MarkObjects: 28.661100 ms  DeleteObjects: 9.444400 ms)

Prepare: number of updated asset objects reloaded= 0
========================================================================
Received Import Request.
  Time since last request: 1184.667416 seconds.
  path: Assets/!_Project/Scripts/PlayerDron/ObjectMovement.cs
  artifactKey: Guid(0d76da73f68b1bb4fb6d71b864c3a764) Importer(2089858483,b0f066a214c2f5e87bad3c948f4d605d)
Start importing Assets/!_Project/Scripts/PlayerDron/ObjectMovement.cs using Guid(0d76da73f68b1bb4fb6d71b864c3a764) Importer(2089858483,b0f066a214c2f5e87bad3c948f4d605d) (ScriptedImporter) -> (artifact id: 'fd1ea1492627d6aa2288a2868af18bed') in 0.1478757 seconds
Number of updated asset objects reloaded before import = 0Number of asset objects unloaded after import = 0

========================================================================
Received Import Request.
  Time since last request: 0.000046 seconds.
  path: Assets/!_Project/Prefabs/CosmoDron.prefab
  artifactKey: Guid(b2b545b5ca9f3fe48bb51f3bbcc7fd3f) Importer(2089858483,b0f066a214c2f5e87bad3c948f4d605d)
Start importing Assets/!_Project/Prefabs/CosmoDron.prefab using Guid(b2b545b5ca9f3fe48bb51f3bbcc7fd3f) Importer(2089858483,b0f066a214c2f5e87bad3c948f4d605d) (ScriptedImporter) -> (artifact id: 'b7fab3dd1f7081fba663eff1be1a5c4f') in 0.2268417 seconds
Number of updated asset objects reloaded before import = 0Number of asset objects unloaded after import = 43

========================================================================
Received Import Request.
  Time since last request: 8.121936 seconds.
  path: Assets/!_Project/Materials/Plane.mat
  artifactKey: Guid(9e68ffdb948de9b498e3d07187b9c063) Importer(2089858483,b0f066a214c2f5e87bad3c948f4d605d)
Start importing Assets/!_Project/Materials/Plane.mat using Guid(9e68ffdb948de9b498e3d07187b9c063) Importer(2089858483,b0f066a214c2f5e87bad3c948f4d605d) (ScriptedImporter) -> (artifact id: '6edf040343f4a20cd5f49e95c620b413') in 0.0488887 seconds
Number of updated asset objects reloaded before import = 0Number of asset objects unloaded after import = 1

========================================================================
Received Import Request.
  Time since last request: 149.010587 seconds.
  path: Assets/!_Project/Prefabs/Arena.prefab
  artifactKey: Guid(b29cf186377721e4eb33891278766d8f) Importer(2089858483,b0f066a214c2f5e87bad3c948f4d605d)
Start importing Assets/!_Project/Prefabs/Arena.prefab using Guid(b29cf186377721e4eb33891278766d8f) Importer(2089858483,b0f066a214c2f5e87bad3c948f4d605d) (ScriptedImporter) -> (artifact id: '20e273703b6dc5d0118db18213e22167') in 0.029849 seconds
Number of updated asset objects reloaded before import = 0Number of asset objects unloaded after import = 29

========================================================================
Received Import Request.
  Time since last request: 68.284715 seconds.
  path: Assets/!_Project/Materials/PlayerDron.mat
  artifactKey: Guid(0d815711ed6e0a9448d86b9ee91d1408) Importer(2089858483,b0f066a214c2f5e87bad3c948f4d605d)
Start importing Assets/!_Project/Materials/PlayerDron.mat using Guid(0d815711ed6e0a9448d86b9ee91d1408) Importer(2089858483,b0f066a214c2f5e87bad3c948f4d605d) (ScriptedImporter) -> (artifact id: '06feed25d46110309a91bc2fdc8cb721') in 0.0223439 seconds
Number of updated asset objects reloaded before import = 0Number of asset objects unloaded after import = 1

========================================================================
Received Import Request.
  Time since last request: 59.384809 seconds.
  path: Assets/!_Project/Prefabs/CosmoDron.prefab
  artifactKey: Guid(b2b545b5ca9f3fe48bb51f3bbcc7fd3f) Importer(2089858483,b0f066a214c2f5e87bad3c948f4d605d)
Start importing Assets/!_Project/Prefabs/CosmoDron.prefab using Guid(b2b545b5ca9f3fe48bb51f3bbcc7fd3f) Importer(2089858483,b0f066a214c2f5e87bad3c948f4d605d) (ScriptedImporter) -> (artifact id: '7a9cfbd12f6cea091f640c5d004f5b96') in 0.0332993 seconds
Number of updated asset objects reloaded before import = 0Number of asset objects unloaded after import = 43

========================================================================
Received Import Request.
  Time since last request: 65.029855 seconds.
  path: Assets/!_Project/Prefabs/Arena.prefab
  artifactKey: Guid(b29cf186377721e4eb33891278766d8f) Importer(2089858483,b0f066a214c2f5e87bad3c948f4d605d)
Start importing Assets/!_Project/Prefabs/Arena.prefab using Guid(b29cf186377721e4eb33891278766d8f) Importer(2089858483,b0f066a214c2f5e87bad3c948f4d605d) (ScriptedImporter) -> (artifact id: '9b3ea617954f2eb7a7922d88ba9e7605') in 0.0219807 seconds
Number of updated asset objects reloaded before import = 0Number of asset objects unloaded after import = 29

========================================================================
Received Import Request.
  Time since last request: 2.651973 seconds.
  path: Assets/!_Project/Prefabs/Arena.prefab
  artifactKey: Guid(b29cf186377721e4eb33891278766d8f) Importer(2089858483,b0f066a214c2f5e87bad3c948f4d605d)
Start importing Assets/!_Project/Prefabs/Arena.prefab using Guid(b29cf186377721e4eb33891278766d8f) Importer(2089858483,b0f066a214c2f5e87bad3c948f4d605d) (ScriptedImporter) -> (artifact id: 'a066fc72176654a09891e001a5f6542e') in 0.023196 seconds
Number of updated asset objects reloaded before import = 0Number of asset objects unloaded after import = 29

========================================================================
Received Import Request.
  Time since last request: 3.491296 seconds.
  path: Assets/!_Project/Prefabs/Arena.prefab
  artifactKey: Guid(b29cf186377721e4eb33891278766d8f) Importer(2089858483,b0f066a214c2f5e87bad3c948f4d605d)
Start importing Assets/!_Project/Prefabs/Arena.prefab using Guid(b29cf186377721e4eb33891278766d8f) Importer(2089858483,b0f066a214c2f5e87bad3c948f4d605d) (ScriptedImporter) -> (artifact id: '65a8fa4428bbc5bb4b324df43df89a9a') in 0.0343298 seconds
Number of updated asset objects reloaded before import = 0Number of asset objects unloaded after import = 29

========================================================================
Received Import Request.
  Time since last request: 2.390454 seconds.
  path: Assets/!_Project/Prefabs/Arena.prefab
  artifactKey: Guid(b29cf186377721e4eb33891278766d8f) Importer(2089858483,b0f066a214c2f5e87bad3c948f4d605d)
Start importing Assets/!_Project/Prefabs/Arena.prefab using Guid(b29cf186377721e4eb33891278766d8f) Importer(2089858483,b0f066a214c2f5e87bad3c948f4d605d) (ScriptedImporter) -> (artifact id: '63928ed549f863922b9a0b4b26895058') in 0.0223813 seconds
Number of updated asset objects reloaded before import = 0Number of asset objects unloaded after import = 29

========================================================================
Received Import Request.
  Time since last request: 6.913375 seconds.
  path: Assets/!_Project/Prefabs/Arena.prefab
  artifactKey: Guid(b29cf186377721e4eb33891278766d8f) Importer(2089858483,b0f066a214c2f5e87bad3c948f4d605d)
Start importing Assets/!_Project/Prefabs/Arena.prefab using Guid(b29cf186377721e4eb33891278766d8f) Importer(2089858483,b0f066a214c2f5e87bad3c948f4d605d) (ScriptedImporter) -> (artifact id: '192d06b4625c00218fe37431dfe2753c') in 0.0298892 seconds
Number of updated asset objects reloaded before import = 0Number of asset objects unloaded after import = 29

========================================================================
Received Prepare
Begin MonoManager ReloadAssembly
[Licensing::Client] Successfully resolved entitlement details
Symbol file LoadedFromMemory is not a mono symbol file
Symbol file LoadedFromMemory is not a mono symbol file
- Loaded All Assemblies, in  1.548 seconds
Refreshing native plugins compatible for Editor in 5.80 ms, found 5 plugins.
Native extension for WindowsStandalone target not found
[Package Manager] Failed to launch server process. Reason: Unity was launched with the -noUpm command-line argument
[Package Manager] Unable to send message (not connected to server process).
[Package Manager] Cannot connect to Unity Package Manager local server
Refreshing native plugins compatible for Editor in 3.93 ms, found 5 plugins.
[Package Manager] Failed to launch server process. Reason: Unity was launched with the -noUpm command-line argument
[Package Manager] Unable to send message (not connected to server process).
[Package Manager] Cannot connect to Unity Package Manager local server
[MODES] ModeService[none].Initialize
[MODES] ModeService[none].LoadModes
[Licensing::Client] Error: Code 404 while processing request (status: Found 0 entitlement groups and 0 free entitlements matching requested entitlement ids)
ScheduleIndexationOnStartup MainProcess:False IndexOnStartup:True
Mono: successfully reloaded assembly
- Finished resetting the current domain, in  2.485 seconds
Domain Reload Profiling: 4031ms
	BeginReloadAssembly (362ms)
		ExecutionOrderSort (0ms)
		DisableScriptedObjects (12ms)
		BackupInstance (0ms)
		ReleaseScriptingObjects (0ms)
		CreateAndSetChildDomain (120ms)
	RebuildCommonClasses (52ms)
	RebuildNativeTypeToScriptingClass (20ms)
	initialDomainReloadingComplete (80ms)
	LoadAllAssembliesAndSetupDomain (1033ms)
		LoadAssemblies (667ms)
		RebuildTransferFunctionScriptingTraits (0ms)
		AnalyzeDomain (500ms)
			TypeCache.Refresh (17ms)
				TypeCache.ScanAssembly (0ms)
			BuildScriptInfoCaches (460ms)
			ResolveRequiredComponents (13ms)
	FinalizeReload (2485ms)
		ReleaseScriptCaches (0ms)
		RebuildScriptCaches (0ms)
		SetupLoadedEditorAssemblies (2212ms)
			LogAssemblyErrors (0ms)
			InitializePlatformSupportModulesInManaged (3ms)
			SetLoadedEditorAssemblies (9ms)
			BeforeProcessingInitializeOnLoad (370ms)
			ProcessInitializeOnLoadAttributes (1214ms)
			ProcessInitializeOnLoadMethodAttributes (607ms)
			AfterProcessingInitializeOnLoad (8ms)
			EditorAssembliesLoaded (1ms)
		ExecutionOrderSort2 (0ms)
		AwakeInstancesAfterBackupRestoration (28ms)
Refreshing native plugins compatible for Editor in 7.35 ms, found 5 plugins.
Preloading 1 native plugins for Editor in 0.14 ms.
Unloading 61 Unused Serialized files (Serialized files now loaded: 0)
Unloading 10686 unused Assets / (21.9 MB). Loaded Objects now: 11593.
Memory consumption went from 233.4 MB to 211.5 MB.
Total: 48.464900 ms (FindLiveObjects: 2.740200 ms CreateObjectMapping: 2.757100 ms MarkObjects: 26.368700 ms  DeleteObjects: 16.596700 ms)

Prepare: number of updated asset objects reloaded= 0
========================================================================
Received Import Request.
  Time since last request: 52.694609 seconds.
  path: Assets/!_Project/Prefabs/Arena.prefab
  artifactKey: Guid(b29cf186377721e4eb33891278766d8f) Importer(815301076,1909f56bfc062723c751e8b465ee728b)
Start importing Assets/!_Project/Prefabs/Arena.prefab using Guid(b29cf186377721e4eb33891278766d8f) Importer(815301076,1909f56bfc062723c751e8b465ee728b) (PreviewImporter) -> (artifact id: 'a3d6a6431b1c3e396d54562da39a75bb') in 5.1860328 seconds
Number of updated asset objects reloaded before import = 0Number of asset objects unloaded after import = 31

========================================================================
Received Prepare
Begin MonoManager ReloadAssembly
[Licensing::Client] Successfully resolved entitlement details
Symbol file LoadedFromMemory is not a mono symbol file
Symbol file LoadedFromMemory is not a mono symbol file
- Loaded All Assemblies, in  1.658 seconds
Refreshing native plugins compatible for Editor in 4.02 ms, found 5 plugins.
Native extension for WindowsStandalone target not found
[Package Manager] Failed to launch server process. Reason: Unity was launched with the -noUpm command-line argument
[Package Manager] Unable to send message (not connected to server process).
[Package Manager] Cannot connect to Unity Package Manager local server
Refreshing native plugins compatible for Editor in 6.40 ms, found 5 plugins.
[Package Manager] Failed to launch server process. Reason: Unity was launched with the -noUpm command-line argument
[Package Manager] Unable to send message (not connected to server process).
[Package Manager] Cannot connect to Unity Package Manager local server
[MODES] ModeService[none].Initialize
[MODES] ModeService[none].LoadModes
[Licensing::Client] Error: Code 404 while processing request (status: Found 0 entitlement groups and 0 free entitlements matching requested entitlement ids)
ScheduleIndexationOnStartup MainProcess:False IndexOnStartup:True
Mono: successfully reloaded assembly
- Finished resetting the current domain, in  2.409 seconds
Domain Reload Profiling: 4069ms
	BeginReloadAssembly (468ms)
		ExecutionOrderSort (0ms)
		DisableScriptedObjects (34ms)
		BackupInstance (0ms)
		ReleaseScriptingObjects (0ms)
		CreateAndSetChildDomain (160ms)
	RebuildCommonClasses (45ms)
	RebuildNativeTypeToScriptingClass (26ms)
	initialDomainReloadingComplete (90ms)
	LoadAllAssembliesAndSetupDomain (1030ms)
		LoadAssemblies (709ms)
		RebuildTransferFunctionScriptingTraits (0ms)
		AnalyzeDomain (472ms)
			TypeCache.Refresh (13ms)
				TypeCache.ScanAssembly (0ms)
			BuildScriptInfoCaches (436ms)
			ResolveRequiredComponents (12ms)
	FinalizeReload (2410ms)
		ReleaseScriptCaches (0ms)
		RebuildScriptCaches (0ms)
		SetupLoadedEditorAssemblies (2161ms)
			LogAssemblyErrors (0ms)
			InitializePlatformSupportModulesInManaged (2ms)
			SetLoadedEditorAssemblies (7ms)
			BeforeProcessingInitializeOnLoad (323ms)
			ProcessInitializeOnLoadAttributes (1203ms)
			ProcessInitializeOnLoadMethodAttributes (616ms)
			AfterProcessingInitializeOnLoad (8ms)
			EditorAssembliesLoaded (1ms)
		ExecutionOrderSort2 (0ms)
		AwakeInstancesAfterBackupRestoration (26ms)
Refreshing native plugins compatible for Editor in 5.32 ms, found 5 plugins.
Preloading 1 native plugins for Editor in 0.11 ms.
Unloading 61 Unused Serialized files (Serialized files now loaded: 0)
Unloading 10686 unused Assets / (20.9 MB). Loaded Objects now: 11625.
Memory consumption went from 235.6 MB to 214.7 MB.
Total: 45.242000 ms (FindLiveObjects: 1.752300 ms CreateObjectMapping: 1.820800 ms MarkObjects: 27.593900 ms  DeleteObjects: 14.071900 ms)

Prepare: number of updated asset objects reloaded= 0
========================================================================
Received Prepare
Begin MonoManager ReloadAssembly
[Licensing::Client] Successfully resolved entitlement details
Symbol file LoadedFromMemory is not a mono symbol file
Symbol file LoadedFromMemory is not a mono symbol file
- Loaded All Assemblies, in  1.534 seconds
Refreshing native plugins compatible for Editor in 5.97 ms, found 5 plugins.
Native extension for WindowsStandalone target not found
[Package Manager] Failed to launch server process. Reason: Unity was launched with the -noUpm command-line argument
[Package Manager] Unable to send message (not connected to server process).
[Package Manager] Cannot connect to Unity Package Manager local server
Refreshing native plugins compatible for Editor in 6.66 ms, found 5 plugins.
[Package Manager] Failed to launch server process. Reason: Unity was launched with the -noUpm command-line argument
[Package Manager] Unable to send message (not connected to server process).
[Package Manager] Cannot connect to Unity Package Manager local server
[MODES] ModeService[none].Initialize
[MODES] ModeService[none].LoadModes
[Licensing::Client] Error: Code 404 while processing request (status: Found 0 entitlement groups and 0 free entitlements matching requested entitlement ids)
ScheduleIndexationOnStartup MainProcess:False IndexOnStartup:True
Mono: successfully reloaded assembly
- Finished resetting the current domain, in  2.457 seconds
Domain Reload Profiling: 3990ms
	BeginReloadAssembly (346ms)
		ExecutionOrderSort (0ms)
		DisableScriptedObjects (13ms)
		BackupInstance (0ms)
		ReleaseScriptingObjects (0ms)
		CreateAndSetChildDomain (111ms)
	RebuildCommonClasses (48ms)
	RebuildNativeTypeToScriptingClass (15ms)
	initialDomainReloadingComplete (68ms)
	LoadAllAssembliesAndSetupDomain (1056ms)
		LoadAssemblies (648ms)
		RebuildTransferFunctionScriptingTraits (0ms)
		AnalyzeDomain (538ms)
			TypeCache.Refresh (15ms)
				TypeCache.ScanAssembly (0ms)
			BuildScriptInfoCaches (501ms)
			ResolveRequiredComponents (12ms)
	FinalizeReload (2458ms)
		ReleaseScriptCaches (0ms)
		RebuildScriptCaches (0ms)
		SetupLoadedEditorAssemblies (2177ms)
			LogAssemblyErrors (0ms)
			InitializePlatformSupportModulesInManaged (2ms)
			SetLoadedEditorAssemblies (10ms)
			BeforeProcessingInitializeOnLoad (375ms)
			ProcessInitializeOnLoadAttributes (1163ms)
			ProcessInitializeOnLoadMethodAttributes (618ms)
			AfterProcessingInitializeOnLoad (8ms)
			EditorAssembliesLoaded (1ms)
		ExecutionOrderSort2 (0ms)
		AwakeInstancesAfterBackupRestoration (29ms)
Refreshing native plugins compatible for Editor in 5.17 ms, found 5 plugins.
Preloading 1 native plugins for Editor in 0.14 ms.
Unloading 61 Unused Serialized files (Serialized files now loaded: 0)
Unloading 10685 unused Assets / (19.8 MB). Loaded Objects now: 11628.
Memory consumption went from 239.4 MB to 219.7 MB.
Total: 48.252300 ms (FindLiveObjects: 1.687300 ms CreateObjectMapping: 3.410900 ms MarkObjects: 32.903800 ms  DeleteObjects: 10.247700 ms)

Prepare: number of updated asset objects reloaded= 0
========================================================================
Received Prepare
Begin MonoManager ReloadAssembly
[Licensing::Client] Successfully resolved entitlement details
Symbol file LoadedFromMemory is not a mono symbol file
Symbol file LoadedFromMemory is not a mono symbol file
- Loaded All Assemblies, in  1.589 seconds
Refreshing native plugins compatible for Editor in 4.19 ms, found 5 plugins.
Native extension for WindowsStandalone target not found
[Package Manager] Failed to launch server process. Reason: Unity was launched with the -noUpm command-line argument
[Package Manager] Unable to send message (not connected to server process).
[Package Manager] Cannot connect to Unity Package Manager local server
Refreshing native plugins compatible for Editor in 6.95 ms, found 5 plugins.
[Package Manager] Failed to launch server process. Reason: Unity was launched with the -noUpm command-line argument
[Package Manager] Unable to send message (not connected to server process).
[Package Manager] Cannot connect to Unity Package Manager local server
[MODES] ModeService[none].Initialize
[MODES] ModeService[none].LoadModes
[Licensing::Client] Error: Code 404 while processing request (status: Found 0 entitlement groups and 0 free entitlements matching requested entitlement ids)
ScheduleIndexationOnStartup MainProcess:False IndexOnStartup:True
Mono: successfully reloaded assembly
- Finished resetting the current domain, in  2.463 seconds
Domain Reload Profiling: 4054ms
	BeginReloadAssembly (415ms)
		ExecutionOrderSort (0ms)
		DisableScriptedObjects (11ms)
		BackupInstance (0ms)
		ReleaseScriptingObjects (0ms)
		CreateAndSetChildDomain (141ms)
	RebuildCommonClasses (54ms)
	RebuildNativeTypeToScriptingClass (17ms)
	initialDomainReloadingComplete (71ms)
	LoadAllAssembliesAndSetupDomain (1034ms)
		LoadAssemblies (743ms)
		RebuildTransferFunctionScriptingTraits (0ms)
		AnalyzeDomain (448ms)
			TypeCache.Refresh (16ms)
				TypeCache.ScanAssembly (0ms)
			BuildScriptInfoCaches (413ms)
			ResolveRequiredComponents (11ms)
	FinalizeReload (2464ms)
		ReleaseScriptCaches (0ms)
		RebuildScriptCaches (0ms)
		SetupLoadedEditorAssemblies (2197ms)
			LogAssemblyErrors (0ms)
			InitializePlatformSupportModulesInManaged (3ms)
			SetLoadedEditorAssemblies (12ms)
			BeforeProcessingInitializeOnLoad (377ms)
			ProcessInitializeOnLoadAttributes (1184ms)
			ProcessInitializeOnLoadMethodAttributes (610ms)
			AfterProcessingInitializeOnLoad (9ms)
			EditorAssembliesLoaded (2ms)
		ExecutionOrderSort2 (0ms)
		AwakeInstancesAfterBackupRestoration (25ms)
Refreshing native plugins compatible for Editor in 7.04 ms, found 5 plugins.
Preloading 1 native plugins for Editor in 0.10 ms.
Unloading 61 Unused Serialized files (Serialized files now loaded: 0)
Unloading 10685 unused Assets / (21.4 MB). Loaded Objects now: 11631.
Memory consumption went from 243.5 MB to 222.1 MB.
Total: 47.333900 ms (FindLiveObjects: 2.873100 ms CreateObjectMapping: 2.706600 ms MarkObjects: 25.900400 ms  DeleteObjects: 15.851300 ms)

Prepare: number of updated asset objects reloaded= 0
========================================================================
Received Prepare
Begin MonoManager ReloadAssembly
Symbol file LoadedFromMemory is not a mono symbol file
Symbol file LoadedFromMemory is not a mono symbol file
- Loaded All Assemblies, in  1.759 seconds
Refreshing native plugins compatible for Editor in 3.41 ms, found 5 plugins.
Native extension for WindowsStandalone target not found
[Package Manager] Failed to launch server process. Reason: Unity was launched with the -noUpm command-line argument
[Package Manager] Unable to send message (not connected to server process).
[Package Manager] Cannot connect to Unity Package Manager local server
Refreshing native plugins compatible for Editor in 4.70 ms, found 5 plugins.
[Package Manager] Failed to launch server process. Reason: Unity was launched with the -noUpm command-line argument
[Package Manager] Unable to send message (not connected to server process).
[Package Manager] Cannot connect to Unity Package Manager local server
[MODES] ModeService[none].Initialize
[MODES] ModeService[none].LoadModes
[Licensing::Client] Error: Code 404 while processing request (status: Found 0 entitlement groups and 0 free entitlements matching requested entitlement ids)
ScheduleIndexationOnStartup MainProcess:False IndexOnStartup:True
Mono: successfully reloaded assembly
- Finished resetting the current domain, in  2.543 seconds
Domain Reload Profiling: 4304ms
	BeginReloadAssembly (453ms)
		ExecutionOrderSort (0ms)
		DisableScriptedObjects (15ms)
		BackupInstance (0ms)
		ReleaseScriptingObjects (0ms)
		CreateAndSetChildDomain (137ms)
	RebuildCommonClasses (68ms)
	RebuildNativeTypeToScriptingClass (21ms)
	initialDomainReloadingComplete (99ms)
	LoadAllAssembliesAndSetupDomain (1119ms)
		LoadAssemblies (776ms)
		RebuildTransferFunctionScriptingTraits (0ms)
		AnalyzeDomain (527ms)
			TypeCache.Refresh (23ms)
				TypeCache.ScanAssembly (0ms)
			BuildScriptInfoCaches (473ms)
			ResolveRequiredComponents (15ms)
	FinalizeReload (2543ms)
		ReleaseScriptCaches (0ms)
		RebuildScriptCaches (0ms)
		SetupLoadedEditorAssemblies (2294ms)
			LogAssemblyErrors (0ms)
			InitializePlatformSupportModulesInManaged (2ms)
			SetLoadedEditorAssemblies (12ms)
			BeforeProcessingInitializeOnLoad (402ms)
			ProcessInitializeOnLoadAttributes (1230ms)
			ProcessInitializeOnLoadMethodAttributes (637ms)
			AfterProcessingInitializeOnLoad (9ms)
			EditorAssembliesLoaded (1ms)
		ExecutionOrderSort2 (0ms)
		AwakeInstancesAfterBackupRestoration (24ms)
Refreshing native plugins compatible for Editor in 5.41 ms, found 5 plugins.
Preloading 1 native plugins for Editor in 0.11 ms.
Unloading 61 Unused Serialized files (Serialized files now loaded: 0)
Unloading 10685 unused Assets / (21.0 MB). Loaded Objects now: 11634.
Memory consumption went from 247.5 MB to 226.5 MB.
Total: 38.045300 ms (FindLiveObjects: 3.093500 ms CreateObjectMapping: 1.596100 ms MarkObjects: 24.287600 ms  DeleteObjects: 9.066300 ms)

Prepare: number of updated asset objects reloaded= 0
========================================================================
Received Prepare
Refreshing native plugins compatible for Editor in 6.55 ms, found 5 plugins.
Preloading 1 native plugins for Editor in 0.12 ms.
Unloading 61 Unused Serialized files (Serialized files now loaded: 0)
Unloading 10664 unused Assets / (22.8 MB). Loaded Objects now: 11633.
Memory consumption went from 251.5 MB to 228.7 MB.
Total: 55.902700 ms (FindLiveObjects: 3.218300 ms CreateObjectMapping: 1.861100 ms MarkObjects: 34.982900 ms  DeleteObjects: 15.838400 ms)

Prepare: number of updated asset objects reloaded= 0
========================================================================
Received Prepare
Begin MonoManager ReloadAssembly
[Licensing::Client] Successfully resolved entitlement details
Symbol file LoadedFromMemory is not a mono symbol file
Symbol file LoadedFromMemory is not a mono symbol file
- Loaded All Assemblies, in  1.616 seconds
Refreshing native plugins compatible for Editor in 4.26 ms, found 5 plugins.
Native extension for WindowsStandalone target not found
[Package Manager] Failed to launch server process. Reason: Unity was launched with the -noUpm command-line argument
[Package Manager] Unable to send message (not connected to server process).
[Package Manager] Cannot connect to Unity Package Manager local server
Refreshing native plugins compatible for Editor in 4.93 ms, found 5 plugins.
[Package Manager] Failed to launch server process. Reason: Unity was launched with the -noUpm command-line argument
[Package Manager] Unable to send message (not connected to server process).
[Package Manager] Cannot connect to Unity Package Manager local server
[MODES] ModeService[none].Initialize
[MODES] ModeService[none].LoadModes
[Licensing::Client] Error: Code 404 while processing request (status: Found 0 entitlement groups and 0 free entitlements matching requested entitlement ids)
ScheduleIndexationOnStartup MainProcess:False IndexOnStartup:True
Mono: successfully reloaded assembly
- Finished resetting the current domain, in  2.355 seconds
Domain Reload Profiling: 3974ms
	BeginReloadAssembly (457ms)
		ExecutionOrderSort (0ms)
		DisableScriptedObjects (9ms)
		BackupInstance (0ms)
		ReleaseScriptingObjects (0ms)
		CreateAndSetChildDomain (159ms)
	RebuildCommonClasses (51ms)
	RebuildNativeTypeToScriptingClass (16ms)
	initialDomainReloadingComplete (71ms)
	LoadAllAssembliesAndSetupDomain (1023ms)
		LoadAssemblies (715ms)
		RebuildTransferFunctionScriptingTraits (0ms)
		AnalyzeDomain (468ms)
			TypeCache.Refresh (22ms)
				TypeCache.ScanAssembly (0ms)
			BuildScriptInfoCaches (423ms)
			ResolveRequiredComponents (12ms)
	FinalizeReload (2356ms)
		ReleaseScriptCaches (0ms)
		RebuildScriptCaches (0ms)
		SetupLoadedEditorAssemblies (2088ms)
			LogAssemblyErrors (0ms)
			InitializePlatformSupportModulesInManaged (3ms)
			SetLoadedEditorAssemblies (11ms)
			BeforeProcessingInitializeOnLoad (373ms)
			ProcessInitializeOnLoadAttributes (1109ms)
			ProcessInitializeOnLoadMethodAttributes (583ms)
			AfterProcessingInitializeOnLoad (8ms)
			EditorAssembliesLoaded (1ms)
		ExecutionOrderSort2 (0ms)
		AwakeInstancesAfterBackupRestoration (26ms)
Refreshing native plugins compatible for Editor in 5.02 ms, found 5 plugins.
Preloading 1 native plugins for Editor in 0.12 ms.
Unloading 61 Unused Serialized files (Serialized files now loaded: 0)
Unloading 10684 unused Assets / (25.1 MB). Loaded Objects now: 11636.
Memory consumption went from 255.5 MB to 230.4 MB.
Total: 47.834400 ms (FindLiveObjects: 2.390600 ms CreateObjectMapping: 2.463300 ms MarkObjects: 26.345600 ms  DeleteObjects: 16.632800 ms)

Prepare: number of updated asset objects reloaded= 0
========================================================================
Received Prepare
Refreshing native plugins compatible for Editor in 86.02 ms, found 5 plugins.
Preloading 1 native plugins for Editor in 0.84 ms.
Unloading 61 Unused Serialized files (Serialized files now loaded: 0)
Unloading 10664 unused Assets / (22.8 MB). Loaded Objects now: 11636.
Memory consumption went from 259.5 MB to 236.8 MB.
Total: 70.814900 ms (FindLiveObjects: 3.419200 ms CreateObjectMapping: 3.761600 ms MarkObjects: 44.337600 ms  DeleteObjects: 19.293800 ms)

Prepare: number of updated asset objects reloaded= 0
========================================================================
Received Prepare
Begin MonoManager ReloadAssembly
[Licensing::Client] Successfully resolved entitlement details
Symbol file LoadedFromMemory is not a mono symbol file
Symbol file LoadedFromMemory is not a mono symbol file
- Loaded All Assemblies, in  1.912 seconds
Refreshing native plugins compatible for Editor in 5.47 ms, found 5 plugins.
Native extension for WindowsStandalone target not found
[Package Manager] Failed to launch server process. Reason: Unity was launched with the -noUpm command-line argument
[Package Manager] Unable to send message (not connected to server process).
[Package Manager] Cannot connect to Unity Package Manager local server
Refreshing native plugins compatible for Editor in 4.18 ms, found 5 plugins.
[Package Manager] Failed to launch server process. Reason: Unity was launched with the -noUpm command-line argument
[Package Manager] Unable to send message (not connected to server process).
[Package Manager] Cannot connect to Unity Package Manager local server
[MODES] ModeService[none].Initialize
[MODES] ModeService[none].LoadModes
[Licensing::Client] Error: Code 404 while processing request (status: Found 0 entitlement groups and 0 free entitlements matching requested entitlement ids)
ScheduleIndexationOnStartup MainProcess:False IndexOnStartup:True
Mono: successfully reloaded assembly
- Finished resetting the current domain, in  2.572 seconds
Domain Reload Profiling: 4483ms
	BeginReloadAssembly (463ms)
		ExecutionOrderSort (0ms)
		DisableScriptedObjects (9ms)
		BackupInstance (0ms)
		ReleaseScriptingObjects (1ms)
		CreateAndSetChildDomain (176ms)
	RebuildCommonClasses (72ms)
	RebuildNativeTypeToScriptingClass (16ms)
	initialDomainReloadingComplete (95ms)
	LoadAllAssembliesAndSetupDomain (1264ms)
		LoadAssemblies (814ms)
		RebuildTransferFunctionScriptingTraits (0ms)
		AnalyzeDomain (612ms)
			TypeCache.Refresh (20ms)
				TypeCache.ScanAssembly (0ms)
			BuildScriptInfoCaches (570ms)
			ResolveRequiredComponents (11ms)
	FinalizeReload (2573ms)
		ReleaseScriptCaches (0ms)
		RebuildScriptCaches (0ms)
		SetupLoadedEditorAssemblies (2220ms)
			LogAssemblyErrors (0ms)
			InitializePlatformSupportModulesInManaged (2ms)
			SetLoadedEditorAssemblies (13ms)
			BeforeProcessingInitializeOnLoad (379ms)
			ProcessInitializeOnLoadAttributes (1179ms)
			ProcessInitializeOnLoadMethodAttributes (637ms)
			AfterProcessingInitializeOnLoad (8ms)
			EditorAssembliesLoaded (1ms)
		ExecutionOrderSort2 (0ms)
		AwakeInstancesAfterBackupRestoration (34ms)
Refreshing native plugins compatible for Editor in 5.10 ms, found 5 plugins.
Preloading 1 native plugins for Editor in 0.10 ms.
Unloading 61 Unused Serialized files (Serialized files now loaded: 0)
Unloading 10684 unused Assets / (22.8 MB). Loaded Objects now: 11639.
Memory consumption went from 263.5 MB to 240.7 MB.
Total: 35.100300 ms (FindLiveObjects: 1.542900 ms CreateObjectMapping: 1.269400 ms MarkObjects: 21.565000 ms  DeleteObjects: 10.721400 ms)

Prepare: number of updated asset objects reloaded= 0
========================================================================
Received Prepare
Begin MonoManager ReloadAssembly
Symbol file LoadedFromMemory is not a mono symbol file
Symbol file LoadedFromMemory is not a mono symbol file
- Loaded All Assemblies, in  1.443 seconds
Refreshing native plugins compatible for Editor in 5.19 ms, found 5 plugins.
Native extension for WindowsStandalone target not found
[Package Manager] Failed to launch server process. Reason: Unity was launched with the -noUpm command-line argument
[Package Manager] Unable to send message (not connected to server process).
[Package Manager] Cannot connect to Unity Package Manager local server
Refreshing native plugins compatible for Editor in 3.85 ms, found 5 plugins.
[Package Manager] Failed to launch server process. Reason: Unity was launched with the -noUpm command-line argument
[Package Manager] Unable to send message (not connected to server process).
[Package Manager] Cannot connect to Unity Package Manager local server
[MODES] ModeService[none].Initialize
[MODES] ModeService[none].LoadModes
[Licensing::Client] Error: Code 404 while processing request (status: Found 0 entitlement groups and 0 free entitlements matching requested entitlement ids)
ScheduleIndexationOnStartup MainProcess:False IndexOnStartup:True
Mono: successfully reloaded assembly
- Finished resetting the current domain, in  2.533 seconds
Domain Reload Profiling: 3978ms
	BeginReloadAssembly (299ms)
		ExecutionOrderSort (0ms)
		DisableScriptedObjects (8ms)
		BackupInstance (0ms)
		ReleaseScriptingObjects (0ms)
		CreateAndSetChildDomain (98ms)
	RebuildCommonClasses (52ms)
	RebuildNativeTypeToScriptingClass (22ms)
	initialDomainReloadingComplete (71ms)
	LoadAllAssembliesAndSetupDomain (1001ms)
		LoadAssemblies (660ms)
		RebuildTransferFunctionScriptingTraits (0ms)
		AnalyzeDomain (455ms)
			TypeCache.Refresh (13ms)
				TypeCache.ScanAssembly (0ms)
			BuildScriptInfoCaches (421ms)
			ResolveRequiredComponents (12ms)
	FinalizeReload (2534ms)
		ReleaseScriptCaches (0ms)
		RebuildScriptCaches (0ms)
		SetupLoadedEditorAssemblies (2249ms)
			LogAssemblyErrors (0ms)
			InitializePlatformSupportModulesInManaged (2ms)
			SetLoadedEditorAssemblies (13ms)
			BeforeProcessingInitializeOnLoad (383ms)
			ProcessInitializeOnLoadAttributes (1230ms)
			ProcessInitializeOnLoadMethodAttributes (611ms)
			AfterProcessingInitializeOnLoad (9ms)
			EditorAssembliesLoaded (1ms)
		ExecutionOrderSort2 (0ms)
		AwakeInstancesAfterBackupRestoration (27ms)
Refreshing native plugins compatible for Editor in 7.34 ms, found 5 plugins.
Preloading 1 native plugins for Editor in 0.11 ms.
Unloading 61 Unused Serialized files (Serialized files now loaded: 0)
Unloading 10684 unused Assets / (22.4 MB). Loaded Objects now: 11642.
Memory consumption went from 267.5 MB to 245.2 MB.
Total: 52.942200 ms (FindLiveObjects: 3.697000 ms CreateObjectMapping: 5.533100 ms MarkObjects: 28.639000 ms  DeleteObjects: 15.070400 ms)

Prepare: number of updated asset objects reloaded= 0
========================================================================
Received Prepare
Begin MonoManager ReloadAssembly
[Licensing::Client] Successfully resolved entitlement details
Symbol file LoadedFromMemory is not a mono symbol file
Symbol file LoadedFromMemory is not a mono symbol file
- Loaded All Assemblies, in  1.662 seconds
Refreshing native plugins compatible for Editor in 4.34 ms, found 5 plugins.
Native extension for WindowsStandalone target not found
[Package Manager] Failed to launch server process. Reason: Unity was launched with the -noUpm command-line argument
[Package Manager] Unable to send message (not connected to server process).
[Package Manager] Cannot connect to Unity Package Manager local server
Refreshing native plugins compatible for Editor in 3.87 ms, found 5 plugins.
[Package Manager] Failed to launch server process. Reason: Unity was launched with the -noUpm command-line argument
[Package Manager] Unable to send message (not connected to server process).
[Package Manager] Cannot connect to Unity Package Manager local server
[MODES] ModeService[none].Initialize
[MODES] ModeService[none].LoadModes
[Licensing::Client] Error: Code 404 while processing request (status: Found 0 entitlement groups and 0 free entitlements matching requested entitlement ids)
ScheduleIndexationOnStartup MainProcess:False IndexOnStartup:True
Mono: successfully reloaded assembly
- Finished resetting the current domain, in  2.435 seconds
Domain Reload Profiling: 4094ms
	BeginReloadAssembly (447ms)
		ExecutionOrderSort (0ms)
		DisableScriptedObjects (11ms)
		BackupInstance (0ms)
		ReleaseScriptingObjects (0ms)
		CreateAndSetChildDomain (139ms)
	RebuildCommonClasses (65ms)
	RebuildNativeTypeToScriptingClass (20ms)
	initialDomainReloadingComplete (101ms)
	LoadAllAssembliesAndSetupDomain (1026ms)
		LoadAssemblies (767ms)
		RebuildTransferFunctionScriptingTraits (0ms)
		AnalyzeDomain (453ms)
			TypeCache.Refresh (17ms)
				TypeCache.ScanAssembly (0ms)
			BuildScriptInfoCaches (410ms)
			ResolveRequiredComponents (14ms)
	FinalizeReload (2436ms)
		ReleaseScriptCaches (0ms)
		RebuildScriptCaches (0ms)
		SetupLoadedEditorAssemblies (2173ms)
			LogAssemblyErrors (0ms)
			InitializePlatformSupportModulesInManaged (2ms)
			SetLoadedEditorAssemblies (9ms)
			BeforeProcessingInitializeOnLoad (392ms)
			ProcessInitializeOnLoadAttributes (1158ms)
			ProcessInitializeOnLoadMethodAttributes (604ms)
			AfterProcessingInitializeOnLoad (8ms)
			EditorAssembliesLoaded (1ms)
		ExecutionOrderSort2 (0ms)
		AwakeInstancesAfterBackupRestoration (23ms)
Refreshing native plugins compatible for Editor in 5.04 ms, found 5 plugins.
Preloading 1 native plugins for Editor in 0.20 ms.
Unloading 61 Unused Serialized files (Serialized files now loaded: 0)
Unloading 10684 unused Assets / (21.1 MB). Loaded Objects now: 11645.
Memory consumption went from 271.6 MB to 250.5 MB.
Total: 46.940700 ms (FindLiveObjects: 3.816900 ms CreateObjectMapping: 2.765100 ms MarkObjects: 27.679500 ms  DeleteObjects: 12.676700 ms)

Prepare: number of updated asset objects reloaded= 0
========================================================================
Received Prepare
Begin MonoManager ReloadAssembly
[Licensing::Client] Successfully resolved entitlement details
Symbol file LoadedFromMemory is not a mono symbol file
Symbol file LoadedFromMemory is not a mono symbol file
- Loaded All Assemblies, in  1.630 seconds
Refreshing native plugins compatible for Editor in 4.28 ms, found 5 plugins.
Native extension for WindowsStandalone target not found
[Package Manager] Failed to launch server process. Reason: Unity was launched with the -noUpm command-line argument
[Package Manager] Unable to send message (not connected to server process).
[Package Manager] Cannot connect to Unity Package Manager local server
Refreshing native plugins compatible for Editor in 5.98 ms, found 5 plugins.
[Package Manager] Failed to launch server process. Reason: Unity was launched with the -noUpm command-line argument
[Package Manager] Unable to send message (not connected to server process).
[Package Manager] Cannot connect to Unity Package Manager local server
[MODES] ModeService[none].Initialize
[MODES] ModeService[none].LoadModes
[Licensing::Client] Error: Code 404 while processing request (status: Found 0 entitlement groups and 0 free entitlements matching requested entitlement ids)
ScheduleIndexationOnStartup MainProcess:False IndexOnStartup:True
Mono: successfully reloaded assembly
- Finished resetting the current domain, in  2.387 seconds
Domain Reload Profiling: 4020ms
	BeginReloadAssembly (399ms)
		ExecutionOrderSort (0ms)
		DisableScriptedObjects (11ms)
		BackupInstance (0ms)
		ReleaseScriptingObjects (0ms)
		CreateAndSetChildDomain (120ms)
	RebuildCommonClasses (50ms)
	RebuildNativeTypeToScriptingClass (19ms)
	initialDomainReloadingComplete (86ms)
	LoadAllAssembliesAndSetupDomain (1080ms)
		LoadAssemblies (720ms)
		RebuildTransferFunctionScriptingTraits (0ms)
		AnalyzeDomain (524ms)
			TypeCache.Refresh (16ms)
				TypeCache.ScanAssembly (0ms)
			BuildScriptInfoCaches (481ms)
			ResolveRequiredComponents (17ms)
	FinalizeReload (2387ms)
		ReleaseScriptCaches (0ms)
		RebuildScriptCaches (0ms)
		SetupLoadedEditorAssemblies (2147ms)
			LogAssemblyErrors (0ms)
			InitializePlatformSupportModulesInManaged (2ms)
			SetLoadedEditorAssemblies (7ms)
			BeforeProcessingInitializeOnLoad (344ms)
			ProcessInitializeOnLoadAttributes (1192ms)
			ProcessInitializeOnLoadMethodAttributes (591ms)
			AfterProcessingInitializeOnLoad (9ms)
			EditorAssembliesLoaded (1ms)
		ExecutionOrderSort2 (0ms)
		AwakeInstancesAfterBackupRestoration (23ms)
Refreshing native plugins compatible for Editor in 3.74 ms, found 5 plugins.
Preloading 1 native plugins for Editor in 0.10 ms.
Unloading 61 Unused Serialized files (Serialized files now loaded: 0)
Unloading 10684 unused Assets / (24.5 MB). Loaded Objects now: 11648.
Memory consumption went from 275.6 MB to 251.1 MB.
Total: 55.357300 ms (FindLiveObjects: 2.213000 ms CreateObjectMapping: 1.687300 ms MarkObjects: 25.985600 ms  DeleteObjects: 25.468300 ms)

Prepare: number of updated asset objects reloaded= 0
========================================================================
Received Prepare
Begin MonoManager ReloadAssembly
[Licensing::Client] Successfully resolved entitlement details
Symbol file LoadedFromMemory is not a mono symbol file
Symbol file LoadedFromMemory is not a mono symbol file
- Loaded All Assemblies, in  1.617 seconds
Refreshing native plugins compatible for Editor in 3.53 ms, found 5 plugins.
Native extension for WindowsStandalone target not found
[Package Manager] Failed to launch server process. Reason: Unity was launched with the -noUpm command-line argument
[Package Manager] Unable to send message (not connected to server process).
[Package Manager] Cannot connect to Unity Package Manager local server
Refreshing native plugins compatible for Editor in 6.08 ms, found 5 plugins.
[Package Manager] Failed to launch server process. Reason: Unity was launched with the -noUpm command-line argument
[Package Manager] Unable to send message (not connected to server process).
[Package Manager] Cannot connect to Unity Package Manager local server
[MODES] ModeService[none].Initialize
[MODES] ModeService[none].LoadModes
[Licensing::Client] Error: Code 404 while processing request (status: Found 0 entitlement groups and 0 free entitlements matching requested entitlement ids)
ScheduleIndexationOnStartup MainProcess:False IndexOnStartup:True
Mono: successfully reloaded assembly
- Finished resetting the current domain, in  2.541 seconds
Domain Reload Profiling: 4157ms
	BeginReloadAssembly (423ms)
		ExecutionOrderSort (0ms)
		DisableScriptedObjects (11ms)
		BackupInstance (0ms)
		ReleaseScriptingObjects (0ms)
		CreateAndSetChildDomain (137ms)
	RebuildCommonClasses (63ms)
	RebuildNativeTypeToScriptingClass (28ms)
	initialDomainReloadingComplete (98ms)
	LoadAllAssembliesAndSetupDomain (1003ms)
		LoadAssemblies (745ms)
		RebuildTransferFunctionScriptingTraits (0ms)
		AnalyzeDomain (436ms)
			TypeCache.Refresh (11ms)
				TypeCache.ScanAssembly (0ms)
			BuildScriptInfoCaches (406ms)
			ResolveRequiredComponents (10ms)
	FinalizeReload (2542ms)
		ReleaseScriptCaches (0ms)
		RebuildScriptCaches (0ms)
		SetupLoadedEditorAssemblies (2296ms)
			LogAssemblyErrors (0ms)
			InitializePlatformSupportModulesInManaged (3ms)
			SetLoadedEditorAssemblies (11ms)
			BeforeProcessingInitializeOnLoad (386ms)
			ProcessInitializeOnLoadAttributes (1224ms)
			ProcessInitializeOnLoadMethodAttributes (661ms)
			AfterProcessingInitializeOnLoad (10ms)
			EditorAssembliesLoaded (2ms)
		ExecutionOrderSort2 (0ms)
		AwakeInstancesAfterBackupRestoration (36ms)
Refreshing native plugins compatible for Editor in 4.62 ms, found 5 plugins.
Preloading 1 native plugins for Editor in 0.17 ms.
Unloading 61 Unused Serialized files (Serialized files now loaded: 0)
Unloading 10684 unused Assets / (19.9 MB). Loaded Objects now: 11651.
Memory consumption went from 279.7 MB to 259.8 MB.
Total: 42.795900 ms (FindLiveObjects: 1.850900 ms CreateObjectMapping: 1.660700 ms MarkObjects: 25.371500 ms  DeleteObjects: 13.910300 ms)

Prepare: number of updated asset objects reloaded= 0
========================================================================
Received Prepare
Begin MonoManager ReloadAssembly
[Licensing::Client] Successfully resolved entitlement details
Symbol file LoadedFromMemory is not a mono symbol file
Symbol file LoadedFromMemory is not a mono symbol file
- Loaded All Assemblies, in  1.568 seconds
Refreshing native plugins compatible for Editor in 4.48 ms, found 5 plugins.
Native extension for WindowsStandalone target not found
[Package Manager] Failed to launch server process. Reason: Unity was launched with the -noUpm command-line argument
[Package Manager] Unable to send message (not connected to server process).
[Package Manager] Cannot connect to Unity Package Manager local server
Refreshing native plugins compatible for Editor in 4.46 ms, found 5 plugins.
[Package Manager] Failed to launch server process. Reason: Unity was launched with the -noUpm command-line argument
[Package Manager] Unable to send message (not connected to server process).
[Package Manager] Cannot connect to Unity Package Manager local server
[MODES] ModeService[none].Initialize
[MODES] ModeService[none].LoadModes
[Licensing::Client] Error: Code 404 while processing request (status: Found 0 entitlement groups and 0 free entitlements matching requested entitlement ids)
ScheduleIndexationOnStartup MainProcess:False IndexOnStartup:True
Mono: successfully reloaded assembly
- Finished resetting the current domain, in  2.541 seconds
Domain Reload Profiling: 4111ms
	BeginReloadAssembly (411ms)
		ExecutionOrderSort (0ms)
		DisableScriptedObjects (16ms)
		BackupInstance (0ms)
		ReleaseScriptingObjects (0ms)
		CreateAndSetChildDomain (121ms)
	RebuildCommonClasses (45ms)
	RebuildNativeTypeToScriptingClass (17ms)
	initialDomainReloadingComplete (76ms)
	LoadAllAssembliesAndSetupDomain (1020ms)
		LoadAssemblies (709ms)
		RebuildTransferFunctionScriptingTraits (0ms)
		AnalyzeDomain (480ms)
			TypeCache.Refresh (16ms)
				TypeCache.ScanAssembly (0ms)
			BuildScriptInfoCaches (439ms)
			ResolveRequiredComponents (14ms)
	FinalizeReload (2542ms)
		ReleaseScriptCaches (0ms)
		RebuildScriptCaches (0ms)
		SetupLoadedEditorAssemblies (2272ms)
			LogAssemblyErrors (0ms)
			InitializePlatformSupportModulesInManaged (2ms)
			SetLoadedEditorAssemblies (9ms)
			BeforeProcessingInitializeOnLoad (398ms)
			ProcessInitializeOnLoadAttributes (1193ms)
			ProcessInitializeOnLoadMethodAttributes (654ms)
			AfterProcessingInitializeOnLoad (16ms)
			EditorAssembliesLoaded (1ms)
		ExecutionOrderSort2 (0ms)
		AwakeInstancesAfterBackupRestoration (38ms)
Refreshing native plugins compatible for Editor in 4.88 ms, found 5 plugins.
Preloading 1 native plugins for Editor in 0.12 ms.
Unloading 61 Unused Serialized files (Serialized files now loaded: 0)
Unloading 10684 unused Assets / (19.6 MB). Loaded Objects now: 11654.
Memory consumption went from 283.7 MB to 264.0 MB.
Total: 46.443600 ms (FindLiveObjects: 1.881000 ms CreateObjectMapping: 2.271600 ms MarkObjects: 31.301300 ms  DeleteObjects: 10.987700 ms)

Prepare: number of updated asset objects reloaded= 0
========================================================================
Received Prepare
Begin MonoManager ReloadAssembly
Symbol file LoadedFromMemory is not a mono symbol file
Symbol file LoadedFromMemory is not a mono symbol file
- Loaded All Assemblies, in  1.660 seconds
Refreshing native plugins compatible for Editor in 5.64 ms, found 5 plugins.
Native extension for WindowsStandalone target not found
[Package Manager] Failed to launch server process. Reason: Unity was launched with the -noUpm command-line argument
[Package Manager] Unable to send message (not connected to server process).
[Package Manager] Cannot connect to Unity Package Manager local server
Refreshing native plugins compatible for Editor in 3.78 ms, found 5 plugins.
[Package Manager] Failed to launch server process. Reason: Unity was launched with the -noUpm command-line argument
[Package Manager] Unable to send message (not connected to server process).
[Package Manager] Cannot connect to Unity Package Manager local server
[MODES] ModeService[none].Initialize
[MODES] ModeService[none].LoadModes
[Licensing::Client] Error: Code 404 while processing request (status: Found 0 entitlement groups and 0 free entitlements matching requested entitlement ids)
ScheduleIndexationOnStartup MainProcess:False IndexOnStartup:True
Mono: successfully reloaded assembly
- Finished resetting the current domain, in  2.519 seconds
Domain Reload Profiling: 4178ms
	BeginReloadAssembly (451ms)
		ExecutionOrderSort (0ms)
		DisableScriptedObjects (15ms)
		BackupInstance (0ms)
		ReleaseScriptingObjects (0ms)
		CreateAndSetChildDomain (153ms)
	RebuildCommonClasses (50ms)
	RebuildNativeTypeToScriptingClass (18ms)
	initialDomainReloadingComplete (93ms)
	LoadAllAssembliesAndSetupDomain (1047ms)
		LoadAssemblies (714ms)
		RebuildTransferFunctionScriptingTraits (0ms)
		AnalyzeDomain (487ms)
			TypeCache.Refresh (14ms)
				TypeCache.ScanAssembly (0ms)
			BuildScriptInfoCaches (445ms)
			ResolveRequiredComponents (16ms)
	FinalizeReload (2519ms)
		ReleaseScriptCaches (0ms)
		RebuildScriptCaches (0ms)
		SetupLoadedEditorAssemblies (2197ms)
			LogAssemblyErrors (0ms)
			InitializePlatformSupportModulesInManaged (3ms)
			SetLoadedEditorAssemblies (10ms)
			BeforeProcessingInitializeOnLoad (365ms)
			ProcessInitializeOnLoadAttributes (1190ms)
			ProcessInitializeOnLoadMethodAttributes (618ms)
			AfterProcessingInitializeOnLoad (10ms)
			EditorAssembliesLoaded (2ms)
		ExecutionOrderSort2 (0ms)
		AwakeInstancesAfterBackupRestoration (35ms)
Refreshing native plugins compatible for Editor in 7.02 ms, found 5 plugins.
Preloading 1 native plugins for Editor in 0.15 ms.
Unloading 61 Unused Serialized files (Serialized files now loaded: 0)
Unloading 10684 unused Assets / (21.1 MB). Loaded Objects now: 11657.
Memory consumption went from 287.8 MB to 266.7 MB.
Total: 45.338700 ms (FindLiveObjects: 1.716100 ms CreateObjectMapping: 2.987800 ms MarkObjects: 29.397500 ms  DeleteObjects: 11.235100 ms)

Prepare: number of updated asset objects reloaded= 0
========================================================================
Received Prepare
Refreshing native plugins compatible for Editor in 8.65 ms, found 5 plugins.
Preloading 1 native plugins for Editor in 0.23 ms.
Unloading 61 Unused Serialized files (Serialized files now loaded: 0)
Unloading 10664 unused Assets / (21.8 MB). Loaded Objects now: 11657.
Memory consumption went from 291.9 MB to 270.1 MB.
Total: 46.428100 ms (FindLiveObjects: 2.357300 ms CreateObjectMapping: 2.679000 ms MarkObjects: 27.872200 ms  DeleteObjects: 13.517300 ms)

Prepare: number of updated asset objects reloaded= 0
========================================================================
Received Prepare
Refreshing native plugins compatible for Editor in 4.96 ms, found 5 plugins.
Preloading 1 native plugins for Editor in 0.12 ms.
Unloading 61 Unused Serialized files (Serialized files now loaded: 0)
Unloading 10664 unused Assets / (21.9 MB). Loaded Objects now: 11657.
Memory consumption went from 295.9 MB to 274.0 MB.
Total: 46.422400 ms (FindLiveObjects: 2.508600 ms CreateObjectMapping: 2.859200 ms MarkObjects: 28.542600 ms  DeleteObjects: 12.510100 ms)

Prepare: number of updated asset objects reloaded= 0
========================================================================
Received Prepare
Begin MonoManager ReloadAssembly
[Licensing::Client] Successfully resolved entitlement details
Symbol file LoadedFromMemory is not a mono symbol file
Symbol file LoadedFromMemory is not a mono symbol file
- Loaded All Assemblies, in  1.578 seconds
Refreshing native plugins compatible for Editor in 3.42 ms, found 5 plugins.
Native extension for WindowsStandalone target not found
[Package Manager] Failed to launch server process. Reason: Unity was launched with the -noUpm command-line argument
[Package Manager] Unable to send message (not connected to server process).
[Package Manager] Cannot connect to Unity Package Manager local server
Refreshing native plugins compatible for Editor in 4.95 ms, found 5 plugins.
[Package Manager] Failed to launch server process. Reason: Unity was launched with the -noUpm command-line argument
[Package Manager] Unable to send message (not connected to server process).
[Package Manager] Cannot connect to Unity Package Manager local server
[MODES] ModeService[none].Initialize
[MODES] ModeService[none].LoadModes
[Licensing::Client] Error: Code 404 while processing request (status: Found 0 entitlement groups and 0 free entitlements matching requested entitlement ids)
ScheduleIndexationOnStartup MainProcess:False IndexOnStartup:True
Mono: successfully reloaded assembly
- Finished resetting the current domain, in  2.340 seconds
Domain Reload Profiling: 3919ms
	BeginReloadAssembly (402ms)
		ExecutionOrderSort (0ms)
		DisableScriptedObjects (10ms)
		BackupInstance (0ms)
		ReleaseScriptingObjects (0ms)
		CreateAndSetChildDomain (131ms)
	RebuildCommonClasses (52ms)
	RebuildNativeTypeToScriptingClass (29ms)
	initialDomainReloadingComplete (92ms)
	LoadAllAssembliesAndSetupDomain (1004ms)
		LoadAssemblies (684ms)
		RebuildTransferFunctionScriptingTraits (0ms)
		AnalyzeDomain (475ms)
			TypeCache.Refresh (25ms)
				TypeCache.ScanAssembly (0ms)
			BuildScriptInfoCaches (431ms)
			ResolveRequiredComponents (11ms)
	FinalizeReload (2341ms)
		ReleaseScriptCaches (0ms)
		RebuildScriptCaches (0ms)
		SetupLoadedEditorAssemblies (2089ms)
			LogAssemblyErrors (0ms)
			InitializePlatformSupportModulesInManaged (2ms)
			SetLoadedEditorAssemblies (11ms)
			BeforeProcessingInitializeOnLoad (384ms)
			ProcessInitializeOnLoadAttributes (1111ms)
			ProcessInitializeOnLoadMethodAttributes (572ms)
			AfterProcessingInitializeOnLoad (8ms)
			EditorAssembliesLoaded (1ms)
		ExecutionOrderSort2 (0ms)
		AwakeInstancesAfterBackupRestoration (28ms)
Refreshing native plugins compatible for Editor in 4.38 ms, found 5 plugins.
Preloading 1 native plugins for Editor in 0.09 ms.
Unloading 61 Unused Serialized files (Serialized files now loaded: 0)
Unloading 10684 unused Assets / (20.7 MB). Loaded Objects now: 11660.
Memory consumption went from 299.9 MB to 279.2 MB.
Total: 32.161900 ms (FindLiveObjects: 1.556500 ms CreateObjectMapping: 1.276500 ms MarkObjects: 20.621200 ms  DeleteObjects: 8.705400 ms)

Prepare: number of updated asset objects reloaded= 0
========================================================================
Received Prepare
Begin MonoManager ReloadAssembly
Symbol file LoadedFromMemory is not a mono symbol file
Symbol file LoadedFromMemory is not a mono symbol file
- Loaded All Assemblies, in  1.447 seconds
Refreshing native plugins compatible for Editor in 3.78 ms, found 5 plugins.
Native extension for WindowsStandalone target not found
[Package Manager] Failed to launch server process. Reason: Unity was launched with the -noUpm command-line argument
[Package Manager] Unable to send message (not connected to server process).
[Package Manager] Cannot connect to Unity Package Manager local server
Refreshing native plugins compatible for Editor in 6.23 ms, found 5 plugins.
[Package Manager] Failed to launch server process. Reason: Unity was launched with the -noUpm command-line argument
[Package Manager] Unable to send message (not connected to server process).
[Package Manager] Cannot connect to Unity Package Manager local server
[MODES] ModeService[none].Initialize
[MODES] ModeService[none].LoadModes
[Licensing::Client] Error: Code 404 while processing request (status: Found 0 entitlement groups and 0 free entitlements matching requested entitlement ids)
ScheduleIndexationOnStartup MainProcess:False IndexOnStartup:True
Mono: successfully reloaded assembly
- Finished resetting the current domain, in  2.637 seconds
Domain Reload Profiling: 4085ms
	BeginReloadAssembly (335ms)
		ExecutionOrderSort (0ms)
		DisableScriptedObjects (10ms)
		BackupInstance (0ms)
		ReleaseScriptingObjects (0ms)
		CreateAndSetChildDomain (107ms)
	RebuildCommonClasses (52ms)
	RebuildNativeTypeToScriptingClass (21ms)
	initialDomainReloadingComplete (71ms)
	LoadAllAssembliesAndSetupDomain (967ms)
		LoadAssemblies (672ms)
		RebuildTransferFunctionScriptingTraits (0ms)
		AnalyzeDomain (435ms)
			TypeCache.Refresh (11ms)
				TypeCache.ScanAssembly (0ms)
			BuildScriptInfoCaches (407ms)
			ResolveRequiredComponents (9ms)
	FinalizeReload (2638ms)
		ReleaseScriptCaches (0ms)
		RebuildScriptCaches (0ms)
		SetupLoadedEditorAssemblies (2362ms)
			LogAssemblyErrors (0ms)
			InitializePlatformSupportModulesInManaged (2ms)
			SetLoadedEditorAssemblies (13ms)
			BeforeProcessingInitializeOnLoad (366ms)
			ProcessInitializeOnLoadAttributes (1244ms)
			ProcessInitializeOnLoadMethodAttributes (725ms)
			AfterProcessingInitializeOnLoad (11ms)
			EditorAssembliesLoaded (1ms)
		ExecutionOrderSort2 (0ms)
		AwakeInstancesAfterBackupRestoration (30ms)
Refreshing native plugins compatible for Editor in 6.32 ms, found 5 plugins.
Preloading 1 native plugins for Editor in 0.17 ms.
Unloading 61 Unused Serialized files (Serialized files now loaded: 0)
Unloading 10684 unused Assets / (20.6 MB). Loaded Objects now: 11663.
Memory consumption went from 303.9 MB to 283.3 MB.
Total: 58.663500 ms (FindLiveObjects: 3.590600 ms CreateObjectMapping: 4.614900 ms MarkObjects: 33.171700 ms  DeleteObjects: 17.282800 ms)

Prepare: number of updated asset objects reloaded= 0
========================================================================
Received Prepare
Refreshing native plugins compatible for Editor in 8.55 ms, found 5 plugins.
Preloading 1 native plugins for Editor in 0.31 ms.
Unloading 61 Unused Serialized files (Serialized files now loaded: 0)
Unloading 10664 unused Assets / (21.2 MB). Loaded Objects now: 11663.
Memory consumption went from 308.0 MB to 286.8 MB.
Total: 78.799600 ms (FindLiveObjects: 3.821400 ms CreateObjectMapping: 5.012600 ms MarkObjects: 51.671000 ms  DeleteObjects: 18.290200 ms)

Prepare: number of updated asset objects reloaded= 0
========================================================================
Received Prepare
Refreshing native plugins compatible for Editor in 11.43 ms, found 5 plugins.
Preloading 1 native plugins for Editor in 0.21 ms.
Unloading 61 Unused Serialized files (Serialized files now loaded: 0)
Unloading 10664 unused Assets / (21.6 MB). Loaded Objects now: 11663.
Memory consumption went from 312.0 MB to 290.4 MB.
Total: 70.055000 ms (FindLiveObjects: 4.097400 ms CreateObjectMapping: 3.088700 ms MarkObjects: 46.291800 ms  DeleteObjects: 16.573400 ms)

Prepare: number of updated asset objects reloaded= 0
========================================================================
Received Prepare
Refreshing native plugins compatible for Editor in 8.09 ms, found 5 plugins.
Preloading 1 native plugins for Editor in 0.16 ms.
Unloading 61 Unused Serialized files (Serialized files now loaded: 0)
Unloading 10664 unused Assets / (20.7 MB). Loaded Objects now: 11663.
Memory consumption went from 316.0 MB to 295.3 MB.
Total: 59.534000 ms (FindLiveObjects: 3.253600 ms CreateObjectMapping: 3.657800 ms MarkObjects: 37.029800 ms  DeleteObjects: 15.590000 ms)

Prepare: number of updated asset objects reloaded= 0
========================================================================
Received Prepare
Refreshing native plugins compatible for Editor in 9.68 ms, found 5 plugins.
Preloading 1 native plugins for Editor in 0.24 ms.
Unloading 61 Unused Serialized files (Serialized files now loaded: 0)
Unloading 10664 unused Assets / (20.7 MB). Loaded Objects now: 11663.
Memory consumption went from 320.0 MB to 299.3 MB.
Total: 136.924300 ms (FindLiveObjects: 2.287100 ms CreateObjectMapping: 3.232000 ms MarkObjects: 115.587700 ms  DeleteObjects: 15.814300 ms)

Prepare: number of updated asset objects reloaded= 0
========================================================================
Received Prepare
Refreshing native plugins compatible for Editor in 71.00 ms, found 5 plugins.
Preloading 1 native plugins for Editor in 0.27 ms.
Unloading 61 Unused Serialized files (Serialized files now loaded: 0)
Unloading 10664 unused Assets / (20.8 MB). Loaded Objects now: 11663.
Memory consumption went from 324.0 MB to 303.2 MB.
Total: 63.766700 ms (FindLiveObjects: 3.331300 ms CreateObjectMapping: 4.282600 ms MarkObjects: 41.940000 ms  DeleteObjects: 14.210700 ms)

Prepare: number of updated asset objects reloaded= 0
========================================================================
Received Prepare
Begin MonoManager ReloadAssembly
[Licensing::Client] Successfully resolved entitlement details
Symbol file LoadedFromMemory is not a mono symbol file
Symbol file LoadedFromMemory is not a mono symbol file
- Loaded All Assemblies, in  3.002 seconds
Refreshing native plugins compatible for Editor in 8.52 ms, found 5 plugins.
Native extension for WindowsStandalone target not found
[Package Manager] Failed to launch server process. Reason: Unity was launched with the -noUpm command-line argument
[Package Manager] Unable to send message (not connected to server process).
[Package Manager] Cannot connect to Unity Package Manager local server
Refreshing native plugins compatible for Editor in 12.47 ms, found 5 plugins.
[Package Manager] Failed to launch server process. Reason: Unity was launched with the -noUpm command-line argument
[Package Manager] Unable to send message (not connected to server process).
[Package Manager] Cannot connect to Unity Package Manager local server
[MODES] ModeService[none].Initialize
[MODES] ModeService[none].LoadModes
[Licensing::Client] Error: Code 404 while processing request (status: Found 0 entitlement groups and 0 free entitlements matching requested entitlement ids)
ScheduleIndexationOnStartup MainProcess:False IndexOnStartup:True
Mono: successfully reloaded assembly
- Finished resetting the current domain, in  4.646 seconds
Domain Reload Profiling: 7634ms
	BeginReloadAssembly (655ms)
		ExecutionOrderSort (0ms)
		DisableScriptedObjects (21ms)
		BackupInstance (0ms)
		ReleaseScriptingObjects (1ms)
		CreateAndSetChildDomain (199ms)
	RebuildCommonClasses (132ms)
	RebuildNativeTypeToScriptingClass (51ms)
	initialDomainReloadingComplete (175ms)
	LoadAllAssembliesAndSetupDomain (1975ms)
		LoadAssemblies (1231ms)
		RebuildTransferFunctionScriptingTraits (0ms)
		AnalyzeDomain (1010ms)
			TypeCache.Refresh (33ms)
				TypeCache.ScanAssembly (1ms)
			BuildScriptInfoCaches (933ms)
			ResolveRequiredComponents (25ms)
	FinalizeReload (4647ms)
		ReleaseScriptCaches (0ms)
		RebuildScriptCaches (0ms)
		SetupLoadedEditorAssemblies (4119ms)
			LogAssemblyErrors (0ms)
			InitializePlatformSupportModulesInManaged (4ms)
			SetLoadedEditorAssemblies (17ms)
			BeforeProcessingInitializeOnLoad (741ms)
			ProcessInitializeOnLoadAttributes (2269ms)
			ProcessInitializeOnLoadMethodAttributes (1070ms)
			AfterProcessingInitializeOnLoad (16ms)
			EditorAssembliesLoaded (1ms)
		ExecutionOrderSort2 (0ms)
		AwakeInstancesAfterBackupRestoration (58ms)
Refreshing native plugins compatible for Editor in 6.14 ms, found 5 plugins.
Preloading 1 native plugins for Editor in 0.15 ms.
Unloading 61 Unused Serialized files (Serialized files now loaded: 0)
Unloading 10684 unused Assets / (21.0 MB). Loaded Objects now: 11666.
Memory consumption went from 328.0 MB to 307.0 MB.
Total: 48.449400 ms (FindLiveObjects: 2.168600 ms CreateObjectMapping: 2.750200 ms MarkObjects: 32.136600 ms  DeleteObjects: 11.392100 ms)

Prepare: number of updated asset objects reloaded= 0
========================================================================
Received Prepare
Refreshing native plugins compatible for Editor in 10.95 ms, found 5 plugins.
Preloading 1 native plugins for Editor in 0.22 ms.
Unloading 61 Unused Serialized files (Serialized files now loaded: 0)
Unloading 10664 unused Assets / (21.3 MB). Loaded Objects now: 11666.
Memory consumption went from 332.1 MB to 310.8 MB.
Total: 133.558300 ms (FindLiveObjects: 2.888600 ms CreateObjectMapping: 61.360200 ms MarkObjects: 54.325600 ms  DeleteObjects: 14.980500 ms)

Prepare: number of updated asset objects reloaded= 0
========================================================================
Received Prepare
Begin MonoManager ReloadAssembly
[Licensing::Client] Successfully resolved entitlement details
Symbol file LoadedFromMemory is not a mono symbol file
Symbol file LoadedFromMemory is not a mono symbol file
- Loaded All Assemblies, in  2.890 seconds
Refreshing native plugins compatible for Editor in 9.36 ms, found 5 plugins.
Native extension for WindowsStandalone target not found
[Package Manager] Failed to launch server process. Reason: Unity was launched with the -noUpm command-line argument
[Package Manager] Unable to send message (not connected to server process).
[Package Manager] Cannot connect to Unity Package Manager local server
Refreshing native plugins compatible for Editor in 12.28 ms, found 5 plugins.
[Package Manager] Failed to launch server process. Reason: Unity was launched with the -noUpm command-line argument
[Package Manager] Unable to send message (not connected to server process).
[Package Manager] Cannot connect to Unity Package Manager local server
[MODES] ModeService[none].Initialize
[MODES] ModeService[none].LoadModes
[Licensing::Client] Error: Code 404 while processing request (status: Found 0 entitlement groups and 0 free entitlements matching requested entitlement ids)
ScheduleIndexationOnStartup MainProcess:False IndexOnStartup:True
Mono: successfully reloaded assembly
- Finished resetting the current domain, in  4.514 seconds
Domain Reload Profiling: 7396ms
	BeginReloadAssembly (615ms)
		ExecutionOrderSort (0ms)
		DisableScriptedObjects (20ms)
		BackupInstance (0ms)
		ReleaseScriptingObjects (0ms)
		CreateAndSetChildDomain (186ms)
	RebuildCommonClasses (116ms)
	RebuildNativeTypeToScriptingClass (28ms)
	initialDomainReloadingComplete (148ms)
	LoadAllAssembliesAndSetupDomain (1973ms)
		LoadAssemblies (1264ms)
		RebuildTransferFunctionScriptingTraits (0ms)
		AnalyzeDomain (977ms)
			TypeCache.Refresh (28ms)
				TypeCache.ScanAssembly (1ms)
			BuildScriptInfoCaches (906ms)
			ResolveRequiredComponents (26ms)
	FinalizeReload (4515ms)
		ReleaseScriptCaches (0ms)
		RebuildScriptCaches (0ms)
		SetupLoadedEditorAssemblies (4063ms)
			LogAssemblyErrors (0ms)
			InitializePlatformSupportModulesInManaged (5ms)
			SetLoadedEditorAssemblies (19ms)
			BeforeProcessingInitializeOnLoad (723ms)
			ProcessInitializeOnLoadAttributes (2167ms)
			ProcessInitializeOnLoadMethodAttributes (1135ms)
			AfterProcessingInitializeOnLoad (14ms)
			EditorAssembliesLoaded (1ms)
		ExecutionOrderSort2 (0ms)
		AwakeInstancesAfterBackupRestoration (42ms)
Refreshing native plugins compatible for Editor in 8.98 ms, found 5 plugins.
Preloading 1 native plugins for Editor in 0.22 ms.
Unloading 61 Unused Serialized files (Serialized files now loaded: 0)
Unloading 10684 unused Assets / (21.3 MB). Loaded Objects now: 11669.
Memory consumption went from 336.1 MB to 314.7 MB.
Total: 64.926000 ms (FindLiveObjects: 2.096600 ms CreateObjectMapping: 2.015300 ms MarkObjects: 47.425200 ms  DeleteObjects: 13.386900 ms)

Prepare: number of updated asset objects reloaded= 0
========================================================================
Received Prepare
Begin MonoManager ReloadAssembly
[Licensing::Client] Successfully resolved entitlement details
Symbol file LoadedFromMemory is not a mono symbol file
Symbol file LoadedFromMemory is not a mono symbol file
- Loaded All Assemblies, in  2.615 seconds
Refreshing native plugins compatible for Editor in 9.70 ms, found 5 plugins.
Native extension for WindowsStandalone target not found
[Package Manager] Failed to launch server process. Reason: Unity was launched with the -noUpm command-line argument
[Package Manager] Unable to send message (not connected to server process).
[Package Manager] Cannot connect to Unity Package Manager local server
Refreshing native plugins compatible for Editor in 9.95 ms, found 5 plugins.
[Package Manager] Failed to launch server process. Reason: Unity was launched with the -noUpm command-line argument
[Package Manager] Unable to send message (not connected to server process).
[Package Manager] Cannot connect to Unity Package Manager local server
[MODES] ModeService[none].Initialize
[MODES] ModeService[none].LoadModes
[Licensing::Client] Error: Code 404 while processing request (status: Found 0 entitlement groups and 0 free entitlements matching requested entitlement ids)
ScheduleIndexationOnStartup MainProcess:False IndexOnStartup:True
Mono: successfully reloaded assembly
- Finished resetting the current domain, in  4.362 seconds
Domain Reload Profiling: 6977ms
	BeginReloadAssembly (648ms)
		ExecutionOrderSort (0ms)
		DisableScriptedObjects (18ms)
		BackupInstance (0ms)
		ReleaseScriptingObjects (1ms)
		CreateAndSetChildDomain (248ms)
	RebuildCommonClasses (83ms)
	RebuildNativeTypeToScriptingClass (40ms)
	initialDomainReloadingComplete (119ms)
	LoadAllAssembliesAndSetupDomain (1724ms)
		LoadAssemblies (1114ms)
		RebuildTransferFunctionScriptingTraits (0ms)
		AnalyzeDomain (824ms)
			TypeCache.Refresh (17ms)
				TypeCache.ScanAssembly (0ms)
			BuildScriptInfoCaches (772ms)
			ResolveRequiredComponents (20ms)
	FinalizeReload (4363ms)
		ReleaseScriptCaches (0ms)
		RebuildScriptCaches (0ms)
		SetupLoadedEditorAssemblies (3894ms)
			LogAssemblyErrors (0ms)
			InitializePlatformSupportModulesInManaged (3ms)
			SetLoadedEditorAssemblies (15ms)
			BeforeProcessingInitializeOnLoad (574ms)
			ProcessInitializeOnLoadAttributes (2110ms)
			ProcessInitializeOnLoadMethodAttributes (1172ms)
			AfterProcessingInitializeOnLoad (18ms)
			EditorAssembliesLoaded (2ms)
		ExecutionOrderSort2 (0ms)
		AwakeInstancesAfterBackupRestoration (57ms)
Refreshing native plugins compatible for Editor in 9.85 ms, found 5 plugins.
Preloading 1 native plugins for Editor in 0.28 ms.
Unloading 61 Unused Serialized files (Serialized files now loaded: 0)
Unloading 10684 unused Assets / (22.3 MB). Loaded Objects now: 11672.
Memory consumption went from 340.1 MB to 317.9 MB.
Total: 80.211900 ms (FindLiveObjects: 4.045200 ms CreateObjectMapping: 5.560800 ms MarkObjects: 47.917700 ms  DeleteObjects: 22.685600 ms)

Prepare: number of updated asset objects reloaded= 0
========================================================================
Received Prepare
Begin MonoManager ReloadAssembly
[Licensing::Client] Successfully resolved entitlement details
Symbol file LoadedFromMemory is not a mono symbol file
Symbol file LoadedFromMemory is not a mono symbol file
- Loaded All Assemblies, in  2.546 seconds
Refreshing native plugins compatible for Editor in 9.64 ms, found 5 plugins.
Native extension for WindowsStandalone target not found
[Package Manager] Failed to launch server process. Reason: Unity was launched with the -noUpm command-line argument
[Package Manager] Unable to send message (not connected to server process).
[Package Manager] Cannot connect to Unity Package Manager local server
Refreshing native plugins compatible for Editor in 10.74 ms, found 5 plugins.
[Package Manager] Failed to launch server process. Reason: Unity was launched with the -noUpm command-line argument
[Package Manager] Unable to send message (not connected to server process).
[Package Manager] Cannot connect to Unity Package Manager local server
[MODES] ModeService[none].Initialize
[MODES] ModeService[none].LoadModes
[Licensing::Client] Error: Code 404 while processing request (status: Found 0 entitlement groups and 0 free entitlements matching requested entitlement ids)
ScheduleIndexationOnStartup MainProcess:False IndexOnStartup:True
Mono: successfully reloaded assembly
- Finished resetting the current domain, in  4.964 seconds
Domain Reload Profiling: 7507ms
	BeginReloadAssembly (519ms)
		ExecutionOrderSort (0ms)
		DisableScriptedObjects (14ms)
		BackupInstance (0ms)
		ReleaseScriptingObjects (0ms)
		CreateAndSetChildDomain (146ms)
	RebuildCommonClasses (71ms)
	RebuildNativeTypeToScriptingClass (30ms)
	initialDomainReloadingComplete (160ms)
	LoadAllAssembliesAndSetupDomain (1762ms)
		LoadAssemblies (1132ms)
		RebuildTransferFunctionScriptingTraits (0ms)
		AnalyzeDomain (856ms)
			TypeCache.Refresh (17ms)
				TypeCache.ScanAssembly (0ms)
			BuildScriptInfoCaches (802ms)
			ResolveRequiredComponents (21ms)
	FinalizeReload (4965ms)
		ReleaseScriptCaches (0ms)
		RebuildScriptCaches (0ms)
		SetupLoadedEditorAssemblies (4473ms)
			LogAssemblyErrors (0ms)
			InitializePlatformSupportModulesInManaged (4ms)
			SetLoadedEditorAssemblies (16ms)
			BeforeProcessingInitializeOnLoad (670ms)
			ProcessInitializeOnLoadAttributes (2385ms)
			ProcessInitializeOnLoadMethodAttributes (1365ms)
			AfterProcessingInitializeOnLoad (27ms)
			EditorAssembliesLoaded (7ms)
		ExecutionOrderSort2 (0ms)
		AwakeInstancesAfterBackupRestoration (55ms)
Refreshing native plugins compatible for Editor in 10.35 ms, found 5 plugins.
Preloading 1 native plugins for Editor in 0.21 ms.
Unloading 61 Unused Serialized files (Serialized files now loaded: 0)
Unloading 10684 unused Assets / (22.4 MB). Loaded Objects now: 11675.
Memory consumption went from 344.2 MB to 321.8 MB.
Total: 94.377400 ms (FindLiveObjects: 4.444300 ms CreateObjectMapping: 3.365200 ms MarkObjects: 59.293300 ms  DeleteObjects: 27.270700 ms)

Prepare: number of updated asset objects reloaded= 0
========================================================================
Received Prepare
Begin MonoManager ReloadAssembly
[Licensing::Client] Successfully resolved entitlement details
Symbol file LoadedFromMemory is not a mono symbol file
Symbol file LoadedFromMemory is not a mono symbol file
- Loaded All Assemblies, in  2.612 seconds
Refreshing native plugins compatible for Editor in 7.29 ms, found 5 plugins.
Native extension for WindowsStandalone target not found
[Package Manager] Failed to launch server process. Reason: Unity was launched with the -noUpm command-line argument
[Package Manager] Unable to send message (not connected to server process).
[Package Manager] Cannot connect to Unity Package Manager local server
Refreshing native plugins compatible for Editor in 12.93 ms, found 5 plugins.
[Package Manager] Failed to launch server process. Reason: Unity was launched with the -noUpm command-line argument
[Package Manager] Unable to send message (not connected to server process).
[Package Manager] Cannot connect to Unity Package Manager local server
[MODES] ModeService[none].Initialize
[MODES] ModeService[none].LoadModes
[Licensing::Client] Error: Code 404 while processing request (status: Found 0 entitlement groups and 0 free entitlements matching requested entitlement ids)
ScheduleIndexationOnStartup MainProcess:False IndexOnStartup:True
Mono: successfully reloaded assembly
- Finished resetting the current domain, in  4.820 seconds
Domain Reload Profiling: 7430ms
	BeginReloadAssembly (580ms)
		ExecutionOrderSort (0ms)
		DisableScriptedObjects (23ms)
		BackupInstance (0ms)
		ReleaseScriptingObjects (1ms)
		CreateAndSetChildDomain (173ms)
	RebuildCommonClasses (77ms)
	RebuildNativeTypeToScriptingClass (31ms)
	initialDomainReloadingComplete (132ms)
	LoadAllAssembliesAndSetupDomain (1789ms)
		LoadAssemblies (1126ms)
		RebuildTransferFunctionScriptingTraits (0ms)
		AnalyzeDomain (906ms)
			TypeCache.Refresh (21ms)
				TypeCache.ScanAssembly (0ms)
			BuildScriptInfoCaches (836ms)
			ResolveRequiredComponents (26ms)
	FinalizeReload (4821ms)
		ReleaseScriptCaches (0ms)
		RebuildScriptCaches (0ms)
		SetupLoadedEditorAssemblies (4345ms)
			LogAssemblyErrors (0ms)
			InitializePlatformSupportModulesInManaged (4ms)
			SetLoadedEditorAssemblies (17ms)
			BeforeProcessingInitializeOnLoad (622ms)
			ProcessInitializeOnLoadAttributes (2308ms)
			ProcessInitializeOnLoadMethodAttributes (1368ms)
			AfterProcessingInitializeOnLoad (22ms)
			EditorAssembliesLoaded (3ms)
		ExecutionOrderSort2 (0ms)
		AwakeInstancesAfterBackupRestoration (63ms)
Refreshing native plugins compatible for Editor in 11.79 ms, found 5 plugins.
Preloading 1 native plugins for Editor in 0.25 ms.
Unloading 61 Unused Serialized files (Serialized files now loaded: 0)
Unloading 10684 unused Assets / (21.8 MB). Loaded Objects now: 11678.
Memory consumption went from 348.3 MB to 326.5 MB.
Total: 98.104800 ms (FindLiveObjects: 5.462800 ms CreateObjectMapping: 4.309500 ms MarkObjects: 57.668500 ms  DeleteObjects: 30.660900 ms)

Prepare: number of updated asset objects reloaded= 0
========================================================================
Received Prepare
Begin MonoManager ReloadAssembly
[Licensing::Client] Successfully resolved entitlement details
Symbol file LoadedFromMemory is not a mono symbol file
Symbol file LoadedFromMemory is not a mono symbol file
- Loaded All Assemblies, in  2.418 seconds
Refreshing native plugins compatible for Editor in 9.93 ms, found 5 plugins.
Native extension for WindowsStandalone target not found
[Package Manager] Failed to launch server process. Reason: Unity was launched with the -noUpm command-line argument
[Package Manager] Unable to send message (not connected to server process).
[Package Manager] Cannot connect to Unity Package Manager local server
Refreshing native plugins compatible for Editor in 10.96 ms, found 5 plugins.
[Package Manager] Failed to launch server process. Reason: Unity was launched with the -noUpm command-line argument
[Package Manager] Unable to send message (not connected to server process).
[Package Manager] Cannot connect to Unity Package Manager local server
[MODES] ModeService[none].Initialize
[MODES] ModeService[none].LoadModes
[Licensing::Client] Error: Code 404 while processing request (status: Found 0 entitlement groups and 0 free entitlements matching requested entitlement ids)
ScheduleIndexationOnStartup MainProcess:False IndexOnStartup:True
Mono: successfully reloaded assembly
- Finished resetting the current domain, in  4.784 seconds
Domain Reload Profiling: 7199ms
	BeginReloadAssembly (507ms)
		ExecutionOrderSort (0ms)
		DisableScriptedObjects (20ms)
		BackupInstance (0ms)
		ReleaseScriptingObjects (0ms)
		CreateAndSetChildDomain (143ms)
	RebuildCommonClasses (73ms)
	RebuildNativeTypeToScriptingClass (28ms)
	initialDomainReloadingComplete (147ms)
	LoadAllAssembliesAndSetupDomain (1658ms)
		LoadAssemblies (1075ms)
		RebuildTransferFunctionScriptingTraits (0ms)
		AnalyzeDomain (791ms)
			TypeCache.Refresh (19ms)
				TypeCache.ScanAssembly (0ms)
			BuildScriptInfoCaches (722ms)
			ResolveRequiredComponents (31ms)
	FinalizeReload (4785ms)
		ReleaseScriptCaches (0ms)
		RebuildScriptCaches (0ms)
		SetupLoadedEditorAssemblies (4302ms)
			LogAssemblyErrors (0ms)
			InitializePlatformSupportModulesInManaged (5ms)
			SetLoadedEditorAssemblies (22ms)
			BeforeProcessingInitializeOnLoad (648ms)
			ProcessInitializeOnLoadAttributes (2257ms)
			ProcessInitializeOnLoadMethodAttributes (1342ms)
			AfterProcessingInitializeOnLoad (26ms)
			EditorAssembliesLoaded (2ms)
		ExecutionOrderSort2 (0ms)
		AwakeInstancesAfterBackupRestoration (75ms)
Refreshing native plugins compatible for Editor in 9.16 ms, found 5 plugins.
Preloading 1 native plugins for Editor in 0.23 ms.
Unloading 61 Unused Serialized files (Serialized files now loaded: 0)
Unloading 10684 unused Assets / (19.1 MB). Loaded Objects now: 11681.
Memory consumption went from 352.3 MB to 333.2 MB.
Total: 82.862300 ms (FindLiveObjects: 3.874400 ms CreateObjectMapping: 3.634700 ms MarkObjects: 55.380500 ms  DeleteObjects: 19.970000 ms)

Prepare: number of updated asset objects reloaded= 0
========================================================================
Received Prepare
Begin MonoManager ReloadAssembly
Symbol file LoadedFromMemory is not a mono symbol file
Symbol file LoadedFromMemory is not a mono symbol file
- Loaded All Assemblies, in  2.507 seconds
Refreshing native plugins compatible for Editor in 9.48 ms, found 5 plugins.
Native extension for WindowsStandalone target not found
[Package Manager] Failed to launch server process. Reason: Unity was launched with the -noUpm command-line argument
[Package Manager] Unable to send message (not connected to server process).
[Package Manager] Cannot connect to Unity Package Manager local server
Refreshing native plugins compatible for Editor in 12.41 ms, found 5 plugins.
[Package Manager] Failed to launch server process. Reason: Unity was launched with the -noUpm command-line argument
[Package Manager] Unable to send message (not connected to server process).
[Package Manager] Cannot connect to Unity Package Manager local server
[MODES] ModeService[none].Initialize
[MODES] ModeService[none].LoadModes
[Licensing::Client] Error: Code 404 while processing request (status: Found 0 entitlement groups and 0 free entitlements matching requested entitlement ids)
ScheduleIndexationOnStartup MainProcess:False IndexOnStartup:True
Mono: successfully reloaded assembly
- Finished resetting the current domain, in  5.069 seconds
Domain Reload Profiling: 7574ms
	BeginReloadAssembly (545ms)
		ExecutionOrderSort (0ms)
		DisableScriptedObjects (14ms)
		BackupInstance (0ms)
		ReleaseScriptingObjects (0ms)
		CreateAndSetChildDomain (179ms)
	RebuildCommonClasses (81ms)
	RebuildNativeTypeToScriptingClass (31ms)
	initialDomainReloadingComplete (136ms)
	LoadAllAssembliesAndSetupDomain (1710ms)
		LoadAssemblies (1106ms)
		RebuildTransferFunctionScriptingTraits (0ms)
		AnalyzeDomain (825ms)
			TypeCache.Refresh (17ms)
				TypeCache.ScanAssembly (0ms)
			BuildScriptInfoCaches (776ms)
			ResolveRequiredComponents (17ms)
	FinalizeReload (5070ms)
		ReleaseScriptCaches (0ms)
		RebuildScriptCaches (0ms)
		SetupLoadedEditorAssemblies (4593ms)
			LogAssemblyErrors (0ms)
			InitializePlatformSupportModulesInManaged (4ms)
			SetLoadedEditorAssemblies (14ms)
			BeforeProcessingInitializeOnLoad (706ms)
			ProcessInitializeOnLoadAttributes (2435ms)
			ProcessInitializeOnLoadMethodAttributes (1409ms)
			AfterProcessingInitializeOnLoad (21ms)
			EditorAssembliesLoaded (3ms)
		ExecutionOrderSort2 (0ms)
		AwakeInstancesAfterBackupRestoration (69ms)
Refreshing native plugins compatible for Editor in 11.95 ms, found 5 plugins.
Preloading 1 native plugins for Editor in 0.30 ms.
Unloading 61 Unused Serialized files (Serialized files now loaded: 0)
Unloading 10684 unused Assets / (22.2 MB). Loaded Objects now: 11684.
Memory consumption went from 356.4 MB to 334.2 MB.
Total: 94.982000 ms (FindLiveObjects: 4.775200 ms CreateObjectMapping: 5.770400 ms MarkObjects: 59.608400 ms  DeleteObjects: 24.825000 ms)

Prepare: number of updated asset objects reloaded= 0
========================================================================
Received Import Request.
  Time since last request: 17296.667202 seconds.
  path: Assets/!_Project/Scripts/PlayerDron/BallController.cs
  artifactKey: Guid(b57d6d37008b1ed469f4dd0dd4ee0f10) Importer(815301076,1909f56bfc062723c751e8b465ee728b)
Start importing Assets/!_Project/Scripts/PlayerDron/BallController.cs using Guid(b57d6d37008b1ed469f4dd0dd4ee0f10) Importer(815301076,1909f56bfc062723c751e8b465ee728b) (PreviewImporter) -> (artifact id: '2a1df041aea9da54816a2a920c8e21f0') in 0.0430516 seconds
Number of updated asset objects reloaded before import = 0Number of asset objects unloaded after import = 0

========================================================================
Received Import Request.
  Time since last request: 77.385349 seconds.
  path: Assets/!_Project/Scripts/PlayerDron/ObjectMovement.cs
  artifactKey: Guid(0d76da73f68b1bb4fb6d71b864c3a764) Importer(815301076,1909f56bfc062723c751e8b465ee728b)
Start importing Assets/!_Project/Scripts/PlayerDron/ObjectMovement.cs using Guid(0d76da73f68b1bb4fb6d71b864c3a764) Importer(815301076,1909f56bfc062723c751e8b465ee728b) (PreviewImporter) -> (artifact id: '8a04192f81ea69662fd448d647e7cd53') in 0.0076225 seconds
Number of updated asset objects reloaded before import = 0Number of asset objects unloaded after import = 0

