[Licensing::Module] Trying to connect to existing licensing client channel...
Built from '6000.3/staging' branch; Version is '6000.3.23f1 (09d2ecc7fb28) revision 643820'; Using compiler version '194234433'; Build Type 'Release'
OS: 'Windows 11  (10.0.26200) Professional' Language: 'ru' Physical Memory: 15774 MB
[Licensing::IpcConnector] Successfully connected to: "LicenseClient-alexf" at "2026-09-28T09:48:29.5695996Z"
BatchMode: 1, IsHumanControllingUs: 0, StartBugReporterOnCrash: 0, Is64bit: 1
System  architecture: x64
Process architecture: x64
Date: 2026-09-28T09:48:29Z
[Licensing::Client] Code 10 while verifying Licensing Client signature (process Id: 17224, path: "C:/Program Files/Unity Hub/UnityLicensingClient_V1/Unity.Licensing.Client.exe")
[Licensing::Module] LicensingClient has failed validation; ignoring
[Licensing::Client] Handshaking with LicensingClient:
  Version:                 1.18.3+d7ffd15
  Session Id:              3aa9223b1c484c90b6422a69bad2dc85
  Correlation Id:          a255e677bf57437d888f1699006a97f9
  External correlation Id: 3890759071642790957
  Machine Id:              +OAQAnJ7Z6ADVfkzKEIIzVA0kc8=
[Licensing::Module] Successfully connected to LicensingClient on channel: "LicenseClient-alexf" (connect: 0.00s, validation: 0.00s, handshake: 0.11s)
[Licensing::IpcConnector] Successfully connected to: "LicenseClient-alexf-notifications" at "2026-09-28T09:48:29.6805216Z"
[Licensing::Module] Licensing Background thread has ended after 0.11s

COMMAND LINE ARGUMENTS:
C:\Program Files\Unity\Hub\Editor\6000.3.23f1\Editor\Unity.exe
-adb2
-batchMode
-noUpm
-name
AssetImportWorker0
-projectPath
C:/Unity/Neon Horizon
-logFile
Logs/AssetImportWorker0.log
-srvPort
62400
-parentPid
3372
-analyticsCloudUserId
10171583763260
-analyticsCloudProjectId
9cff1019-d6d3-40b2-aea9-38e9ff936228
-analyticsLocalProjectId
966f891262f6cdc45888fa76954259a0
-editorAnalyticsEnabled
1
-cbmEditorLicense
83070d8dcec7825c34f430beb5a06e72bf3edb1c
-cbmMachineId
+OAQAnJ7Z6ADVfkzKEIIzVA0kc8=
-licensingIpc
LicenseClient-alexf
-job-worker-count
5
-background-job-worker-count
8
-gc-helper-count
1
-name
AssetImport
Successfully changed project path to: C:/Unity/Neon Horizon
C:/Unity/Neon Horizon
[UnityMemory] Configuration Parameters - Can be set up in boot.config
    "memorysetup-temp-allocator-size-nav-mesh-worker=65536"
    "memorysetup-temp-allocator-size-audio-worker=65536"
    "memorysetup-temp-allocator-size-gfx=262144"
    "memorysetup-allocator-temp-initial-block-size-main=262144"
    "memorysetup-allocator-temp-initial-block-size-worker=262144"
    "memorysetup-temp-allocator-size-background-worker=32768"
    "memorysetup-temp-allocator-size-job-worker=262144"
    "memorysetup-temp-allocator-size-preload-manager=33554432"
    "memorysetup-remapper-allocator-initial-capacity=32768"
    "memorysetup-temp-allocator-size-gi-baking-worker=262144"
    "memorysetup-temp-allocator-size-gi-baking-worker=262144"
    "memorysetup-temp-allocator-size-gi-baking-worker=262144"
    "memorysetup-temp-allocator-size-gi-baking-worker=262144"
    "memorysetup-temp-allocator-size-gi-baking-worker=262144"
    "memorysetup-bucket-allocator-granularity=16"
    "memorysetup-bucket-allocator-bucket-count=8"
    "memorysetup-bucket-allocator-block-size=33554432"
    "memorysetup-bucket-allocator-block-count=8"
    "memorysetup-main-allocator-block-size=16777216"
    "memorysetup-thread-allocator-block-size=16777216"
    "memorysetup-gfx-main-allocator-block-size=16777216"
    "memorysetup-gfx-thread-allocator-block-size=16777216"
    "memorysetup-cache-allocator-block-size=4194304"
    "memorysetup-typetree-allocator-block-size=2097152"
    "memorysetup-profiler-bucket-allocator-granularity=16"
    "memorysetup-profiler-bucket-allocator-bucket-count=8"
    "memorysetup-profiler-bucket-allocator-block-size=33554432"
    "memorysetup-profiler-bucket-allocator-block-count=8"
    "memorysetup-profiler-allocator-block-size=16777216"
    "memorysetup-profiler-editor-allocator-block-size=1048576"
    "memorysetup-temp-allocator-size-main=16777216"
    "memorysetup-job-temp-allocator-block-size=2097152"
    "memorysetup-job-temp-allocator-block-size-background=1048576"
    "memorysetup-job-temp-allocator-reduction-small-platforms=262144"
    "memorysetup-temp-allocator-size-cloud-worker=32768"
Player connection [2740]  Target information:

Player connection [2740]  * "[IP] 192.168.0.178 [Port] 0 [Flags] 2 [Guid] 3468878629 [EditorId] 3468878629 [Version] 1048832 [Id] WindowsEditor(7,WIN-OFTAFMSO75S) [Debug] 1 [PackageName] WindowsEditor [ProjectName] Editor" 

Player connection [2740] Host joined multi-casting on [225.0.0.222:54997]...
Player connection [2740] Host joined alternative multi-casting on [225.0.0.222:34997]...
JobSystem: Creating JobQueue using job-worker-count value 5
Input System module state changed to: Initialized.
[Physics::Module] Initialized fallback backend.
[Physics::Module] Id: 0xdecafbad
Library Redirect Path: Library/
[Physics::Module] Selected backend.
[Physics::Module] Name: PhysX
[Physics::Module] Id: 0xf2b8ea05
[Physics::Module] SDK Version: 4.1.2
[Physics::Module] Integration Version: 1.0.0
[Physics::Module] Threading Mode: Multi-Threaded
Refreshing native plugins compatible for Editor in 16.67 ms, found 5 plugins.
Preloading 1 native plugins for Editor in 3.84 ms.
Initialize engine version: 6000.3.23f1 (09d2ecc7fb28)
[Subsystems] Discovering subsystems at path C:/Program Files/Unity/Hub/Editor/6000.3.23f1/Editor/Data/Resources/UnitySubsystems
[Subsystems] Discovering subsystems at path C:/Unity/Neon Horizon/Assets
GfxDevice: creating device client; kGfxThreadingModeNonThreaded
d3d12: failed to query info queue interface (0x80004002).
Direct3D:
    Version:         Direct3D 12 [level 12.1]
    Renderer:        AMD Radeon (TM) Graphics (ID=0x15e7)
    Vendor:          ATI
    VRAM:            7887 MB
    App VRAM Budget: 7707 MB
    Driver:          31.0.12042.4
    Unified Memory Architecture
Initialize mono
Mono path[0] = 'C:/Program Files/Unity/Hub/Editor/6000.3.23f1/Editor/Data/Managed'
Mono path[1] = 'C:/Program Files/Unity/Hub/Editor/6000.3.23f1/Editor/Data/MonoBleedingEdge/lib/mono/unityjit-win32'
Mono config path = 'C:/Program Files/Unity/Hub/Editor/6000.3.23f1/Editor/Data/MonoBleedingEdge/etc'
Using monoOptions --debugger-agent=transport=dt_socket,embedding=1,server=y,suspend=n,address=127.0.0.1:56380
Begin MonoManager ReloadAssembly
Registering precompiled unity dll's ...
Register platform support module: C:/Program Files/Unity/Hub/Editor/6000.3.23f1/Editor/Data/PlaybackEngines/WindowsStandaloneSupport/UnityEditor.WindowsStandalone.Extensions.dll
Registered in 0.004329 seconds.
- Loaded All Assemblies, in  1.055 seconds
Native extension for WindowsStandalone target not found
Package Manager log level set to [2]
[Package Manager] Failed to launch server process. Reason: Unity was launched with the -noUpm command-line argument
[Package Manager] Unable to send message (not connected to server process).
[Package Manager] Cannot connect to Unity Package Manager local server
ScheduleIndexationOnStartup MainProcess:False IndexOnStartup:True
Mono: successfully reloaded assembly
- Finished resetting the current domain, in  0.954 seconds
Domain Reload Profiling: 2001ms
	BeginReloadAssembly (356ms)
		ExecutionOrderSort (0ms)
		DisableScriptedObjects (0ms)
		BackupInstance (0ms)
		ReleaseScriptingObjects (0ms)
		CreateAndSetChildDomain (2ms)
	RebuildCommonClasses (81ms)
	RebuildNativeTypeToScriptingClass (34ms)
	initialDomainReloadingComplete (150ms)
	LoadAllAssembliesAndSetupDomain (425ms)
		LoadAssemblies (344ms)
		RebuildTransferFunctionScriptingTraits (0ms)
		AnalyzeDomain (418ms)
			TypeCache.Refresh (415ms)
				TypeCache.ScanAssembly (389ms)
			BuildScriptInfoCaches (0ms)
			ResolveRequiredComponents (1ms)
	FinalizeReload (955ms)
		ReleaseScriptCaches (0ms)
		RebuildScriptCaches (0ms)
		SetupLoadedEditorAssemblies (839ms)
			LogAssemblyErrors (0ms)
			InitializePlatformSupportModulesInManaged (108ms)
			SetLoadedEditorAssemblies (11ms)
			BeforeProcessingInitializeOnLoad (203ms)
			ProcessInitializeOnLoadAttributes (358ms)
			ProcessInitializeOnLoadMethodAttributes (158ms)
			AfterProcessingInitializeOnLoad (0ms)
			EditorAssembliesLoaded (0ms)
		ExecutionOrderSort2 (0ms)
		AwakeInstancesAfterBackupRestoration (0ms)
[Licensing::Client] Successfully resolved entitlement details
[Licensing::Module] License group:
  Id: 10171583763260-UnityPersXXXX
  Product: Unity Personal
  Type: Assigned
  Expiration: Unlimited
Curl error 3: URL rejected: Malformed input to a URL function
========================================================================
Worker process is ready to serve import requests
Import Worker Mode flag is 0x00
Begin MonoManager ReloadAssembly
Symbol file LoadedFromMemory is not a mono symbol file
Symbol file LoadedFromMemory is not a mono symbol file
- Loaded All Assemblies, in  2.891 seconds
Refreshing native plugins compatible for Editor in 7.13 ms, found 5 plugins.
Native extension for WindowsStandalone target not found
[Package Manager] Failed to launch server process. Reason: Unity was launched with the -noUpm command-line argument
[Package Manager] Unable to send message (not connected to server process).
[Package Manager] Cannot connect to Unity Package Manager local server
Refreshing native plugins compatible for Editor in 8.05 ms, found 5 plugins.
[Package Manager] Failed to launch server process. Reason: Unity was launched with the -noUpm command-line argument
[Package Manager] Unable to send message (not connected to server process).
[Package Manager] Cannot connect to Unity Package Manager local server
[Licensing::Client] Error: Code 404 while processing request (status: Found 0 entitlement groups and 0 free entitlements matching requested entitlement ids)
ScheduleIndexationOnStartup MainProcess:False IndexOnStartup:True
Mono: successfully reloaded assembly
- Finished resetting the current domain, in  4.870 seconds
Domain Reload Profiling: 7744ms
	BeginReloadAssembly (453ms)
		ExecutionOrderSort (0ms)
		DisableScriptedObjects (13ms)
		BackupInstance (0ms)
		ReleaseScriptingObjects (0ms)
		CreateAndSetChildDomain (52ms)
	RebuildCommonClasses (95ms)
	RebuildNativeTypeToScriptingClass (27ms)
	initialDomainReloadingComplete (175ms)
	LoadAllAssembliesAndSetupDomain (2123ms)
		LoadAssemblies (1304ms)
		RebuildTransferFunctionScriptingTraits (0ms)
		AnalyzeDomain (1103ms)
			TypeCache.Refresh (907ms)
				TypeCache.ScanAssembly (860ms)
			BuildScriptInfoCaches (170ms)
			ResolveRequiredComponents (16ms)
	FinalizeReload (4871ms)
		ReleaseScriptCaches (0ms)
		RebuildScriptCaches (0ms)
		SetupLoadedEditorAssemblies (4326ms)
			LogAssemblyErrors (0ms)
			InitializePlatformSupportModulesInManaged (5ms)
			SetLoadedEditorAssemblies (14ms)
			BeforeProcessingInitializeOnLoad (603ms)
			ProcessInitializeOnLoadAttributes (2879ms)
			ProcessInitializeOnLoadMethodAttributes (800ms)
			AfterProcessingInitializeOnLoad (25ms)
			EditorAssembliesLoaded (1ms)
		ExecutionOrderSort2 (0ms)
		AwakeInstancesAfterBackupRestoration (18ms)
Launched and connected shader compiler UnityShaderCompiler.exe after 0.04 seconds
Refreshing native plugins compatible for Editor in 10.92 ms, found 5 plugins.
Preloading 1 native plugins for Editor in 0.23 ms.
Unloading 59 Unused Serialized files (Serialized files now loaded: 0)
Curl error 3: URL rejected: Malformed input to a URL function
Unloading 10310 unused Assets / (23.6 MB). Loaded Objects now: 11138.
Memory consumption went from 217.8 MB to 194.2 MB.
Total: 61.262600 ms (FindLiveObjects: 3.429000 ms CreateObjectMapping: 3.930600 ms MarkObjects: 37.965500 ms  DeleteObjects: 15.935700 ms)

========================================================================
Received Import Request.
  Time since last request: 1314373.131752 seconds.
  path: Assets/!_Project/Prefabs/CosmoDron.prefab
  artifactKey: Guid(b2b545b5ca9f3fe48bb51f3bbcc7fd3f) Importer(2089858483,b0f066a214c2f5e87bad3c948f4d605d)
Start importing Assets/!_Project/Prefabs/CosmoDron.prefab using Guid(b2b545b5ca9f3fe48bb51f3bbcc7fd3f) Importer(2089858483,b0f066a214c2f5e87bad3c948f4d605d) (ScriptedImporter) -> (artifact id: '385660919a600c9f3c641dd1528204b9') in 0.2498631 seconds
Number of updated asset objects reloaded before import = 0Number of asset objects unloaded after import = 4

========================================================================
Received Import Request.
  Time since last request: 0.000053 seconds.
  path: Assets/Thirdparty/Shield Shader FREE/Documentation(Shield hologram shader FREE).txt
  artifactKey: Guid(cf4f6a44626e06f4ca6a7cf4afb27db0) Importer(2089858483,b0f066a214c2f5e87bad3c948f4d605d)
Start importing Assets/Thirdparty/Shield Shader FREE/Documentation(Shield hologram shader FREE).txt using Guid(cf4f6a44626e06f4ca6a7cf4afb27db0) Importer(2089858483,b0f066a214c2f5e87bad3c948f4d605d) (ScriptedImporter) -> (artifact id: '1d3a7551206330eed3fb5448bf6ed9d8') in 0.0229703 seconds
Number of updated asset objects reloaded before import = 0Number of asset objects unloaded after import = 1

========================================================================
Received Import Request.
  Time since last request: 0.000048 seconds.
  path: Assets/Thirdparty/Shield Shader FREE/Demo/Global Volume Profile 1.asset
  artifactKey: Guid(f59c3117982ec084e82d5163261f72be) Importer(2089858483,b0f066a214c2f5e87bad3c948f4d605d)
Start importing Assets/Thirdparty/Shield Shader FREE/Demo/Global Volume Profile 1.asset using Guid(f59c3117982ec084e82d5163261f72be) Importer(2089858483,b0f066a214c2f5e87bad3c948f4d605d) (ScriptedImporter) -> (artifact id: '66f3c59867d7050d936d134f4c3e9aaf') in 0.0364486 seconds
Number of updated asset objects reloaded before import = 0Number of asset objects unloaded after import = 2

========================================================================
Received Import Request.
  Time since last request: 0.000066 seconds.
  path: Assets/Thirdparty/Shield Shader FREE/Textures/Shader/Cage Bold.png
  artifactKey: Guid(53355bd25dd27344aa8006000825dbde) Importer(2089858483,b0f066a214c2f5e87bad3c948f4d605d)
Start importing Assets/Thirdparty/Shield Shader FREE/Textures/Shader/Cage Bold.png using Guid(53355bd25dd27344aa8006000825dbde) Importer(2089858483,b0f066a214c2f5e87bad3c948f4d605d) (ScriptedImporter) -> (artifact id: 'd3213d775e3f9052ed5e59bb3c54d2c8') in 0.1941851 seconds
Number of updated asset objects reloaded before import = 0Number of asset objects unloaded after import = 1

========================================================================
Received Import Request.
  Time since last request: 0.000039 seconds.
  path: Assets/Thirdparty/Shield Shader FREE/Materials/Shield FX_18.mat
  artifactKey: Guid(0d3a2e342fb45db439ee5963f55aac06) Importer(2089858483,b0f066a214c2f5e87bad3c948f4d605d)
Start importing Assets/Thirdparty/Shield Shader FREE/Materials/Shield FX_18.mat using Guid(0d3a2e342fb45db439ee5963f55aac06) Importer(2089858483,b0f066a214c2f5e87bad3c948f4d605d) (ScriptedImporter) -> (artifact id: '489555a58c697376dd18be8ac17dd772') in 0.10065 seconds
Number of updated asset objects reloaded before import = 0Number of asset objects unloaded after import = 6

========================================================================
Received Import Request.
  Time since last request: 0.000062 seconds.
  path: Assets/!_Project/Scenes/02_GameLevel.unity
  artifactKey: Guid(d9f48303c6dad8e41adf0703929f14c0) Importer(2089858483,b0f066a214c2f5e87bad3c948f4d605d)
Start importing Assets/!_Project/Scenes/02_GameLevel.unity using Guid(d9f48303c6dad8e41adf0703929f14c0) Importer(2089858483,b0f066a214c2f5e87bad3c948f4d605d) (ScriptedImporter) -> (artifact id: '4715806fc0bc5d2575f629b4e0cb5b09') in 0.033543 seconds
Number of updated asset objects reloaded before import = 0Number of asset objects unloaded after import = 1

========================================================================
Received Import Request.
  Time since last request: 0.000062 seconds.
  path: Assets/Thirdparty/Shield Shader FREE/Materials/Shield FX_10.mat
  artifactKey: Guid(cee33a37f4d23a749962887be9053bae) Importer(2089858483,b0f066a214c2f5e87bad3c948f4d605d)
Start importing Assets/Thirdparty/Shield Shader FREE/Materials/Shield FX_10.mat using Guid(cee33a37f4d23a749962887be9053bae) Importer(2089858483,b0f066a214c2f5e87bad3c948f4d605d) (ScriptedImporter) -> (artifact id: '18ee1ee25530a3e9678817f5c18a98aa') in 0.030614 seconds
Number of updated asset objects reloaded before import = 0Number of asset objects unloaded after import = 5

========================================================================
Received Import Request.
  Time since last request: 0.000043 seconds.
  path: Assets/Thirdparty/Shield Shader FREE/Meshes/Capsule.fbx
  artifactKey: Guid(abca6b3389487f24492facf7bc14dea0) Importer(2089858483,b0f066a214c2f5e87bad3c948f4d605d)
Start importing Assets/Thirdparty/Shield Shader FREE/Meshes/Capsule.fbx using Guid(abca6b3389487f24492facf7bc14dea0) Importer(2089858483,b0f066a214c2f5e87bad3c948f4d605d) (ScriptedImporter) -> (artifact id: '5d74fc2ed55a1fe479a97d45097b98e6') in 0.1077337 seconds
Number of updated asset objects reloaded before import = 0Number of asset objects unloaded after import = 8

========================================================================
Received Import Request.
  Time since last request: 0.000050 seconds.
  path: Assets/!_Project/Scenes/01_MainMenu.unity
  artifactKey: Guid(99c9720ab356a0642a771bea13969a05) Importer(2089858483,b0f066a214c2f5e87bad3c948f4d605d)
Start importing Assets/!_Project/Scenes/01_MainMenu.unity using Guid(99c9720ab356a0642a771bea13969a05) Importer(2089858483,b0f066a214c2f5e87bad3c948f4d605d) (ScriptedImporter) -> (artifact id: 'db1a34613705fc9d2562c2ddda29f1c1') in 0.0263291 seconds
Number of updated asset objects reloaded before import = 0Number of asset objects unloaded after import = 1

========================================================================
Received Import Request.
  Time since last request: 0.000030 seconds.
  path: Assets/Thirdparty/Shield Shader FREE/Prefabs/Shield FX_ FREE_9.prefab
  artifactKey: Guid(222e83b068df3794abf36646716139de) Importer(2089858483,b0f066a214c2f5e87bad3c948f4d605d)
Start importing Assets/Thirdparty/Shield Shader FREE/Prefabs/Shield FX_ FREE_9.prefab using Guid(222e83b068df3794abf36646716139de) Importer(2089858483,b0f066a214c2f5e87bad3c948f4d605d) (ScriptedImporter) -> (artifact id: '06223793e47eb8466ea101835d163049') in 0.0574947 seconds
Number of updated asset objects reloaded before import = 0Number of asset objects unloaded after import = 9

========================================================================
Received Import Request.
  Time since last request: 0.000034 seconds.
  path: Assets/Thirdparty/Shield Shader FREE/Textures/Shader/Hex tile Dots Faded.png
  artifactKey: Guid(3676355049339ca4a9013fbe70a32783) Importer(2089858483,b0f066a214c2f5e87bad3c948f4d605d)
Start importing Assets/Thirdparty/Shield Shader FREE/Textures/Shader/Hex tile Dots Faded.png using Guid(3676355049339ca4a9013fbe70a32783) Importer(2089858483,b0f066a214c2f5e87bad3c948f4d605d) (ScriptedImporter) -> (artifact id: 'dd253af077f46992d7769189851723a7') in 0.0678559 seconds
Number of updated asset objects reloaded before import = 0Number of asset objects unloaded after import = 1

========================================================================
Received Import Request.
  Time since last request: 0.000091 seconds.
  path: Assets/Thirdparty/Shield Shader FREE/Prefabs/Shield FX_ FREE_4.prefab
  artifactKey: Guid(a1b979dae55255b4d8112533c556b6e1) Importer(2089858483,b0f066a214c2f5e87bad3c948f4d605d)
Start importing Assets/Thirdparty/Shield Shader FREE/Prefabs/Shield FX_ FREE_4.prefab using Guid(a1b979dae55255b4d8112533c556b6e1) Importer(2089858483,b0f066a214c2f5e87bad3c948f4d605d) (ScriptedImporter) -> (artifact id: '1327d377250d67de2d66be71a0f9962d') in 0.0338459 seconds
Number of updated asset objects reloaded before import = 0Number of asset objects unloaded after import = 9

========================================================================
Received Import Request.
  Time since last request: 0.000036 seconds.
  path: Assets/Thirdparty/Shield Shader FREE/Prefabs/Shield FX_ FREE_5.prefab
  artifactKey: Guid(afd9c2ff73643f94a9489ddf2a691013) Importer(2089858483,b0f066a214c2f5e87bad3c948f4d605d)
Start importing Assets/Thirdparty/Shield Shader FREE/Prefabs/Shield FX_ FREE_5.prefab using Guid(afd9c2ff73643f94a9489ddf2a691013) Importer(2089858483,b0f066a214c2f5e87bad3c948f4d605d) (ScriptedImporter) -> (artifact id: '4a8d0740c32f5733792efcc6a4a911e7') in 0.0389624 seconds
Number of updated asset objects reloaded before import = 0Number of asset objects unloaded after import = 9

========================================================================
Received Import Request.
  Time since last request: 0.000039 seconds.
  path: Assets/Thirdparty/Shield Shader FREE/Materials/Others/Ghost Eye.mat
  artifactKey: Guid(a786fddcd7a52b44e85a73c2c8629ef4) Importer(2089858483,b0f066a214c2f5e87bad3c948f4d605d)
Start importing Assets/Thirdparty/Shield Shader FREE/Materials/Others/Ghost Eye.mat using Guid(a786fddcd7a52b44e85a73c2c8629ef4) Importer(2089858483,b0f066a214c2f5e87bad3c948f4d605d) (ScriptedImporter) -> (artifact id: 'f55ff1444756356daf274a482e997e87') in 0.0282344 seconds
Number of updated asset objects reloaded before import = 0Number of asset objects unloaded after import = 1

========================================================================
Received Import Request.
  Time since last request: 0.000044 seconds.
  path: Assets/Thirdparty/Shield Shader FREE/Materials/Shield FX_9.mat
  artifactKey: Guid(f9402d400b550074f81373807c0318f9) Importer(2089858483,b0f066a214c2f5e87bad3c948f4d605d)
Start importing Assets/Thirdparty/Shield Shader FREE/Materials/Shield FX_9.mat using Guid(f9402d400b550074f81373807c0318f9) Importer(2089858483,b0f066a214c2f5e87bad3c948f4d605d) (ScriptedImporter) -> (artifact id: '3eb38469d742ac79dbcebb6049aa0d7c') in 0.0213445 seconds
Number of updated asset objects reloaded before import = 0Number of asset objects unloaded after import = 5

========================================================================
Received Import Request.
  Time since last request: 0.000030 seconds.
  path: Assets/Thirdparty/Shield Shader FREE/Animations
  artifactKey: Guid(b65683c6cdc9c384094773cc37bc1c8a) Importer(2089858483,b0f066a214c2f5e87bad3c948f4d605d)
Start importing Assets/Thirdparty/Shield Shader FREE/Animations using Guid(b65683c6cdc9c384094773cc37bc1c8a) Importer(2089858483,b0f066a214c2f5e87bad3c948f4d605d) (ScriptedImporter) -> (artifact id: 'c0d066a9ed625ce3002770a6a4857d56') in 0.0210986 seconds
Number of updated asset objects reloaded before import = 0Number of asset objects unloaded after import = 1

========================================================================
Received Import Request.
  Time since last request: 0.000059 seconds.
  path: Assets/Thirdparty/Shield Shader FREE/Prefabs/Shield FX_ FREE_2.prefab
  artifactKey: Guid(9663a230ea3ad294ab0de884590e32dd) Importer(2089858483,b0f066a214c2f5e87bad3c948f4d605d)
Start importing Assets/Thirdparty/Shield Shader FREE/Prefabs/Shield FX_ FREE_2.prefab using Guid(9663a230ea3ad294ab0de884590e32dd) Importer(2089858483,b0f066a214c2f5e87bad3c948f4d605d) (ScriptedImporter) -> (artifact id: 'd9651b8b7d454de35c472035d8b7317d') in 0.0334043 seconds
Number of updated asset objects reloaded before import = 0Number of asset objects unloaded after import = 9

========================================================================
Received Import Request.
  Time since last request: 0.000085 seconds.
  path: Assets/Thirdparty/Shield Shader FREE/Materials/Shield FX_14 1.mat
  artifactKey: Guid(1a3bec1e7d134ae4094ba7a61aba4cef) Importer(2089858483,b0f066a214c2f5e87bad3c948f4d605d)
Start importing Assets/Thirdparty/Shield Shader FREE/Materials/Shield FX_14 1.mat using Guid(1a3bec1e7d134ae4094ba7a61aba4cef) Importer(2089858483,b0f066a214c2f5e87bad3c948f4d605d) (ScriptedImporter) -> (artifact id: '56db1bbc3459ef6225a3b4d4f9d636ca') in 0.0399469 seconds
Number of updated asset objects reloaded before import = 0Number of asset objects unloaded after import = 6

========================================================================
Received Import Request.
  Time since last request: 0.000098 seconds.
  path: Assets/Thirdparty/Shield Shader FREE/Materials/Others/Floor.mat
  artifactKey: Guid(a8f978b1c57d9bf4d8da5a2f2b85270d) Importer(2089858483,b0f066a214c2f5e87bad3c948f4d605d)
Start importing Assets/Thirdparty/Shield Shader FREE/Materials/Others/Floor.mat using Guid(a8f978b1c57d9bf4d8da5a2f2b85270d) Importer(2089858483,b0f066a214c2f5e87bad3c948f4d605d) (ScriptedImporter) -> (artifact id: '774ffeebff06900579cac95269c61def') in 0.0545845 seconds
Number of updated asset objects reloaded before import = 0Number of asset objects unloaded after import = 2

========================================================================
Received Prepare
Begin MonoManager ReloadAssembly
[Licensing::Client] Successfully resolved entitlement details
Symbol file LoadedFromMemory is not a mono symbol file
Symbol file LoadedFromMemory is not a mono symbol file
- Loaded All Assemblies, in  3.150 seconds
Refreshing native plugins compatible for Editor in 6.14 ms, found 5 plugins.
Native extension for WindowsStandalone target not found
[Package Manager] Failed to launch server process. Reason: Unity was launched with the -noUpm command-line argument
[Package Manager] Unable to send message (not connected to server process).
[Package Manager] Cannot connect to Unity Package Manager local server
Refreshing native plugins compatible for Editor in 11.74 ms, found 5 plugins.
[Package Manager] Failed to launch server process. Reason: Unity was launched with the -noUpm command-line argument
[Package Manager] Unable to send message (not connected to server process).
[Package Manager] Cannot connect to Unity Package Manager local server
[MODES] ModeService[none].Initialize
[MODES] ModeService[none].LoadModes
[MODES] Loading mode Default (0) for mode-current-id-Neon Horizon
[Licensing::Client] Error: Code 404 while processing request (status: Found 0 entitlement groups and 0 free entitlements matching requested entitlement ids)
ScheduleIndexationOnStartup MainProcess:False IndexOnStartup:True
Mono: successfully reloaded assembly
- Finished resetting the current domain, in  4.157 seconds
Domain Reload Profiling: 7304ms
	BeginReloadAssembly (904ms)
		ExecutionOrderSort (0ms)
		DisableScriptedObjects (19ms)
		BackupInstance (0ms)
		ReleaseScriptingObjects (1ms)
		CreateAndSetChildDomain (331ms)
	RebuildCommonClasses (102ms)
	RebuildNativeTypeToScriptingClass (27ms)
	initialDomainReloadingComplete (132ms)
	LoadAllAssembliesAndSetupDomain (1980ms)
		LoadAssemblies (1235ms)
		RebuildTransferFunctionScriptingTraits (0ms)
		AnalyzeDomain (956ms)
			TypeCache.Refresh (47ms)
				TypeCache.ScanAssembly (20ms)
			BuildScriptInfoCaches (867ms)
			ResolveRequiredComponents (25ms)
	FinalizeReload (4158ms)
		ReleaseScriptCaches (0ms)
		RebuildScriptCaches (0ms)
		SetupLoadedEditorAssemblies (3738ms)
			LogAssemblyErrors (0ms)
			InitializePlatformSupportModulesInManaged (4ms)
			SetLoadedEditorAssemblies (13ms)
			BeforeProcessingInitializeOnLoad (617ms)
			ProcessInitializeOnLoadAttributes (2080ms)
			ProcessInitializeOnLoadMethodAttributes (1009ms)
			AfterProcessingInitializeOnLoad (15ms)
			EditorAssembliesLoaded (1ms)
		ExecutionOrderSort2 (0ms)
		AwakeInstancesAfterBackupRestoration (38ms)
Refreshing native plugins compatible for Editor in 7.27 ms, found 5 plugins.
Preloading 1 native plugins for Editor in 0.32 ms.
Unloading 82 Unused Serialized files (Serialized files now loaded: 0)
Unloading 10702 unused Assets / (23.6 MB). Loaded Objects now: 11528.
Memory consumption went from 235.0 MB to 211.5 MB.
Total: 48.258100 ms (FindLiveObjects: 1.974400 ms CreateObjectMapping: 2.003600 ms MarkObjects: 32.145000 ms  DeleteObjects: 12.131700 ms)

Prepare: number of updated asset objects reloaded= 0
========================================================================
Received Import Request.
  Time since last request: 145.148026 seconds.
  path: Assets/!_Project/Prefabs/CosmoDron.prefab
  artifactKey: Guid(b2b545b5ca9f3fe48bb51f3bbcc7fd3f) Importer(815301076,1909f56bfc062723c751e8b465ee728b)
Start importing Assets/!_Project/Prefabs/CosmoDron.prefab using Guid(b2b545b5ca9f3fe48bb51f3bbcc7fd3f) Importer(815301076,1909f56bfc062723c751e8b465ee728b) (PreviewImporter) -> (artifact id: '2a0018abd606df3fea616ed022d4a5dc') in 0.0726293 seconds
Number of updated asset objects reloaded before import = 0Number of asset objects unloaded after import = 4

========================================================================
Received Import Request.
  Time since last request: 21106.940806 seconds.
  path: Assets/!_Project/Prefabs/CosmoDron.prefab
  artifactKey: Guid(b2b545b5ca9f3fe48bb51f3bbcc7fd3f) Importer(815301076,1909f56bfc062723c751e8b465ee728b)
Start importing Assets/!_Project/Prefabs/CosmoDron.prefab using Guid(b2b545b5ca9f3fe48bb51f3bbcc7fd3f) Importer(815301076,1909f56bfc062723c751e8b465ee728b) (PreviewImporter) -> (artifact id: 'f29a6cce3913633ee2dfbd8b52127156') in 0.1217145 seconds
Number of updated asset objects reloaded before import = 0Number of asset objects unloaded after import = 40

========================================================================
Received Import Request.
  Time since last request: 3.571202 seconds.
  path: Packages/com.unity.probuilder/Editor Default Resources/Icons/Toolbar/Selection_Loop_Face_Light@2x.png
  artifactKey: Guid(904f1eb019c929242a8cfd2823327c7c) Importer(2089858483,b0f066a214c2f5e87bad3c948f4d605d)
Start importing Packages/com.unity.probuilder/Editor Default Resources/Icons/Toolbar/Selection_Loop_Face_Light@2x.png using Guid(904f1eb019c929242a8cfd2823327c7c) Importer(2089858483,b0f066a214c2f5e87bad3c948f4d605d) (ScriptedImporter) -> (artifact id: '4d5338160e7a5dcf6e7dbd6bb51e713f') in 0.1658815 seconds
Number of updated asset objects reloaded before import = 0Number of asset objects unloaded after import = 1

========================================================================
Received Import Request.
  Time since last request: 0.000060 seconds.
  path: Packages/com.unity.probuilder/AssetIdRemapUtility/Editor/PackageImporter.cs
  artifactKey: Guid(bb48793c33304c1ca4300c46c9c13b46) Importer(2089858483,b0f066a214c2f5e87bad3c948f4d605d)
Start importing Packages/com.unity.probuilder/AssetIdRemapUtility/Editor/PackageImporter.cs using Guid(bb48793c33304c1ca4300c46c9c13b46) Importer(2089858483,b0f066a214c2f5e87bad3c948f4d605d) (ScriptedImporter) -> (artifact id: 'a89c4c208b924368af9c8ac2a73df1b3') in 0.025207 seconds
Number of updated asset objects reloaded before import = 0Number of asset objects unloaded after import = 0

========================================================================
Received Import Request.
  Time since last request: 0.000038 seconds.
  path: Packages/com.unity.probuilder/Editor/EditorCore/UnwrapParametersEditor.cs
  artifactKey: Guid(5beb7cb1a6d016b4a856f5112f2048fd) Importer(2089858483,b0f066a214c2f5e87bad3c948f4d605d)
Start importing Packages/com.unity.probuilder/Editor/EditorCore/UnwrapParametersEditor.cs using Guid(5beb7cb1a6d016b4a856f5112f2048fd) Importer(2089858483,b0f066a214c2f5e87bad3c948f4d605d) (ScriptedImporter) -> (artifact id: '0b3e0ce06e9fabcf764c717ef2adcf75') in 0.0153804 seconds
Number of updated asset objects reloaded before import = 0Number of asset objects unloaded after import = 0

========================================================================
Received Import Request.
  Time since last request: 0.000038 seconds.
  path: Packages/com.unity.probuilder/Editor Default Resources/Icons/Toolbar/Edge_Subdivide_Light.png
  artifactKey: Guid(b44c9fd2ee129ef48999e3074145f301) Importer(2089858483,b0f066a214c2f5e87bad3c948f4d605d)
Start importing Packages/com.unity.probuilder/Editor Default Resources/Icons/Toolbar/Edge_Subdivide_Light.png using Guid(b44c9fd2ee129ef48999e3074145f301) Importer(2089858483,b0f066a214c2f5e87bad3c948f4d605d) (ScriptedImporter) -> (artifact id: '96010cadc198f0fbb8510ddaaa4830d1') in 0.0278371 seconds
Number of updated asset objects reloaded before import = 0Number of asset objects unloaded after import = 1

========================================================================
Received Import Request.
  Time since last request: 0.000065 seconds.
  path: Packages/com.unity.probuilder/Runtime/Core/ActionResult.cs
  artifactKey: Guid(0c96b34c870fc49b6b189786a55e14ad) Importer(2089858483,b0f066a214c2f5e87bad3c948f4d605d)
Start importing Packages/com.unity.probuilder/Runtime/Core/ActionResult.cs using Guid(0c96b34c870fc49b6b189786a55e14ad) Importer(2089858483,b0f066a214c2f5e87bad3c948f4d605d) (ScriptedImporter) -> (artifact id: '28ab282fbc2716f111d0159ece16e654') in 0.0155633 seconds
Number of updated asset objects reloaded before import = 0Number of asset objects unloaded after import = 0

========================================================================
Received Import Request.
  Time since last request: 0.000029 seconds.
  path: Packages/com.unity.probuilder/Runtime/Core/ColliderBehaviour.cs
  artifactKey: Guid(57444c075000242ea99e263cee940de2) Importer(2089858483,b0f066a214c2f5e87bad3c948f4d605d)
Start importing Packages/com.unity.probuilder/Runtime/Core/ColliderBehaviour.cs using Guid(57444c075000242ea99e263cee940de2) Importer(2089858483,b0f066a214c2f5e87bad3c948f4d605d) (ScriptedImporter) -> (artifact id: 'a0fe7ed3beae18b9f3497a7656f81842') in 0.01347 seconds
Number of updated asset objects reloaded before import = 0Number of asset objects unloaded after import = 0

========================================================================
Received Import Request.
  Time since last request: 0.000075 seconds.
  path: Packages/com.unity.probuilder/Editor Default Resources/Icons/Modes/d_ToolHandleGlobal.png
  artifactKey: Guid(3a7a8e4f998d3ad488171a136250a00d) Importer(2089858483,b0f066a214c2f5e87bad3c948f4d605d)
Start importing Packages/com.unity.probuilder/Editor Default Resources/Icons/Modes/d_ToolHandleGlobal.png using Guid(3a7a8e4f998d3ad488171a136250a00d) Importer(2089858483,b0f066a214c2f5e87bad3c948f4d605d) (ScriptedImporter) -> (artifact id: '9b8b44976bff6b69f12cc9549e63a02b') in 0.0258381 seconds
Number of updated asset objects reloaded before import = 0Number of asset objects unloaded after import = 1

========================================================================
Received Import Request.
  Time since last request: 0.000034 seconds.
  path: Packages/com.unity.probuilder/Editor Default Resources/Icons/Tools
  artifactKey: Guid(ae94181be3f32484085bb1b8b672e9f3) Importer(2089858483,b0f066a214c2f5e87bad3c948f4d605d)
Start importing Packages/com.unity.probuilder/Editor Default Resources/Icons/Tools using Guid(ae94181be3f32484085bb1b8b672e9f3) Importer(2089858483,b0f066a214c2f5e87bad3c948f4d605d) (ScriptedImporter) -> (artifact id: '149c4117e89915021e827547de4f523c') in 0.0144209 seconds
Number of updated asset objects reloaded before import = 0Number of asset objects unloaded after import = 1

========================================================================
Received Import Request.
  Time since last request: 0.000047 seconds.
  path: Packages/com.unity.probuilder/Editor/EditorCore/EditorStyles.cs
  artifactKey: Guid(a08405bf933b15f4882645f9cb359193) Importer(2089858483,b0f066a214c2f5e87bad3c948f4d605d)
Start importing Packages/com.unity.probuilder/Editor/EditorCore/EditorStyles.cs using Guid(a08405bf933b15f4882645f9cb359193) Importer(2089858483,b0f066a214c2f5e87bad3c948f4d605d) (ScriptedImporter) -> (artifact id: '3895452a99bb1c673b531084822fba3c') in 0.0143189 seconds
Number of updated asset objects reloaded before import = 0Number of asset objects unloaded after import = 0

========================================================================
Received Import Request.
  Time since last request: 0.000055 seconds.
  path: Packages/com.unity.probuilder/Editor/MenuActions/Editors/OpenVertexPositionEditor.cs
  artifactKey: Guid(0af7522e3732400388ebc019d869caf2) Importer(2089858483,b0f066a214c2f5e87bad3c948f4d605d)
Start importing Packages/com.unity.probuilder/Editor/MenuActions/Editors/OpenVertexPositionEditor.cs using Guid(0af7522e3732400388ebc019d869caf2) Importer(2089858483,b0f066a214c2f5e87bad3c948f4d605d) (ScriptedImporter) -> (artifact id: 'fe712c6cc95ae67fdc6f8fed83b45881') in 0.0127092 seconds
Number of updated asset objects reloaded before import = 0Number of asset objects unloaded after import = 0

========================================================================
Received Import Request.
  Time since last request: 0.000086 seconds.
  path: Packages/com.unity.probuilder/Editor Default Resources/Icons/Toolbar/Selection_ShiftDifference_Light.png
  artifactKey: Guid(08b32ef92f7549445a6b940616816c97) Importer(2089858483,b0f066a214c2f5e87bad3c948f4d605d)
Start importing Packages/com.unity.probuilder/Editor Default Resources/Icons/Toolbar/Selection_ShiftDifference_Light.png using Guid(08b32ef92f7549445a6b940616816c97) Importer(2089858483,b0f066a214c2f5e87bad3c948f4d605d) (ScriptedImporter) -> (artifact id: '01148d7abf9090963e6b5c54bbb65002') in 0.0301529 seconds
Number of updated asset objects reloaded before import = 0Number of asset objects unloaded after import = 1

========================================================================
Received Import Request.
  Time since last request: 0.000034 seconds.
  path: Packages/com.unity.probuilder/Editor Default Resources/Icons/Toolbar/Object_FlipNormals_Light@2x.png
  artifactKey: Guid(64ea3675fd4d74e45822e6a049277c42) Importer(2089858483,b0f066a214c2f5e87bad3c948f4d605d)
Start importing Packages/com.unity.probuilder/Editor Default Resources/Icons/Toolbar/Object_FlipNormals_Light@2x.png using Guid(64ea3675fd4d74e45822e6a049277c42) Importer(2089858483,b0f066a214c2f5e87bad3c948f4d605d) (ScriptedImporter) -> (artifact id: 'a43cd8e9b776d7ecc909ff0318b79668') in 0.0342346 seconds
Number of updated asset objects reloaded before import = 0Number of asset objects unloaded after import = 1

========================================================================
Received Import Request.
  Time since last request: 0.000029 seconds.
  path: Packages/com.unity.probuilder/Editor Default Resources/Icons/Toolbar/DragSelect_On@2x.png
  artifactKey: Guid(b8c59cb5f34adbe46a5baf72f162a528) Importer(2089858483,b0f066a214c2f5e87bad3c948f4d605d)
Start importing Packages/com.unity.probuilder/Editor Default Resources/Icons/Toolbar/DragSelect_On@2x.png using Guid(b8c59cb5f34adbe46a5baf72f162a528) Importer(2089858483,b0f066a214c2f5e87bad3c948f4d605d) (ScriptedImporter) -> (artifact id: '9f576e4b4fba51679047e15bf2a2f3f3') in 0.0382451 seconds
Number of updated asset objects reloaded before import = 0Number of asset objects unloaded after import = 1

========================================================================
Received Import Request.
  Time since last request: 0.000023 seconds.
  path: Packages/com.unity.settings-manager/package.json
  artifactKey: Guid(3001f7491ac66e34a9694543d9f8b1ee) Importer(2089858483,b0f066a214c2f5e87bad3c948f4d605d)
Start importing Packages/com.unity.settings-manager/package.json using Guid(3001f7491ac66e34a9694543d9f8b1ee) Importer(2089858483,b0f066a214c2f5e87bad3c948f4d605d) (ScriptedImporter) -> (artifact id: '037e631c72dd9a4fc8aee1249605d7d2') in 0.0295606 seconds
Number of updated asset objects reloaded before import = 0Number of asset objects unloaded after import = 1

========================================================================
Received Import Request.
  Time since last request: 0.000041 seconds.
  path: Packages/com.unity.probuilder/Editor Default Resources/Icons/Toolbar/Edge_Bridge_Light@2x.png
  artifactKey: Guid(de22b701734902c4fb9352bd3766a85d) Importer(2089858483,b0f066a214c2f5e87bad3c948f4d605d)
Start importing Packages/com.unity.probuilder/Editor Default Resources/Icons/Toolbar/Edge_Bridge_Light@2x.png using Guid(de22b701734902c4fb9352bd3766a85d) Importer(2089858483,b0f066a214c2f5e87bad3c948f4d605d) (ScriptedImporter) -> (artifact id: 'b28c45f7d1f1b5f0df10aa49a6142c90') in 0.0321256 seconds
Number of updated asset objects reloaded before import = 0Number of asset objects unloaded after import = 1

========================================================================
Received Import Request.
  Time since last request: 0.000029 seconds.
  path: Packages/com.unity.probuilder/Editor/MenuActions/Editors/OpenUVEditor.cs
  artifactKey: Guid(e985069a91a74567a338b55beddbf74c) Importer(2089858483,b0f066a214c2f5e87bad3c948f4d605d)
Start importing Packages/com.unity.probuilder/Editor/MenuActions/Editors/OpenUVEditor.cs using Guid(e985069a91a74567a338b55beddbf74c) Importer(2089858483,b0f066a214c2f5e87bad3c948f4d605d) (ScriptedImporter) -> (artifact id: '62829a40c530ac37b00a10cf442efd8c') in 0.0161537 seconds
Number of updated asset objects reloaded before import = 0Number of asset objects unloaded after import = 0

========================================================================
Received Import Request.
  Time since last request: 0.000046 seconds.
  path: Packages/com.unity.probuilder/Editor/EditorCore/ProBuilderShapeEditor.cs
  artifactKey: Guid(166872da3f949e94e9594fb2de14257d) Importer(2089858483,b0f066a214c2f5e87bad3c948f4d605d)
Start importing Packages/com.unity.probuilder/Editor/EditorCore/ProBuilderShapeEditor.cs using Guid(166872da3f949e94e9594fb2de14257d) Importer(2089858483,b0f066a214c2f5e87bad3c948f4d605d) (ScriptedImporter) -> (artifact id: 'a188c052dd9b49654eb8765714108743') in 0.0154506 seconds
Number of updated asset objects reloaded before import = 0Number of asset objects unloaded after import = 0

========================================================================
Received Import Request.
  Time since last request: 0.000062 seconds.
  path: Packages/com.unity.probuilder/Editor Default Resources/Icons/Toolbar/Object_Mirror_Light@2x.png
  artifactKey: Guid(ead34d62ddeea2e409936ed958cda4d2) Importer(2089858483,b0f066a214c2f5e87bad3c948f4d605d)
Start importing Packages/com.unity.probuilder/Editor Default Resources/Icons/Toolbar/Object_Mirror_Light@2x.png using Guid(ead34d62ddeea2e409936ed958cda4d2) Importer(2089858483,b0f066a214c2f5e87bad3c948f4d605d) (ScriptedImporter) -> (artifact id: 'f45051ee24c70cbd34fbfdc6831c36e0') in 0.0306204 seconds
Number of updated asset objects reloaded before import = 0Number of asset objects unloaded after import = 1

========================================================================
Received Import Request.
  Time since last request: 0.000084 seconds.
  path: Packages/com.unity.probuilder/Editor Default Resources/Icons/Modes/Mode_Edge.png
  artifactKey: Guid(d8b877e079e354f9282bff10c5e2d4b0) Importer(2089858483,b0f066a214c2f5e87bad3c948f4d605d)
Start importing Packages/com.unity.probuilder/Editor Default Resources/Icons/Modes/Mode_Edge.png using Guid(d8b877e079e354f9282bff10c5e2d4b0) Importer(2089858483,b0f066a214c2f5e87bad3c948f4d605d) (ScriptedImporter) -> (artifact id: 'b56dd106bbab7f1e07f121a4975a5b84') in 0.0335969 seconds
Number of updated asset objects reloaded before import = 0Number of asset objects unloaded after import = 1

========================================================================
Received Import Request.
  Time since last request: 0.000034 seconds.
  path: Packages/com.unity.probuilder/Editor Default Resources/Icons/Toolbar/Panel_GeoDrawing.png
  artifactKey: Guid(d662a44726f8f4ae7bfe880c93229aa0) Importer(2089858483,b0f066a214c2f5e87bad3c948f4d605d)
Start importing Packages/com.unity.probuilder/Editor Default Resources/Icons/Toolbar/Panel_GeoDrawing.png using Guid(d662a44726f8f4ae7bfe880c93229aa0) Importer(2089858483,b0f066a214c2f5e87bad3c948f4d605d) (ScriptedImporter) -> (artifact id: '2a0bbdb0feda061b442c882ab7abbc7f') in 0.0401358 seconds
Number of updated asset objects reloaded before import = 0Number of asset objects unloaded after import = 1

========================================================================
Received Import Request.
  Time since last request: 0.000033 seconds.
  path: Packages/com.unity.probuilder/Editor Default Resources/Icons/Toolbar/Vert_Connect_Light@2x.png
  artifactKey: Guid(71e027ab0bd81394581c8dd0e1660bcf) Importer(2089858483,b0f066a214c2f5e87bad3c948f4d605d)
Start importing Packages/com.unity.probuilder/Editor Default Resources/Icons/Toolbar/Vert_Connect_Light@2x.png using Guid(71e027ab0bd81394581c8dd0e1660bcf) Importer(2089858483,b0f066a214c2f5e87bad3c948f4d605d) (ScriptedImporter) -> (artifact id: '8252ad0e0403da261c787555bc687c35') in 0.0434868 seconds
Number of updated asset objects reloaded before import = 0Number of asset objects unloaded after import = 1

========================================================================
Received Import Request.
  Time since last request: 0.000054 seconds.
  path: Packages/com.unity.probuilder/Editor Default Resources/Icons/Tools/ShapeTool/on/Stair.png
  artifactKey: Guid(47d1b6289109a1b448ba58881c54eaba) Importer(2089858483,b0f066a214c2f5e87bad3c948f4d605d)
Start importing Packages/com.unity.probuilder/Editor Default Resources/Icons/Tools/ShapeTool/on/Stair.png using Guid(47d1b6289109a1b448ba58881c54eaba) Importer(2089858483,b0f066a214c2f5e87bad3c948f4d605d) (ScriptedImporter) -> (artifact id: '75bce9887e4f5e36975515abbae7e8aa') in 0.0361794 seconds
Number of updated asset objects reloaded before import = 0Number of asset objects unloaded after import = 1

========================================================================
Received Import Request.
  Time since last request: 0.000044 seconds.
  path: Packages/com.unity.probuilder/Editor Default Resources/Icons/Tools/EditShape_On.png
  artifactKey: Guid(011521d35a742354eb7300f35a98cae2) Importer(2089858483,b0f066a214c2f5e87bad3c948f4d605d)
Start importing Packages/com.unity.probuilder/Editor Default Resources/Icons/Tools/EditShape_On.png using Guid(011521d35a742354eb7300f35a98cae2) Importer(2089858483,b0f066a214c2f5e87bad3c948f4d605d) (ScriptedImporter) -> (artifact id: '049ab6f047eac0c8c68e3d5ec4fb1fde') in 0.0293318 seconds
Number of updated asset objects reloaded before import = 0Number of asset objects unloaded after import = 1

========================================================================
Received Import Request.
  Time since last request: 0.000035 seconds.
  path: Packages/com.unity.probuilder/Editor Default Resources/Icons/Tools/ShapeTool/Sprite@2x.png
  artifactKey: Guid(00e4f99de3d7dfa458b8121ffc287623) Importer(2089858483,b0f066a214c2f5e87bad3c948f4d605d)
Start importing Packages/com.unity.probuilder/Editor Default Resources/Icons/Tools/ShapeTool/Sprite@2x.png using Guid(00e4f99de3d7dfa458b8121ffc287623) Importer(2089858483,b0f066a214c2f5e87bad3c948f4d605d) (ScriptedImporter) -> (artifact id: 'b5119102f73905c7a801ad6b26bd9345') in 0.037015 seconds
Number of updated asset objects reloaded before import = 0Number of asset objects unloaded after import = 1

========================================================================
Received Import Request.
  Time since last request: 0.000045 seconds.
  path: Packages/com.unity.probuilder/Runtime/Unity.ProBuilder.asmdef
  artifactKey: Guid(1826c0224c0d048b88112c79bbb0cd85) Importer(2089858483,b0f066a214c2f5e87bad3c948f4d605d)
Start importing Packages/com.unity.probuilder/Runtime/Unity.ProBuilder.asmdef using Guid(1826c0224c0d048b88112c79bbb0cd85) Importer(2089858483,b0f066a214c2f5e87bad3c948f4d605d) (ScriptedImporter) -> (artifact id: '46517e2ce2aef13d0383be48ef01f0d5') in 0.0257058 seconds
Number of updated asset objects reloaded before import = 0Number of asset objects unloaded after import = 1

========================================================================
Received Import Request.
  Time since last request: 0.000023 seconds.
  path: Packages/com.unity.probuilder/Editor Default Resources/Icons/Scene/TextBackground.png
  artifactKey: Guid(efe0b4c986d4c46eaa935b7306936ebf) Importer(2089858483,b0f066a214c2f5e87bad3c948f4d605d)
Start importing Packages/com.unity.probuilder/Editor Default Resources/Icons/Scene/TextBackground.png using Guid(efe0b4c986d4c46eaa935b7306936ebf) Importer(2089858483,b0f066a214c2f5e87bad3c948f4d605d) (ScriptedImporter) -> (artifact id: '12393cc4e485597dee6206d5e25e3029') in 0.0264918 seconds
Number of updated asset objects reloaded before import = 0Number of asset objects unloaded after import = 1

========================================================================
Received Import Request.
  Time since last request: 0.000023 seconds.
  path: Packages/com.unity.probuilder/Editor Default Resources/Icons/Toolbar/CutTool@2x.png
  artifactKey: Guid(d5b4888bfd6784f4d8cecf75da69d122) Importer(2089858483,b0f066a214c2f5e87bad3c948f4d605d)
Start importing Packages/com.unity.probuilder/Editor Default Resources/Icons/Toolbar/CutTool@2x.png using Guid(d5b4888bfd6784f4d8cecf75da69d122) Importer(2089858483,b0f066a214c2f5e87bad3c948f4d605d) (ScriptedImporter) -> (artifact id: '9db9e3b088d96098bcf3177037a09fe1') in 0.0284769 seconds
Number of updated asset objects reloaded before import = 0Number of asset objects unloaded after import = 1

========================================================================
Received Import Request.
  Time since last request: 0.000026 seconds.
  path: Packages/com.unity.probuilder/Editor Default Resources/Icons/Tools/ShapeTool/on/Pipe@2x.png
  artifactKey: Guid(ff353b04356359040846e25cc3244cb4) Importer(2089858483,b0f066a214c2f5e87bad3c948f4d605d)
Start importing Packages/com.unity.probuilder/Editor Default Resources/Icons/Tools/ShapeTool/on/Pipe@2x.png using Guid(ff353b04356359040846e25cc3244cb4) Importer(2089858483,b0f066a214c2f5e87bad3c948f4d605d) (ScriptedImporter) -> (artifact id: '89b61162dd86a24ec812b0cf414244c8') in 0.0244948 seconds
Number of updated asset objects reloaded before import = 0Number of asset objects unloaded after import = 1

========================================================================
Received Import Request.
  Time since last request: 0.490521 seconds.
  path: Packages/com.unity.probuilder/External/Poly2Tri/Triangulation/Delaunay/Sweep/DTSweep.cs
  artifactKey: Guid(2b3f77c5dfa698a478ad5d291674b8a5) Importer(2089858483,b0f066a214c2f5e87bad3c948f4d605d)
Start importing Packages/com.unity.probuilder/External/Poly2Tri/Triangulation/Delaunay/Sweep/DTSweep.cs using Guid(2b3f77c5dfa698a478ad5d291674b8a5) Importer(2089858483,b0f066a214c2f5e87bad3c948f4d605d) (ScriptedImporter) -> (artifact id: 'b28168dcb1de8f99820c7e028dd8f7f8') in 0.0171445 seconds
Number of updated asset objects reloaded before import = 0Number of asset objects unloaded after import = 0

========================================================================
Received Import Request.
  Time since last request: 0.000023 seconds.
  path: Packages/com.unity.probuilder/External/CSG/Classes
  artifactKey: Guid(291cedf2747a43b19e37963cf9100589) Importer(2089858483,b0f066a214c2f5e87bad3c948f4d605d)
Start importing Packages/com.unity.probuilder/External/CSG/Classes using Guid(291cedf2747a43b19e37963cf9100589) Importer(2089858483,b0f066a214c2f5e87bad3c948f4d605d) (ScriptedImporter) -> (artifact id: 'f56c61534a09a66b676d267c9f999cb3') in 0.0221973 seconds
Number of updated asset objects reloaded before import = 0Number of asset objects unloaded after import = 1

========================================================================
Received Import Request.
  Time since last request: 0.000024 seconds.
  path: Packages/com.unity.probuilder/Editor Default Resources/Icons/Toolbar/Edge_FillHole_Light.png
  artifactKey: Guid(28b79d4ea94290e4da5cf3c0a28a77f3) Importer(2089858483,b0f066a214c2f5e87bad3c948f4d605d)
Start importing Packages/com.unity.probuilder/Editor Default Resources/Icons/Toolbar/Edge_FillHole_Light.png using Guid(28b79d4ea94290e4da5cf3c0a28a77f3) Importer(2089858483,b0f066a214c2f5e87bad3c948f4d605d) (ScriptedImporter) -> (artifact id: 'd12b4b13172fba5b8ab0fa30b11c0800') in 0.036015 seconds
Number of updated asset objects reloaded before import = 0Number of asset objects unloaded after import = 1

========================================================================
Received Import Request.
  Time since last request: 0.000100 seconds.
  path: Packages/com.unity.probuilder/Editor Default Resources/Icons/Toolbar/Object_Triangulate.png
  artifactKey: Guid(70c6b7d05bf524f3bac5f89a3f4c8194) Importer(2089858483,b0f066a214c2f5e87bad3c948f4d605d)
Start importing Packages/com.unity.probuilder/Editor Default Resources/Icons/Toolbar/Object_Triangulate.png using Guid(70c6b7d05bf524f3bac5f89a3f4c8194) Importer(2089858483,b0f066a214c2f5e87bad3c948f4d605d) (ScriptedImporter) -> (artifact id: '165ccd7110513a066818cc32af2514d1') in 0.0381928 seconds
Number of updated asset objects reloaded before import = 0Number of asset objects unloaded after import = 1

========================================================================
Received Import Request.
  Time since last request: 0.000030 seconds.
  path: Packages/com.unity.probuilder/Editor/EditorCore/LightmapUVEditor.cs
  artifactKey: Guid(b38e0917ff1e4a54292a5137af265542) Importer(2089858483,b0f066a214c2f5e87bad3c948f4d605d)
Start importing Packages/com.unity.probuilder/Editor/EditorCore/LightmapUVEditor.cs using Guid(b38e0917ff1e4a54292a5137af265542) Importer(2089858483,b0f066a214c2f5e87bad3c948f4d605d) (ScriptedImporter) -> (artifact id: '2a5b689f838cdb6c9a87e521e93cd400') in 0.0186359 seconds
Number of updated asset objects reloaded before import = 0Number of asset objects unloaded after import = 0

========================================================================
Received Import Request.
  Time since last request: 0.000022 seconds.
  path: Packages/com.unity.probuilder/Editor Default Resources/Icons/Toolbar/Object_Export_Light@2x.png
  artifactKey: Guid(77fda7974303d8443a63e6d7b37a343f) Importer(2089858483,b0f066a214c2f5e87bad3c948f4d605d)
Start importing Packages/com.unity.probuilder/Editor Default Resources/Icons/Toolbar/Object_Export_Light@2x.png using Guid(77fda7974303d8443a63e6d7b37a343f) Importer(2089858483,b0f066a214c2f5e87bad3c948f4d605d) (ScriptedImporter) -> (artifact id: 'c5e21c833413e439edd6acf9a2916bbb') in 0.0351871 seconds
Number of updated asset objects reloaded before import = 0Number of asset objects unloaded after import = 1

========================================================================
Received Import Request.
  Time since last request: 0.000032 seconds.
  path: Packages/com.unity.probuilder/Editor Default Resources/Icons/Tools/ShapeTool/on/Prism@2x.png
  artifactKey: Guid(f4a72d02b3feab9449372d03bbcf82a4) Importer(2089858483,b0f066a214c2f5e87bad3c948f4d605d)
Start importing Packages/com.unity.probuilder/Editor Default Resources/Icons/Tools/ShapeTool/on/Prism@2x.png using Guid(f4a72d02b3feab9449372d03bbcf82a4) Importer(2089858483,b0f066a214c2f5e87bad3c948f4d605d) (ScriptedImporter) -> (artifact id: 'ed7317b83499fe2b56b4e82ea04b70e7') in 0.0319997 seconds
Number of updated asset objects reloaded before import = 0Number of asset objects unloaded after import = 1

========================================================================
Received Import Request.
  Time since last request: 0.221004 seconds.
  path: Packages/com.unity.probuilder/package.json
  artifactKey: Guid(7958ca6fdf895ca498c5fab155f0b0f1) Importer(2089858483,b0f066a214c2f5e87bad3c948f4d605d)
Start importing Packages/com.unity.probuilder/package.json using Guid(7958ca6fdf895ca498c5fab155f0b0f1) Importer(2089858483,b0f066a214c2f5e87bad3c948f4d605d) (ScriptedImporter) -> (artifact id: 'e6c48bb01541b6ef072bb6597499624e') in 0.0231091 seconds
Number of updated asset objects reloaded before import = 0Number of asset objects unloaded after import = 1

========================================================================
Received Import Request.
  Time since last request: 0.000022 seconds.
  path: Packages/com.unity.probuilder/Editor Default Resources/Icons/Toolbar/Face_Subdivide_Light.png
  artifactKey: Guid(767827b1c32fd754dbdf1977463f5f8c) Importer(2089858483,b0f066a214c2f5e87bad3c948f4d605d)
Start importing Packages/com.unity.probuilder/Editor Default Resources/Icons/Toolbar/Face_Subdivide_Light.png using Guid(767827b1c32fd754dbdf1977463f5f8c) Importer(2089858483,b0f066a214c2f5e87bad3c948f4d605d) (ScriptedImporter) -> (artifact id: '1b51701f07bead454af75f0bcaf50970') in 0.0274782 seconds
Number of updated asset objects reloaded before import = 0Number of asset objects unloaded after import = 1

========================================================================
Received Import Request.
  Time since last request: 0.000048 seconds.
  path: Packages/com.unity.probuilder/Runtime/Core/IntVec2.cs
  artifactKey: Guid(9f21d9e5e308b409f9173967b37d19be) Importer(2089858483,b0f066a214c2f5e87bad3c948f4d605d)
Start importing Packages/com.unity.probuilder/Runtime/Core/IntVec2.cs using Guid(9f21d9e5e308b409f9173967b37d19be) Importer(2089858483,b0f066a214c2f5e87bad3c948f4d605d) (ScriptedImporter) -> (artifact id: 'b9b5153e12936bde57f030267ff4b88f') in 0.0145679 seconds
Number of updated asset objects reloaded before import = 0Number of asset objects unloaded after import = 0

========================================================================
Received Import Request.
  Time since last request: 0.000078 seconds.
  path: Packages/com.unity.probuilder/Editor/MenuActions/Selection/SelectEdgeRing.cs
  artifactKey: Guid(a49dc64944b24efab4e8dda777a3211a) Importer(2089858483,b0f066a214c2f5e87bad3c948f4d605d)
Start importing Packages/com.unity.probuilder/Editor/MenuActions/Selection/SelectEdgeRing.cs using Guid(a49dc64944b24efab4e8dda777a3211a) Importer(2089858483,b0f066a214c2f5e87bad3c948f4d605d) (ScriptedImporter) -> (artifact id: '9320bf44bf7390456c62fdce30a80770') in 0.0142728 seconds
Number of updated asset objects reloaded before import = 0Number of asset objects unloaded after import = 0

========================================================================
Received Import Request.
  Time since last request: 0.000052 seconds.
  path: Packages/com.unity.probuilder/Editor/EditorCore/ProBuilderToolsContexts.cs
  artifactKey: Guid(1f26c4d173d1ff0488349210afd77fa2) Importer(2089858483,b0f066a214c2f5e87bad3c948f4d605d)
Start importing Packages/com.unity.probuilder/Editor/EditorCore/ProBuilderToolsContexts.cs using Guid(1f26c4d173d1ff0488349210afd77fa2) Importer(2089858483,b0f066a214c2f5e87bad3c948f4d605d) (ScriptedImporter) -> (artifact id: '630e82d94eff4434430805d0cd838c9b') in 0.0191114 seconds
Number of updated asset objects reloaded before import = 0Number of asset objects unloaded after import = 0

========================================================================
Received Import Request.
  Time since last request: 0.000033 seconds.
  path: Packages/com.unity.probuilder/Editor Default Resources/Icons/Toolbar/Face_FlipNormals_Light.png
  artifactKey: Guid(cb529be19b972234993934f93a822b79) Importer(2089858483,b0f066a214c2f5e87bad3c948f4d605d)
Start importing Packages/com.unity.probuilder/Editor Default Resources/Icons/Toolbar/Face_FlipNormals_Light.png using Guid(cb529be19b972234993934f93a822b79) Importer(2089858483,b0f066a214c2f5e87bad3c948f4d605d) (ScriptedImporter) -> (artifact id: '9414174b7b2f3b4fd6db8305cbfbbff3') in 0.0274963 seconds
Number of updated asset objects reloaded before import = 0Number of asset objects unloaded after import = 1

========================================================================
Received Import Request.
  Time since last request: 2.004137 seconds.
  path: Packages/com.unity.probuilder/Content/Resources/com.unity.probuilder/Materials/EdgePickerURP.mat
  artifactKey: Guid(70d1a6407fa29bb44b936d5325490696) Importer(2089858483,b0f066a214c2f5e87bad3c948f4d605d)
Start importing Packages/com.unity.probuilder/Content/Resources/com.unity.probuilder/Materials/EdgePickerURP.mat using Guid(70d1a6407fa29bb44b936d5325490696) Importer(2089858483,b0f066a214c2f5e87bad3c948f4d605d) (ScriptedImporter) -> (artifact id: 'f134f56d6f0b4ce8d2db046af5927d5a') in 0.0484159 seconds
Number of updated asset objects reloaded before import = 0Number of asset objects unloaded after import = 3

========================================================================
Received Import Request.
  Time since last request: 0.000030 seconds.
  path: Packages/com.unity.probuilder/Editor Default Resources/Icons/Tools/ShapeTool/on/Door.png
  artifactKey: Guid(2002d806f253361469881a67e7fc9ea3) Importer(2089858483,b0f066a214c2f5e87bad3c948f4d605d)
Start importing Packages/com.unity.probuilder/Editor Default Resources/Icons/Tools/ShapeTool/on/Door.png using Guid(2002d806f253361469881a67e7fc9ea3) Importer(2089858483,b0f066a214c2f5e87bad3c948f4d605d) (ScriptedImporter) -> (artifact id: '79019126e03367024773f4e9e4d2045b') in 0.0305501 seconds
Number of updated asset objects reloaded before import = 0Number of asset objects unloaded after import = 1

========================================================================
Received Import Request.
  Time since last request: 0.000034 seconds.
  path: Packages/com.unity.probuilder/Runtime/Core/Submesh.cs
  artifactKey: Guid(088aa88f028654951ae27130f3556aae) Importer(2089858483,b0f066a214c2f5e87bad3c948f4d605d)
Start importing Packages/com.unity.probuilder/Runtime/Core/Submesh.cs using Guid(088aa88f028654951ae27130f3556aae) Importer(2089858483,b0f066a214c2f5e87bad3c948f4d605d) (ScriptedImporter) -> (artifact id: 'b1a4fc074178154fd0410aa5160dc056') in 0.0169045 seconds
Number of updated asset objects reloaded before import = 0Number of asset objects unloaded after import = 0

========================================================================
Received Import Request.
  Time since last request: 0.000017 seconds.
  path: Packages/com.unity.probuilder/Editor Default Resources/Icons/Toolbar/Selection_Ring_Face_Light.png
  artifactKey: Guid(afc0a69c53381a345a60d5fc92526f43) Importer(2089858483,b0f066a214c2f5e87bad3c948f4d605d)
Start importing Packages/com.unity.probuilder/Editor Default Resources/Icons/Toolbar/Selection_Ring_Face_Light.png using Guid(afc0a69c53381a345a60d5fc92526f43) Importer(2089858483,b0f066a214c2f5e87bad3c948f4d605d) (ScriptedImporter) -> (artifact id: '73b2fa5551e6ae5a62764fbc6865d135') in 0.0427142 seconds
Number of updated asset objects reloaded before import = 0Number of asset objects unloaded after import = 1

========================================================================
Received Import Request.
  Time since last request: 0.000026 seconds.
  path: Packages/com.unity.probuilder/Editor/MenuActions/Editors/OpenMaterialEditor.cs
  artifactKey: Guid(2b43eb0a521a4a6a90bde45149e1c656) Importer(2089858483,b0f066a214c2f5e87bad3c948f4d605d)
Start importing Packages/com.unity.probuilder/Editor/MenuActions/Editors/OpenMaterialEditor.cs using Guid(2b43eb0a521a4a6a90bde45149e1c656) Importer(2089858483,b0f066a214c2f5e87bad3c948f4d605d) (ScriptedImporter) -> (artifact id: '50f6dc806cd4bf495dc2ecdbe5c3044a') in 0.0178622 seconds
Number of updated asset objects reloaded before import = 0Number of asset objects unloaded after import = 0

========================================================================
Received Import Request.
  Time since last request: 0.348901 seconds.
  path: Packages/com.unity.probuilder/Runtime/Core/Triangle.cs
  artifactKey: Guid(fcbb190e55f214989942c67a845676cf) Importer(2089858483,b0f066a214c2f5e87bad3c948f4d605d)
Start importing Packages/com.unity.probuilder/Runtime/Core/Triangle.cs using Guid(fcbb190e55f214989942c67a845676cf) Importer(2089858483,b0f066a214c2f5e87bad3c948f4d605d) (ScriptedImporter) -> (artifact id: 'f0cc433f46fe9a9093a1abbbe0e0f394') in 0.0155649 seconds
Number of updated asset objects reloaded before import = 0Number of asset objects unloaded after import = 0

========================================================================
Received Import Request.
  Time since last request: 0.000061 seconds.
  path: Packages/com.unity.probuilder/External/KdTree/KdTreeLib/KdTree.cs
  artifactKey: Guid(13a653f5b84336c45b2c00b570775a87) Importer(2089858483,b0f066a214c2f5e87bad3c948f4d605d)
Start importing Packages/com.unity.probuilder/External/KdTree/KdTreeLib/KdTree.cs using Guid(13a653f5b84336c45b2c00b570775a87) Importer(2089858483,b0f066a214c2f5e87bad3c948f4d605d) (ScriptedImporter) -> (artifact id: '16c5d68e585d6cc91e903473376f73b5') in 0.014358 seconds
Number of updated asset objects reloaded before import = 0Number of asset objects unloaded after import = 0

========================================================================
Received Import Request.
  Time since last request: 0.000058 seconds.
  path: Packages/com.unity.probuilder/Editor/EditorCore/Pref.cs
  artifactKey: Guid(4ca7e8f303d863c40930ccc1085e6990) Importer(2089858483,b0f066a214c2f5e87bad3c948f4d605d)
Start importing Packages/com.unity.probuilder/Editor/EditorCore/Pref.cs using Guid(4ca7e8f303d863c40930ccc1085e6990) Importer(2089858483,b0f066a214c2f5e87bad3c948f4d605d) (ScriptedImporter) -> (artifact id: '2f46631ed0c9f7de5d6abcf3a3a19968') in 0.0157779 seconds
Number of updated asset objects reloaded before import = 0Number of asset objects unloaded after import = 0

========================================================================
Received Import Request.
  Time since last request: 0.000020 seconds.
  path: Packages/com.unity.probuilder/Editor/EditorCore/BooleanEditor.cs
  artifactKey: Guid(ff4f787bd1deaee4d82db29948ed6099) Importer(2089858483,b0f066a214c2f5e87bad3c948f4d605d)
Start importing Packages/com.unity.probuilder/Editor/EditorCore/BooleanEditor.cs using Guid(ff4f787bd1deaee4d82db29948ed6099) Importer(2089858483,b0f066a214c2f5e87bad3c948f4d605d) (ScriptedImporter) -> (artifact id: '79a7831e7c5842daeeec7983d5946224') in 0.0182539 seconds
Number of updated asset objects reloaded before import = 0Number of asset objects unloaded after import = 0

========================================================================
Received Import Request.
  Time since last request: 0.000030 seconds.
  path: Packages/com.unity.probuilder/Editor/Overlays/UXML/ActionButton.uxml
  artifactKey: Guid(7ca30506f78e39b4c92a9b2e04fd3b1b) Importer(2089858483,b0f066a214c2f5e87bad3c948f4d605d)
Start importing Packages/com.unity.probuilder/Editor/Overlays/UXML/ActionButton.uxml using Guid(7ca30506f78e39b4c92a9b2e04fd3b1b) Importer(2089858483,b0f066a214c2f5e87bad3c948f4d605d) (ScriptedImporter) -> (artifact id: '34ed81934bea8670fa99cad73c2531f9') in 0.0808119 seconds
Number of updated asset objects reloaded before import = 0Number of asset objects unloaded after import = 3

========================================================================
Received Import Request.
  Time since last request: 0.369051 seconds.
  path: Packages/com.unity.probuilder/Editor Default Resources/Icons/Scene/SelectionRect@2x.png
  artifactKey: Guid(8a71d1d5ecfb449c1a4a70d7fb021d04) Importer(2089858483,b0f066a214c2f5e87bad3c948f4d605d)
Start importing Packages/com.unity.probuilder/Editor Default Resources/Icons/Scene/SelectionRect@2x.png using Guid(8a71d1d5ecfb449c1a4a70d7fb021d04) Importer(2089858483,b0f066a214c2f5e87bad3c948f4d605d) (ScriptedImporter) -> (artifact id: 'f79b790dc6e7f1e59b5e5ec7e8cc5785') in 0.0358986 seconds
Number of updated asset objects reloaded before import = 0Number of asset objects unloaded after import = 1

========================================================================
Received Import Request.
  Time since last request: 0.000025 seconds.
  path: Packages/com.unity.probuilder/Editor Default Resources/Icons/Modes/ToolHandleElement@2x.png
  artifactKey: Guid(8c77206f946e52d449d3064d0e014f53) Importer(2089858483,b0f066a214c2f5e87bad3c948f4d605d)
Start importing Packages/com.unity.probuilder/Editor Default Resources/Icons/Modes/ToolHandleElement@2x.png using Guid(8c77206f946e52d449d3064d0e014f53) Importer(2089858483,b0f066a214c2f5e87bad3c948f4d605d) (ScriptedImporter) -> (artifact id: '7a0279e07b1902d66ddbf9e2a262502f') in 0.0349993 seconds
Number of updated asset objects reloaded before import = 0Number of asset objects unloaded after import = 1

========================================================================
Received Import Request.
  Time since last request: 0.000038 seconds.
  path: Packages/com.unity.probuilder/Editor Default Resources/Icons/Toolbar/Vert_Connect.png
  artifactKey: Guid(c4ae117c3220f4b4bb6a24ad586caafa) Importer(2089858483,b0f066a214c2f5e87bad3c948f4d605d)
Start importing Packages/com.unity.probuilder/Editor Default Resources/Icons/Toolbar/Vert_Connect.png using Guid(c4ae117c3220f4b4bb6a24ad586caafa) Importer(2089858483,b0f066a214c2f5e87bad3c948f4d605d) (ScriptedImporter) -> (artifact id: 'b6297e0a12f71923f5275c95e91b7ce7') in 0.0373388 seconds
Number of updated asset objects reloaded before import = 0Number of asset objects unloaded after import = 1

========================================================================
Received Import Request.
  Time since last request: 0.000020 seconds.
  path: Packages/com.unity.probuilder/Content/Shader/ScrollHighlight.shader
  artifactKey: Guid(04b5dda5f278e4f56a9dbda64d90bb95) Importer(2089858483,b0f066a214c2f5e87bad3c948f4d605d)
Start importing Packages/com.unity.probuilder/Content/Shader/ScrollHighlight.shader using Guid(04b5dda5f278e4f56a9dbda64d90bb95) Importer(2089858483,b0f066a214c2f5e87bad3c948f4d605d) (ScriptedImporter) -> (artifact id: '8a29017b21319903e330b9e035075d9b') in 0.0275413 seconds
Number of updated asset objects reloaded before import = 0Number of asset objects unloaded after import = 1

========================================================================
Received Import Request.
  Time since last request: 0.000022 seconds.
  path: Packages/com.unity.probuilder/Runtime/Core/ShapeFactory.cs
  artifactKey: Guid(29c44195d73b34ee98215150a8031c2c) Importer(2089858483,b0f066a214c2f5e87bad3c948f4d605d)
Start importing Packages/com.unity.probuilder/Runtime/Core/ShapeFactory.cs using Guid(29c44195d73b34ee98215150a8031c2c) Importer(2089858483,b0f066a214c2f5e87bad3c948f4d605d) (ScriptedImporter) -> (artifact id: '094874f7febabda4bf48a6c5db50a013') in 0.0178883 seconds
Number of updated asset objects reloaded before import = 0Number of asset objects unloaded after import = 0

========================================================================
Received Import Request.
  Time since last request: 0.388475 seconds.
  path: Packages/com.unity.probuilder/Runtime/Core/IntVec3.cs
  artifactKey: Guid(071d390610ea548df87a9c03c370ced2) Importer(2089858483,b0f066a214c2f5e87bad3c948f4d605d)
Start importing Packages/com.unity.probuilder/Runtime/Core/IntVec3.cs using Guid(071d390610ea548df87a9c03c370ced2) Importer(2089858483,b0f066a214c2f5e87bad3c948f4d605d) (ScriptedImporter) -> (artifact id: 'd782dfe23163dab51015223e30943962') in 0.0121198 seconds
Number of updated asset objects reloaded before import = 0Number of asset objects unloaded after import = 0

========================================================================
Received Import Request.
  Time since last request: 0.000060 seconds.
  path: Packages/com.unity.probuilder/Editor Default Resources/Icons/Modes/ToolHandleLocal.png
  artifactKey: Guid(7a1f925fabee6b94faf9269a9bc51251) Importer(2089858483,b0f066a214c2f5e87bad3c948f4d605d)
Start importing Packages/com.unity.probuilder/Editor Default Resources/Icons/Modes/ToolHandleLocal.png using Guid(7a1f925fabee6b94faf9269a9bc51251) Importer(2089858483,b0f066a214c2f5e87bad3c948f4d605d) (ScriptedImporter) -> (artifact id: '2330e411ae3515a734b7465a413177bc') in 0.0300278 seconds
Number of updated asset objects reloaded before import = 0Number of asset objects unloaded after import = 1

========================================================================
Received Import Request.
  Time since last request: 0.000050 seconds.
  path: Packages/com.unity.probuilder/Editor/EditorCore/ProBuilderEditorShortcuts.cs
  artifactKey: Guid(8cefaab4396434cd9b6db510b6458a3d) Importer(2089858483,b0f066a214c2f5e87bad3c948f4d605d)
Start importing Packages/com.unity.probuilder/Editor/EditorCore/ProBuilderEditorShortcuts.cs using Guid(8cefaab4396434cd9b6db510b6458a3d) Importer(2089858483,b0f066a214c2f5e87bad3c948f4d605d) (ScriptedImporter) -> (artifact id: '33cab930402b0a1179b932c5e5eefff4') in 0.0163214 seconds
Number of updated asset objects reloaded before import = 0Number of asset objects unloaded after import = 0

========================================================================
Received Import Request.
  Time since last request: 0.000031 seconds.
  path: Packages/com.unity.probuilder/Editor/EditorCore/TextureTool.cs
  artifactKey: Guid(7fd9f5ac1b5cea54386d6497a518c29f) Importer(2089858483,b0f066a214c2f5e87bad3c948f4d605d)
Start importing Packages/com.unity.probuilder/Editor/EditorCore/TextureTool.cs using Guid(7fd9f5ac1b5cea54386d6497a518c29f) Importer(2089858483,b0f066a214c2f5e87bad3c948f4d605d) (ScriptedImporter) -> (artifact id: 'c578e3cdcadb61c55ce2fcccf96adc14') in 0.0155248 seconds
Number of updated asset objects reloaded before import = 0Number of asset objects unloaded after import = 0

========================================================================
Received Import Request.
  Time since last request: 0.000042 seconds.
  path: Packages/com.unity.probuilder/Editor Default Resources/Icons/Toolbar/Vert_Connect@2x.png
  artifactKey: Guid(69891a548afa5ed4e885f719de570c84) Importer(2089858483,b0f066a214c2f5e87bad3c948f4d605d)
Start importing Packages/com.unity.probuilder/Editor Default Resources/Icons/Toolbar/Vert_Connect@2x.png using Guid(69891a548afa5ed4e885f719de570c84) Importer(2089858483,b0f066a214c2f5e87bad3c948f4d605d) (ScriptedImporter) -> (artifact id: '4caf34f30ae2834ff1784d97998bc382') in 0.0310379 seconds
Number of updated asset objects reloaded before import = 0Number of asset objects unloaded after import = 1

========================================================================
Received Import Request.
  Time since last request: 0.000028 seconds.
  path: Packages/com.unity.probuilder/Content/Shader/SmoothingPreview.shader
  artifactKey: Guid(e8c3a1662a88140ae84d69a3a4cfdbaa) Importer(2089858483,b0f066a214c2f5e87bad3c948f4d605d)
Start importing Packages/com.unity.probuilder/Content/Shader/SmoothingPreview.shader using Guid(e8c3a1662a88140ae84d69a3a4cfdbaa) Importer(2089858483,b0f066a214c2f5e87bad3c948f4d605d) (ScriptedImporter) -> (artifact id: '1e6c4d83cd420067d00f0f79a5f38371') in 0.0140504 seconds
Number of updated asset objects reloaded before import = 0Number of asset objects unloaded after import = 1

========================================================================
Received Import Request.
  Time since last request: 0.297318 seconds.
  path: Packages/com.unity.probuilder/Editor/MenuActions/Geometry/MergeFaces.cs
  artifactKey: Guid(72b17ff6fd2249038e3d0e0d8969cef0) Importer(2089858483,b0f066a214c2f5e87bad3c948f4d605d)
Start importing Packages/com.unity.probuilder/Editor/MenuActions/Geometry/MergeFaces.cs using Guid(72b17ff6fd2249038e3d0e0d8969cef0) Importer(2089858483,b0f066a214c2f5e87bad3c948f4d605d) (ScriptedImporter) -> (artifact id: 'baa232ca5727fb961555011dc9c05808') in 0.0195446 seconds
Number of updated asset objects reloaded before import = 0Number of asset objects unloaded after import = 0

========================================================================
Received Import Request.
  Time since last request: 0.000032 seconds.
  path: Packages/com.unity.probuilder/Editor Default Resources/Icons/Toolbar/Pivot_CenterOnObject.png
  artifactKey: Guid(a112cd603fe664fb18e73b0700b4039f) Importer(2089858483,b0f066a214c2f5e87bad3c948f4d605d)
Start importing Packages/com.unity.probuilder/Editor Default Resources/Icons/Toolbar/Pivot_CenterOnObject.png using Guid(a112cd603fe664fb18e73b0700b4039f) Importer(2089858483,b0f066a214c2f5e87bad3c948f4d605d) (ScriptedImporter) -> (artifact id: '4d9f0cf703b2a93f30654828aae93f0c') in 0.03402 seconds
Number of updated asset objects reloaded before import = 0Number of asset objects unloaded after import = 1

========================================================================
Received Import Request.
  Time since last request: 0.000054 seconds.
  path: Packages/com.unity.settings-manager/Editor/UserSettingsRepository.cs
  artifactKey: Guid(6965211c873de4048aa9043e5e287c73) Importer(2089858483,b0f066a214c2f5e87bad3c948f4d605d)
Start importing Packages/com.unity.settings-manager/Editor/UserSettingsRepository.cs using Guid(6965211c873de4048aa9043e5e287c73) Importer(2089858483,b0f066a214c2f5e87bad3c948f4d605d) (ScriptedImporter) -> (artifact id: '0070777d91a9fbe2ef949f0f95c86349') in 0.01438 seconds
Number of updated asset objects reloaded before import = 0Number of asset objects unloaded after import = 0

========================================================================
Received Import Request.
  Time since last request: 0.000049 seconds.
  path: Packages/com.unity.probuilder/Editor Default Resources/Icons/Tools/ShapeTool/d_Cylinder.png
  artifactKey: Guid(10b59816a62c39342bd420ba001aad43) Importer(2089858483,b0f066a214c2f5e87bad3c948f4d605d)
Start importing Packages/com.unity.probuilder/Editor Default Resources/Icons/Tools/ShapeTool/d_Cylinder.png using Guid(10b59816a62c39342bd420ba001aad43) Importer(2089858483,b0f066a214c2f5e87bad3c948f4d605d) (ScriptedImporter) -> (artifact id: 'e50f154133c72b1f10b079a7f8d15dbe') in 0.0322262 seconds
Number of updated asset objects reloaded before import = 0Number of asset objects unloaded after import = 1

========================================================================
Received Import Request.
  Time since last request: 0.000051 seconds.
  path: Packages/com.unity.probuilder/Editor/EditorCore/DrawShapeTool.cs
  artifactKey: Guid(624538515085b4f498dc59dc27eb69ce) Importer(2089858483,b0f066a214c2f5e87bad3c948f4d605d)
Start importing Packages/com.unity.probuilder/Editor/EditorCore/DrawShapeTool.cs using Guid(624538515085b4f498dc59dc27eb69ce) Importer(2089858483,b0f066a214c2f5e87bad3c948f4d605d) (ScriptedImporter) -> (artifact id: 'f8aaba0f580850b1521adc3c90816916') in 0.0160782 seconds
Number of updated asset objects reloaded before import = 0Number of asset objects unloaded after import = 0

========================================================================
Received Import Request.
  Time since last request: 0.000043 seconds.
  path: Packages/com.unity.probuilder/Runtime/Core/TransformUtility.cs
  artifactKey: Guid(b2fe48040b5714c059f9d4a7796cafd7) Importer(2089858483,b0f066a214c2f5e87bad3c948f4d605d)
Start importing Packages/com.unity.probuilder/Runtime/Core/TransformUtility.cs using Guid(b2fe48040b5714c059f9d4a7796cafd7) Importer(2089858483,b0f066a214c2f5e87bad3c948f4d605d) (ScriptedImporter) -> (artifact id: '22dcc824e07f709d40fa0d9b5af05047') in 0.0202579 seconds
Number of updated asset objects reloaded before import = 0Number of asset objects unloaded after import = 0

========================================================================
Received Import Request.
  Time since last request: 0.000028 seconds.
  path: Packages/com.unity.probuilder/Runtime/Core/IHasDefault.cs
  artifactKey: Guid(cd9b9131766d54225a24d2221d1f49b5) Importer(2089858483,b0f066a214c2f5e87bad3c948f4d605d)
Start importing Packages/com.unity.probuilder/Runtime/Core/IHasDefault.cs using Guid(cd9b9131766d54225a24d2221d1f49b5) Importer(2089858483,b0f066a214c2f5e87bad3c948f4d605d) (ScriptedImporter) -> (artifact id: 'b355908f71187322038897dc9dcd9dfa') in 0.0161601 seconds
Number of updated asset objects reloaded before import = 0Number of asset objects unloaded after import = 0

========================================================================
Received Import Request.
  Time since last request: 0.000038 seconds.
  path: Packages/com.unity.probuilder/Editor Default Resources/Icons/Tools/ShapeTool/d_Arch.png
  artifactKey: Guid(daaddaa51d20cb14a971727d2576c391) Importer(2089858483,b0f066a214c2f5e87bad3c948f4d605d)
Start importing Packages/com.unity.probuilder/Editor Default Resources/Icons/Tools/ShapeTool/d_Arch.png using Guid(daaddaa51d20cb14a971727d2576c391) Importer(2089858483,b0f066a214c2f5e87bad3c948f4d605d) (ScriptedImporter) -> (artifact id: '20366e27740bc2d67813987f5435b74f') in 0.03709 seconds
Number of updated asset objects reloaded before import = 0Number of asset objects unloaded after import = 1

========================================================================
Received Import Request.
  Time since last request: 0.000043 seconds.
  path: Packages/com.unity.probuilder/Runtime/Core/Transform2D.cs
  artifactKey: Guid(23bf380528bb14b24942fe9d5e5a3abc) Importer(2089858483,b0f066a214c2f5e87bad3c948f4d605d)
Start importing Packages/com.unity.probuilder/Runtime/Core/Transform2D.cs using Guid(23bf380528bb14b24942fe9d5e5a3abc) Importer(2089858483,b0f066a214c2f5e87bad3c948f4d605d) (ScriptedImporter) -> (artifact id: '5874d6da034e8fd8e43c37fa75349985') in 0.0190959 seconds
Number of updated asset objects reloaded before import = 0Number of asset objects unloaded after import = 0

========================================================================
Received Import Request.
  Time since last request: 0.000056 seconds.
  path: Packages/com.unity.probuilder/Editor Default Resources/Icons/Toolbar/Face_ConformNormals.png
  artifactKey: Guid(414975dfc411e44d5873e1298b1badc4) Importer(2089858483,b0f066a214c2f5e87bad3c948f4d605d)
Start importing Packages/com.unity.probuilder/Editor Default Resources/Icons/Toolbar/Face_ConformNormals.png using Guid(414975dfc411e44d5873e1298b1badc4) Importer(2089858483,b0f066a214c2f5e87bad3c948f4d605d) (ScriptedImporter) -> (artifact id: 'ab4306e9ff0fe620bb9c75ebd6e96d7a') in 0.0332476 seconds
Number of updated asset objects reloaded before import = 0Number of asset objects unloaded after import = 1

========================================================================
Received Import Request.
  Time since last request: 0.000026 seconds.
  path: Packages/com.unity.probuilder/Editor/MenuActions/Geometry/FillHole.cs
  artifactKey: Guid(2871f338d8894523bcde8a078df337c2) Importer(2089858483,b0f066a214c2f5e87bad3c948f4d605d)
Start importing Packages/com.unity.probuilder/Editor/MenuActions/Geometry/FillHole.cs using Guid(2871f338d8894523bcde8a078df337c2) Importer(2089858483,b0f066a214c2f5e87bad3c948f4d605d) (ScriptedImporter) -> (artifact id: '4e16fac27409efd1ceaaf4cd3bd28203') in 0.0190109 seconds
Number of updated asset objects reloaded before import = 0Number of asset objects unloaded after import = 0

========================================================================
Received Import Request.
  Time since last request: 0.000036 seconds.
  path: Packages/com.unity.probuilder/Editor Default Resources/Icons/Toolbar/Selection_ShiftAdd@2x.png
  artifactKey: Guid(4e0901a968ac8c44f81185e3c05eceef) Importer(2089858483,b0f066a214c2f5e87bad3c948f4d605d)
Start importing Packages/com.unity.probuilder/Editor Default Resources/Icons/Toolbar/Selection_ShiftAdd@2x.png using Guid(4e0901a968ac8c44f81185e3c05eceef) Importer(2089858483,b0f066a214c2f5e87bad3c948f4d605d) (ScriptedImporter) -> (artifact id: 'de0518ea6018a70dabac24128fc2f6bc') in 0.0299393 seconds
Number of updated asset objects reloaded before import = 0Number of asset objects unloaded after import = 1

========================================================================
Received Import Request.
  Time since last request: 0.000019 seconds.
  path: Packages/com.unity.probuilder/Runtime/Core/ProBuilderMeshSelection.cs
  artifactKey: Guid(957c62bbae19ee54cb800714912d2a2a) Importer(2089858483,b0f066a214c2f5e87bad3c948f4d605d)
Start importing Packages/com.unity.probuilder/Runtime/Core/ProBuilderMeshSelection.cs using Guid(957c62bbae19ee54cb800714912d2a2a) Importer(2089858483,b0f066a214c2f5e87bad3c948f4d605d) (ScriptedImporter) -> (artifact id: 'ef8fe5d6089363c4682221cdd22e413e') in 0.0188154 seconds
Number of updated asset objects reloaded before import = 0Number of asset objects unloaded after import = 0

========================================================================
Received Import Request.
  Time since last request: 0.000031 seconds.
  path: Packages/com.unity.probuilder/Editor Default Resources/Icons/Tools/ShapeTool/Sprite.png
  artifactKey: Guid(ead9ac35e4645134cac919aabeffe4b8) Importer(2089858483,b0f066a214c2f5e87bad3c948f4d605d)
Start importing Packages/com.unity.probuilder/Editor Default Resources/Icons/Tools/ShapeTool/Sprite.png using Guid(ead9ac35e4645134cac919aabeffe4b8) Importer(2089858483,b0f066a214c2f5e87bad3c948f4d605d) (ScriptedImporter) -> (artifact id: 'd1584c3d1d1924b86e1f238886fadf79') in 0.0352492 seconds
Number of updated asset objects reloaded before import = 0Number of asset objects unloaded after import = 1

========================================================================
Received Import Request.
  Time since last request: 0.000061 seconds.
  path: Packages/com.unity.probuilder/Editor Default Resources/Icons/Tools/ShapeTool/on/Capsule@2x.png
  artifactKey: Guid(5af947f581d956541823b7c50a3c54fd) Importer(2089858483,b0f066a214c2f5e87bad3c948f4d605d)
Start importing Packages/com.unity.probuilder/Editor Default Resources/Icons/Tools/ShapeTool/on/Capsule@2x.png using Guid(5af947f581d956541823b7c50a3c54fd) Importer(2089858483,b0f066a214c2f5e87bad3c948f4d605d) (ScriptedImporter) -> (artifact id: '7dbc5ceb75c6bef977e50550eabcac97') in 0.0304712 seconds
Number of updated asset objects reloaded before import = 0Number of asset objects unloaded after import = 1

========================================================================
Received Import Request.
  Time since last request: 0.000041 seconds.
  path: Packages/com.unity.probuilder/Editor Default Resources/Icons/Toolbar/OffsetElements@2x.png
  artifactKey: Guid(99b1b7b19dab14d498d58da25b5c65cb) Importer(2089858483,b0f066a214c2f5e87bad3c948f4d605d)
Start importing Packages/com.unity.probuilder/Editor Default Resources/Icons/Toolbar/OffsetElements@2x.png using Guid(99b1b7b19dab14d498d58da25b5c65cb) Importer(2089858483,b0f066a214c2f5e87bad3c948f4d605d) (ScriptedImporter) -> (artifact id: '4964b86a3966c6e51ca43eaa281195df') in 0.0293203 seconds
Number of updated asset objects reloaded before import = 0Number of asset objects unloaded after import = 1

========================================================================
Received Import Request.
  Time since last request: 0.000039 seconds.
  path: Packages/com.unity.probuilder/Editor Default Resources/Icons/Toolbar/Object_Subdivide@2x.png
  artifactKey: Guid(5a9cf49749bf93547a8493a2558a30e5) Importer(2089858483,b0f066a214c2f5e87bad3c948f4d605d)
Start importing Packages/com.unity.probuilder/Editor Default Resources/Icons/Toolbar/Object_Subdivide@2x.png using Guid(5a9cf49749bf93547a8493a2558a30e5) Importer(2089858483,b0f066a214c2f5e87bad3c948f4d605d) (ScriptedImporter) -> (artifact id: '4a0bc56374ccba7e9e6fc0c7919f11f9') in 0.0376392 seconds
Number of updated asset objects reloaded before import = 0Number of asset objects unloaded after import = 1

========================================================================
Received Import Request.
  Time since last request: 0.000023 seconds.
  path: Packages/com.unity.probuilder/Content/Resources/com.unity.probuilder/Materials/VertexPicker.mat
  artifactKey: Guid(30a8575e1d4cc4e01a88ffbf4f973d80) Importer(2089858483,b0f066a214c2f5e87bad3c948f4d605d)
Start importing Packages/com.unity.probuilder/Content/Resources/com.unity.probuilder/Materials/VertexPicker.mat using Guid(30a8575e1d4cc4e01a88ffbf4f973d80) Importer(2089858483,b0f066a214c2f5e87bad3c948f4d605d) (ScriptedImporter) -> (artifact id: '6c8f135726b57bb563e249ff958e48f7') in 0.0165494 seconds
Number of updated asset objects reloaded before import = 0Number of asset objects unloaded after import = 2

========================================================================
Received Import Request.
  Time since last request: 0.000030 seconds.
  path: Packages/com.unity.probuilder/External/Poly2Tri/Triangulation/Delaunay/Sweep/DTSweepContext.cs
  artifactKey: Guid(a943be722733e6741978a775d47f8e2c) Importer(2089858483,b0f066a214c2f5e87bad3c948f4d605d)
Start importing Packages/com.unity.probuilder/External/Poly2Tri/Triangulation/Delaunay/Sweep/DTSweepContext.cs using Guid(a943be722733e6741978a775d47f8e2c) Importer(2089858483,b0f066a214c2f5e87bad3c948f4d605d) (ScriptedImporter) -> (artifact id: '17c7a0c8db9a12cffe17e60afa45e086') in 0.0140254 seconds
Number of updated asset objects reloaded before import = 0Number of asset objects unloaded after import = 0

========================================================================
Received Import Request.
  Time since last request: 0.000026 seconds.
  path: Packages/com.unity.probuilder/Editor Default Resources/Icons/Toolbar/d_CreatePolyShape.png
  artifactKey: Guid(f02c1e9c644af7a4598a1540382a446d) Importer(2089858483,b0f066a214c2f5e87bad3c948f4d605d)
Start importing Packages/com.unity.probuilder/Editor Default Resources/Icons/Toolbar/d_CreatePolyShape.png using Guid(f02c1e9c644af7a4598a1540382a446d) Importer(2089858483,b0f066a214c2f5e87bad3c948f4d605d) (ScriptedImporter) -> (artifact id: 'fd08943e06889d90d2230607fc60fd03') in 0.0288763 seconds
Number of updated asset objects reloaded before import = 0Number of asset objects unloaded after import = 1

========================================================================
Received Import Request.
  Time since last request: 0.000049 seconds.
  path: Packages/com.unity.probuilder/Editor Default Resources/Icons/Cursors/cutCursor.png
  artifactKey: Guid(5c381bc90f91f514192fc1030c34eff4) Importer(2089858483,b0f066a214c2f5e87bad3c948f4d605d)
Start importing Packages/com.unity.probuilder/Editor Default Resources/Icons/Cursors/cutCursor.png using Guid(5c381bc90f91f514192fc1030c34eff4) Importer(2089858483,b0f066a214c2f5e87bad3c948f4d605d) (ScriptedImporter) -> (artifact id: 'dd8714792a83cdc57505761dfae6126b') in 0.038794 seconds
Number of updated asset objects reloaded before import = 0Number of asset objects unloaded after import = 1

========================================================================
Received Import Request.
  Time since last request: 0.000025 seconds.
  path: Packages/com.unity.probuilder/Editor/EditorCore/UndoUtility.cs
  artifactKey: Guid(e41489573d46a4d039759c1808b22f3a) Importer(2089858483,b0f066a214c2f5e87bad3c948f4d605d)
Start importing Packages/com.unity.probuilder/Editor/EditorCore/UndoUtility.cs using Guid(e41489573d46a4d039759c1808b22f3a) Importer(2089858483,b0f066a214c2f5e87bad3c948f4d605d) (ScriptedImporter) -> (artifact id: 'e7dca7ec84fe282aa7be6d04cd8c45d4') in 0.0201354 seconds
Number of updated asset objects reloaded before import = 0Number of asset objects unloaded after import = 0

========================================================================
Received Import Request.
  Time since last request: 0.000048 seconds.
  path: Packages/com.unity.probuilder/Editor Default Resources/Icons/Modes/Mode_Object.png
  artifactKey: Guid(5983a109090b74768ae1ff37dd65b0c9) Importer(2089858483,b0f066a214c2f5e87bad3c948f4d605d)
Start importing Packages/com.unity.probuilder/Editor Default Resources/Icons/Modes/Mode_Object.png using Guid(5983a109090b74768ae1ff37dd65b0c9) Importer(2089858483,b0f066a214c2f5e87bad3c948f4d605d) (ScriptedImporter) -> (artifact id: 'b18739a213d10facf011d5328d77747d') in 0.0342809 seconds
Number of updated asset objects reloaded before import = 0Number of asset objects unloaded after import = 1

========================================================================
Received Import Request.
  Time since last request: 0.000019 seconds.
  path: Packages/com.unity.probuilder/Editor/EditorCore/MeshAndElementSelection.cs
  artifactKey: Guid(d1266b9f3f7ac478b97ce34f935eadc3) Importer(2089858483,b0f066a214c2f5e87bad3c948f4d605d)
Start importing Packages/com.unity.probuilder/Editor/EditorCore/MeshAndElementSelection.cs using Guid(d1266b9f3f7ac478b97ce34f935eadc3) Importer(2089858483,b0f066a214c2f5e87bad3c948f4d605d) (ScriptedImporter) -> (artifact id: 'a67fd0be8140d36f470d3d7bc43da6c6') in 0.0142359 seconds
Number of updated asset objects reloaded before import = 0Number of asset objects unloaded after import = 0

========================================================================
Received Import Request.
  Time since last request: 0.000021 seconds.
  path: Packages/com.unity.probuilder/Editor Default Resources/Icons/Toolbar/Object_FlipNormals.png
  artifactKey: Guid(f92a3f288555044279199c3a1134e80d) Importer(2089858483,b0f066a214c2f5e87bad3c948f4d605d)
Start importing Packages/com.unity.probuilder/Editor Default Resources/Icons/Toolbar/Object_FlipNormals.png using Guid(f92a3f288555044279199c3a1134e80d) Importer(2089858483,b0f066a214c2f5e87bad3c948f4d605d) (ScriptedImporter) -> (artifact id: 'ec70efddccc3577c192e3dbd98b24f46') in 0.0345762 seconds
Number of updated asset objects reloaded before import = 0Number of asset objects unloaded after import = 1

========================================================================
Received Import Request.
  Time since last request: 0.000027 seconds.
  path: Packages/com.unity.probuilder/Editor Default Resources/Icons/Toolbar/Selection_ShiftAdd_Light.png
  artifactKey: Guid(4dcc033ed125fa045ae9aa7e43b98224) Importer(2089858483,b0f066a214c2f5e87bad3c948f4d605d)
Start importing Packages/com.unity.probuilder/Editor Default Resources/Icons/Toolbar/Selection_ShiftAdd_Light.png using Guid(4dcc033ed125fa045ae9aa7e43b98224) Importer(2089858483,b0f066a214c2f5e87bad3c948f4d605d) (ScriptedImporter) -> (artifact id: 'c4a6dab52e79ae637aa8d3f2862c65b1') in 0.0357977 seconds
Number of updated asset objects reloaded before import = 0Number of asset objects unloaded after import = 1

========================================================================
Received Import Request.
  Time since last request: 0.000044 seconds.
  path: Packages/com.unity.probuilder/Editor/EditorCore/ProBuilderSettings.cs
  artifactKey: Guid(2a29f58947000b048a0347b48bd16304) Importer(2089858483,b0f066a214c2f5e87bad3c948f4d605d)
Start importing Packages/com.unity.probuilder/Editor/EditorCore/ProBuilderSettings.cs using Guid(2a29f58947000b048a0347b48bd16304) Importer(2089858483,b0f066a214c2f5e87bad3c948f4d605d) (ScriptedImporter) -> (artifact id: '415fc3c2a1519f990bd29453d1cb214c') in 0.0166044 seconds
Number of updated asset objects reloaded before import = 0Number of asset objects unloaded after import = 0

========================================================================
Received Import Request.
  Time since last request: 0.000027 seconds.
  path: Packages/com.unity.probuilder/Editor Default Resources/Icons/Toolbar/Selection_Ring_Face@2x.png
  artifactKey: Guid(5097535b3a38e26439807db9ac476e6c) Importer(2089858483,b0f066a214c2f5e87bad3c948f4d605d)
Start importing Packages/com.unity.probuilder/Editor Default Resources/Icons/Toolbar/Selection_Ring_Face@2x.png using Guid(5097535b3a38e26439807db9ac476e6c) Importer(2089858483,b0f066a214c2f5e87bad3c948f4d605d) (ScriptedImporter) -> (artifact id: '3fc9f08fd3b2a248496e2c7dc4052ce5') in 0.0327826 seconds
Number of updated asset objects reloaded before import = 0Number of asset objects unloaded after import = 1

========================================================================
Received Import Request.
  Time since last request: 0.000019 seconds.
  path: Packages/com.unity.probuilder/Editor Default Resources/Icons/Toolbar/d_DragSelect_On@2x.png
  artifactKey: Guid(9574e8eadde69554b816acd0d85b17b8) Importer(2089858483,b0f066a214c2f5e87bad3c948f4d605d)
Start importing Packages/com.unity.probuilder/Editor Default Resources/Icons/Toolbar/d_DragSelect_On@2x.png using Guid(9574e8eadde69554b816acd0d85b17b8) Importer(2089858483,b0f066a214c2f5e87bad3c948f4d605d) (ScriptedImporter) -> (artifact id: 'ae3f46b88a5e0009b1078866106ac12a') in 0.0349095 seconds
Number of updated asset objects reloaded before import = 0Number of asset objects unloaded after import = 1

========================================================================
Received Import Request.
  Time since last request: 0.000025 seconds.
  path: Packages/com.unity.probuilder/Editor Default Resources/Icons/Toolbar/Selection_ShiftSubtract_Light.png
  artifactKey: Guid(17614f545f8375547973795a263cd0d5) Importer(2089858483,b0f066a214c2f5e87bad3c948f4d605d)
Start importing Packages/com.unity.probuilder/Editor Default Resources/Icons/Toolbar/Selection_ShiftSubtract_Light.png using Guid(17614f545f8375547973795a263cd0d5) Importer(2089858483,b0f066a214c2f5e87bad3c948f4d605d) (ScriptedImporter) -> (artifact id: '4b573f46e65fcda2ce37abae2bb4e47b') in 0.031044 seconds
Number of updated asset objects reloaded before import = 0Number of asset objects unloaded after import = 1

========================================================================
Received Import Request.
  Time since last request: 0.000037 seconds.
  path: Packages/com.unity.settings-manager/Content
  artifactKey: Guid(3d9bd4cbe22e8472781b1cde707d154d) Importer(2089858483,b0f066a214c2f5e87bad3c948f4d605d)
Start importing Packages/com.unity.settings-manager/Content using Guid(3d9bd4cbe22e8472781b1cde707d154d) Importer(2089858483,b0f066a214c2f5e87bad3c948f4d605d) (ScriptedImporter) -> (artifact id: '548fa6469db758b6605b2111563bf67b') in 0.0177935 seconds
Number of updated asset objects reloaded before import = 0Number of asset objects unloaded after import = 1

========================================================================
Received Import Request.
  Time since last request: 0.000025 seconds.
  path: Packages/com.unity.probuilder/Editor Default Resources/Icons/Toolbar/Object_ConformNormals_Light@2x.png
  artifactKey: Guid(b9984f0a7cb761b448a3a8ee4b3a479f) Importer(2089858483,b0f066a214c2f5e87bad3c948f4d605d)
Start importing Packages/com.unity.probuilder/Editor Default Resources/Icons/Toolbar/Object_ConformNormals_Light@2x.png using Guid(b9984f0a7cb761b448a3a8ee4b3a479f) Importer(2089858483,b0f066a214c2f5e87bad3c948f4d605d) (ScriptedImporter) -> (artifact id: 'a8ce9c9bd8809ec7d2c4b54c0fdd260a') in 0.0361992 seconds
Number of updated asset objects reloaded before import = 0Number of asset objects unloaded after import = 1

========================================================================
Received Import Request.
  Time since last request: 0.000023 seconds.
  path: Packages/com.unity.probuilder/Editor Default Resources/Icons/Toolbar/Background/RoundedRect_Hover_Blue.png
  artifactKey: Guid(b1125a794934140a0920919da7685416) Importer(2089858483,b0f066a214c2f5e87bad3c948f4d605d)
Start importing Packages/com.unity.probuilder/Editor Default Resources/Icons/Toolbar/Background/RoundedRect_Hover_Blue.png using Guid(b1125a794934140a0920919da7685416) Importer(2089858483,b0f066a214c2f5e87bad3c948f4d605d) (ScriptedImporter) -> (artifact id: '9b3ba8d6d9d3a0524830813c152d00f9') in 0.0369209 seconds
Number of updated asset objects reloaded before import = 0Number of asset objects unloaded after import = 1

========================================================================
Received Import Request.
  Time since last request: 0.000038 seconds.
  path: Packages/com.unity.probuilder/Editor/EditorCore/Experimental.cs
  artifactKey: Guid(d2c71b118edf0476f868fa213864aac6) Importer(2089858483,b0f066a214c2f5e87bad3c948f4d605d)
Start importing Packages/com.unity.probuilder/Editor/EditorCore/Experimental.cs using Guid(d2c71b118edf0476f868fa213864aac6) Importer(2089858483,b0f066a214c2f5e87bad3c948f4d605d) (ScriptedImporter) -> (artifact id: '933cc2aeba06b0b6d2178cc25d0500d3') in 0.0169867 seconds
Number of updated asset objects reloaded before import = 0Number of asset objects unloaded after import = 0

========================================================================
Received Import Request.
  Time since last request: 0.000068 seconds.
  path: Packages/com.unity.probuilder/Content/Resources/com.unity.probuilder/Materials/VertexPickerURP.mat
  artifactKey: Guid(eae7185451278b54bb78d0d5ff3f9452) Importer(2089858483,b0f066a214c2f5e87bad3c948f4d605d)
Start importing Packages/com.unity.probuilder/Content/Resources/com.unity.probuilder/Materials/VertexPickerURP.mat using Guid(eae7185451278b54bb78d0d5ff3f9452) Importer(2089858483,b0f066a214c2f5e87bad3c948f4d605d) (ScriptedImporter) -> (artifact id: 'a22e05f450732a0ac06bc6b57faae009') in 0.0333802 seconds
Number of updated asset objects reloaded before import = 0Number of asset objects unloaded after import = 3

========================================================================
Received Import Request.
  Time since last request: 0.000029 seconds.
  path: Packages/com.unity.probuilder/Editor Default Resources/Icons/Toolbar/Selection_SelectByVertexColor_Light.png
  artifactKey: Guid(5512e649df8a18d4c8053c141178e7e4) Importer(2089858483,b0f066a214c2f5e87bad3c948f4d605d)
Start importing Packages/com.unity.probuilder/Editor Default Resources/Icons/Toolbar/Selection_SelectByVertexColor_Light.png using Guid(5512e649df8a18d4c8053c141178e7e4) Importer(2089858483,b0f066a214c2f5e87bad3c948f4d605d) (ScriptedImporter) -> (artifact id: '9030557e9f53dd5024ea422101f5d783') in 0.0322762 seconds
Number of updated asset objects reloaded before import = 0Number of asset objects unloaded after import = 1

========================================================================
Received Import Request.
  Time since last request: 0.000054 seconds.
  path: Packages/com.unity.probuilder/Editor/MenuActions/Selection/SelectHole.cs
  artifactKey: Guid(6f435ddc17924dd18782195e161766ae) Importer(2089858483,b0f066a214c2f5e87bad3c948f4d605d)
Start importing Packages/com.unity.probuilder/Editor/MenuActions/Selection/SelectHole.cs using Guid(6f435ddc17924dd18782195e161766ae) Importer(2089858483,b0f066a214c2f5e87bad3c948f4d605d) (ScriptedImporter) -> (artifact id: 'c6b2a156f2f0f376e5b6472eab6f6614') in 0.0166679 seconds
Number of updated asset objects reloaded before import = 0Number of asset objects unloaded after import = 0

========================================================================
Received Import Request.
  Time since last request: 0.000031 seconds.
  path: Packages/com.unity.probuilder/Runtime/Core/EdgeUtility.cs
  artifactKey: Guid(1da3e972186d944ca81f7581615c650d) Importer(2089858483,b0f066a214c2f5e87bad3c948f4d605d)
Start importing Packages/com.unity.probuilder/Runtime/Core/EdgeUtility.cs using Guid(1da3e972186d944ca81f7581615c650d) Importer(2089858483,b0f066a214c2f5e87bad3c948f4d605d) (ScriptedImporter) -> (artifact id: '62a2179e0a969fe173a64e1818057150') in 0.0181487 seconds
Number of updated asset objects reloaded before import = 0Number of asset objects unloaded after import = 0

========================================================================
Received Import Request.
  Time since last request: 0.000029 seconds.
  path: Packages/com.unity.probuilder/Runtime/Core/SelectionPickerRenderer.cs
  artifactKey: Guid(1cd423070c2f8094db80d14ac61e4a89) Importer(2089858483,b0f066a214c2f5e87bad3c948f4d605d)
Start importing Packages/com.unity.probuilder/Runtime/Core/SelectionPickerRenderer.cs using Guid(1cd423070c2f8094db80d14ac61e4a89) Importer(2089858483,b0f066a214c2f5e87bad3c948f4d605d) (ScriptedImporter) -> (artifact id: 'b4b843b8714c8c2378a62cffb6fdc7a1') in 0.0202498 seconds
Number of updated asset objects reloaded before import = 0Number of asset objects unloaded after import = 0

========================================================================
Received Import Request.
  Time since last request: 0.000026 seconds.
  path: Packages/com.unity.probuilder/Editor Default Resources/Icons/Toolbar/Face_Extrude@2x.png
  artifactKey: Guid(87b99fd3566b4dd45950d453126ba835) Importer(2089858483,b0f066a214c2f5e87bad3c948f4d605d)
Start importing Packages/com.unity.probuilder/Editor Default Resources/Icons/Toolbar/Face_Extrude@2x.png using Guid(87b99fd3566b4dd45950d453126ba835) Importer(2089858483,b0f066a214c2f5e87bad3c948f4d605d) (ScriptedImporter) -> (artifact id: '07399204aba0d392057c29158b4b9a4e') in 0.0357888 seconds
Number of updated asset objects reloaded before import = 0Number of asset objects unloaded after import = 1

========================================================================
Received Import Request.
  Time since last request: 0.000030 seconds.
  path: Packages/com.unity.probuilder/Editor/MenuActions/Geometry/TriangulateFaces.cs
  artifactKey: Guid(729d0f7265af462a8b41492704404f59) Importer(2089858483,b0f066a214c2f5e87bad3c948f4d605d)
Start importing Packages/com.unity.probuilder/Editor/MenuActions/Geometry/TriangulateFaces.cs using Guid(729d0f7265af462a8b41492704404f59) Importer(2089858483,b0f066a214c2f5e87bad3c948f4d605d) (ScriptedImporter) -> (artifact id: '698b5a02c4b29e34d390475c27cb7a79') in 0.0175103 seconds
Number of updated asset objects reloaded before import = 0Number of asset objects unloaded after import = 0

========================================================================
Received Import Request.
  Time since last request: 0.000043 seconds.
  path: Packages/com.unity.probuilder/Editor Default Resources/Icons/Tools/ShapeTool/Pipe@2x.png
  artifactKey: Guid(5fe335321ce165343a4be58a60c9adff) Importer(2089858483,b0f066a214c2f5e87bad3c948f4d605d)
Start importing Packages/com.unity.probuilder/Editor Default Resources/Icons/Tools/ShapeTool/Pipe@2x.png using Guid(5fe335321ce165343a4be58a60c9adff) Importer(2089858483,b0f066a214c2f5e87bad3c948f4d605d) (ScriptedImporter) -> (artifact id: '60e38cc516d8ebe8d88ccd935cba4ae1') in 0.0331787 seconds
Number of updated asset objects reloaded before import = 0Number of asset objects unloaded after import = 1

========================================================================
Received Import Request.
  Time since last request: 0.000026 seconds.
  path: Packages/com.unity.probuilder/External/Poly2Tri/Triangulation/Delaunay/Sweep/DTSweepPointComparator.cs
  artifactKey: Guid(881b617b0cb15574f93592b7b6a3e373) Importer(2089858483,b0f066a214c2f5e87bad3c948f4d605d)
Start importing Packages/com.unity.probuilder/External/Poly2Tri/Triangulation/Delaunay/Sweep/DTSweepPointComparator.cs using Guid(881b617b0cb15574f93592b7b6a3e373) Importer(2089858483,b0f066a214c2f5e87bad3c948f4d605d) (ScriptedImporter) -> (artifact id: '70c72033bb3d6f949cc9c1c2c5270543') in 0.0196689 seconds
Number of updated asset objects reloaded before import = 0Number of asset objects unloaded after import = 0

========================================================================
Received Import Request.
  Time since last request: 0.000022 seconds.
  path: Packages/com.unity.probuilder/Editor Default Resources/Icons/Toolbar/Edge_Bevel_Light.png
  artifactKey: Guid(66eea9d01771e1b44ba5cfe1a1fa0673) Importer(2089858483,b0f066a214c2f5e87bad3c948f4d605d)
Start importing Packages/com.unity.probuilder/Editor Default Resources/Icons/Toolbar/Edge_Bevel_Light.png using Guid(66eea9d01771e1b44ba5cfe1a1fa0673) Importer(2089858483,b0f066a214c2f5e87bad3c948f4d605d) (ScriptedImporter) -> (artifact id: '08a99fe0ee3f4f6b8c84be4b0dabd86a') in 0.035509 seconds
Number of updated asset objects reloaded before import = 0Number of asset objects unloaded after import = 1

========================================================================
Received Import Request.
  Time since last request: 0.000066 seconds.
  path: Packages/com.unity.probuilder/Editor Default Resources/Icons/Toolbar/Object_ProBuilderize@2x.png
  artifactKey: Guid(497a527eee03df9498a235d2fd2cbd68) Importer(2089858483,b0f066a214c2f5e87bad3c948f4d605d)
Start importing Packages/com.unity.probuilder/Editor Default Resources/Icons/Toolbar/Object_ProBuilderize@2x.png using Guid(497a527eee03df9498a235d2fd2cbd68) Importer(2089858483,b0f066a214c2f5e87bad3c948f4d605d) (ScriptedImporter) -> (artifact id: '496759dbe82a24718e3d8b9d88e886ae') in 0.0352502 seconds
Number of updated asset objects reloaded before import = 0Number of asset objects unloaded after import = 1

========================================================================
Received Import Request.
  Time since last request: 0.000303 seconds.
  path: Packages/com.unity.probuilder/Content/Shader/LineBillboardMetal.shader
  artifactKey: Guid(4300ae919783d4fa38001d745fbdecc1) Importer(2089858483,b0f066a214c2f5e87bad3c948f4d605d)
Start importing Packages/com.unity.probuilder/Content/Shader/LineBillboardMetal.shader using Guid(4300ae919783d4fa38001d745fbdecc1) Importer(2089858483,b0f066a214c2f5e87bad3c948f4d605d) (ScriptedImporter) -> (artifact id: '9ad0cfa90ce92de970172c7b1ab8bf25') in 0.0181023 seconds
Number of updated asset objects reloaded before import = 0Number of asset objects unloaded after import = 1

========================================================================
Received Import Request.
  Time since last request: 0.000045 seconds.
  path: Packages/com.unity.probuilder/Editor Default Resources/Icons/Tools/ShapeTool/Arch.png
  artifactKey: Guid(ba8d0d3e2af01a442b80960299ed9d2e) Importer(2089858483,b0f066a214c2f5e87bad3c948f4d605d)
Start importing Packages/com.unity.probuilder/Editor Default Resources/Icons/Tools/ShapeTool/Arch.png using Guid(ba8d0d3e2af01a442b80960299ed9d2e) Importer(2089858483,b0f066a214c2f5e87bad3c948f4d605d) (ScriptedImporter) -> (artifact id: '9f7f8bfdbaeb0882a75532da1be478ce') in 0.0267678 seconds
Number of updated asset objects reloaded before import = 0Number of asset objects unloaded after import = 1

========================================================================
Received Import Request.
  Time since last request: 0.000049 seconds.
  path: Packages/com.unity.settings-manager/Editor/Settings.cs
  artifactKey: Guid(d3c815396f3a64c2d925a2100e08e093) Importer(2089858483,b0f066a214c2f5e87bad3c948f4d605d)
Start importing Packages/com.unity.settings-manager/Editor/Settings.cs using Guid(d3c815396f3a64c2d925a2100e08e093) Importer(2089858483,b0f066a214c2f5e87bad3c948f4d605d) (ScriptedImporter) -> (artifact id: 'da7816a3e69e72aa594dd4df3b70db39') in 0.0167693 seconds
Number of updated asset objects reloaded before import = 0Number of asset objects unloaded after import = 0

========================================================================
Received Import Request.
  Time since last request: 0.000057 seconds.
  path: Packages/com.unity.probuilder/Runtime/Core/MaterialUtility.cs
  artifactKey: Guid(a419cef8f67fa48b8a2420ecc4ea4936) Importer(2089858483,b0f066a214c2f5e87bad3c948f4d605d)
Start importing Packages/com.unity.probuilder/Runtime/Core/MaterialUtility.cs using Guid(a419cef8f67fa48b8a2420ecc4ea4936) Importer(2089858483,b0f066a214c2f5e87bad3c948f4d605d) (ScriptedImporter) -> (artifact id: 'abb5fcad0f023397f000263306273434') in 0.0138886 seconds
Number of updated asset objects reloaded before import = 0Number of asset objects unloaded after import = 0

========================================================================
Received Import Request.
  Time since last request: 0.000081 seconds.
  path: Packages/com.unity.probuilder/Editor/EditorCore/VertexManipulationTool.cs
  artifactKey: Guid(e4919131c75b7914b99be1a9252658bc) Importer(2089858483,b0f066a214c2f5e87bad3c948f4d605d)
Start importing Packages/com.unity.probuilder/Editor/EditorCore/VertexManipulationTool.cs using Guid(e4919131c75b7914b99be1a9252658bc) Importer(2089858483,b0f066a214c2f5e87bad3c948f4d605d) (ScriptedImporter) -> (artifact id: 'a0971f1a90e0489fc5506e3cb074ea62') in 0.0157397 seconds
Number of updated asset objects reloaded before import = 0Number of asset objects unloaded after import = 0

========================================================================
Received Import Request.
  Time since last request: 0.000079 seconds.
  path: Packages/com.unity.probuilder/Editor Default Resources/Icons/Toolbar/Pivot_FreezeTransform_Light.png
  artifactKey: Guid(1435d2a4ab55c4c4e9817a297799b261) Importer(2089858483,b0f066a214c2f5e87bad3c948f4d605d)
Start importing Packages/com.unity.probuilder/Editor Default Resources/Icons/Toolbar/Pivot_FreezeTransform_Light.png using Guid(1435d2a4ab55c4c4e9817a297799b261) Importer(2089858483,b0f066a214c2f5e87bad3c948f4d605d) (ScriptedImporter) -> (artifact id: '8ded41ef4da8792d216b1bc9a5b12d53') in 0.0305322 seconds
Number of updated asset objects reloaded before import = 0Number of asset objects unloaded after import = 1

========================================================================
Received Import Request.
  Time since last request: 0.000030 seconds.
  path: Packages/com.unity.probuilder/External/Poly2Tri/Triangulation/ITriangulatable.cs
  artifactKey: Guid(3d263593a085cdf469778e9ea07ba483) Importer(2089858483,b0f066a214c2f5e87bad3c948f4d605d)
Start importing Packages/com.unity.probuilder/External/Poly2Tri/Triangulation/ITriangulatable.cs using Guid(3d263593a085cdf469778e9ea07ba483) Importer(2089858483,b0f066a214c2f5e87bad3c948f4d605d) (ScriptedImporter) -> (artifact id: 'b28f59385a675014ecf8f6e11f8d4601') in 0.0195039 seconds
Number of updated asset objects reloaded before import = 0Number of asset objects unloaded after import = 0

========================================================================
Received Import Request.
  Time since last request: 0.000056 seconds.
  path: Packages/com.unity.probuilder/Editor Default Resources/Icons/Toolbar/Face_Duplicate_Light.png
  artifactKey: Guid(a6df902137a746d41b2fa51d1313b8a4) Importer(2089858483,b0f066a214c2f5e87bad3c948f4d605d)
Start importing Packages/com.unity.probuilder/Editor Default Resources/Icons/Toolbar/Face_Duplicate_Light.png using Guid(a6df902137a746d41b2fa51d1313b8a4) Importer(2089858483,b0f066a214c2f5e87bad3c948f4d605d) (ScriptedImporter) -> (artifact id: '1d99d4a0b05697948395d99eedc302a3') in 0.0359942 seconds
Number of updated asset objects reloaded before import = 0Number of asset objects unloaded after import = 1

========================================================================
Received Import Request.
  Time since last request: 0.000053 seconds.
  path: Packages/com.unity.probuilder/External/Poly2Tri/Triangulation/Delaunay/Sweep/PointOnEdgeException.cs
  artifactKey: Guid(659601bba69c8e747bcc79ca9e877a2f) Importer(2089858483,b0f066a214c2f5e87bad3c948f4d605d)
Start importing Packages/com.unity.probuilder/External/Poly2Tri/Triangulation/Delaunay/Sweep/PointOnEdgeException.cs using Guid(659601bba69c8e747bcc79ca9e877a2f) Importer(2089858483,b0f066a214c2f5e87bad3c948f4d605d) (ScriptedImporter) -> (artifact id: 'accf203c4c85749b5f458e0de8f8a553') in 0.0174478 seconds
Number of updated asset objects reloaded before import = 0Number of asset objects unloaded after import = 0

========================================================================
Received Import Request.
  Time since last request: 0.000020 seconds.
  path: Packages/com.unity.probuilder/Editor Default Resources/Icons/Toolbar/Edge_Extrude_Light.png
  artifactKey: Guid(073d7bf117489fb4aab3c2890235d023) Importer(2089858483,b0f066a214c2f5e87bad3c948f4d605d)
Start importing Packages/com.unity.probuilder/Editor Default Resources/Icons/Toolbar/Edge_Extrude_Light.png using Guid(073d7bf117489fb4aab3c2890235d023) Importer(2089858483,b0f066a214c2f5e87bad3c948f4d605d) (ScriptedImporter) -> (artifact id: 'fe6f7330fe7b84bb2271fbb1bffce0ad') in 0.030051 seconds
Number of updated asset objects reloaded before import = 0Number of asset objects unloaded after import = 1

========================================================================
Received Import Request.
  Time since last request: 0.000040 seconds.
  path: Packages/com.unity.probuilder/Content/Upgrade
  artifactKey: Guid(5ef3339a74ee9b146ad77b839a82c114) Importer(2089858483,b0f066a214c2f5e87bad3c948f4d605d)
Start importing Packages/com.unity.probuilder/Content/Upgrade using Guid(5ef3339a74ee9b146ad77b839a82c114) Importer(2089858483,b0f066a214c2f5e87bad3c948f4d605d) (ScriptedImporter) -> (artifact id: '28558ada686e709ca6aae2fb956f8f65') in 0.0198133 seconds
Number of updated asset objects reloaded before import = 0Number of asset objects unloaded after import = 1

========================================================================
Received Import Request.
  Time since last request: 0.000040 seconds.
  path: Packages/com.unity.probuilder/Editor Default Resources/Icons/Toolbar/Edge_Extrude@2x.png
  artifactKey: Guid(96b2f63dae2deb547a9353179551ffe9) Importer(2089858483,b0f066a214c2f5e87bad3c948f4d605d)
Start importing Packages/com.unity.probuilder/Editor Default Resources/Icons/Toolbar/Edge_Extrude@2x.png using Guid(96b2f63dae2deb547a9353179551ffe9) Importer(2089858483,b0f066a214c2f5e87bad3c948f4d605d) (ScriptedImporter) -> (artifact id: '26705640478a69afe4a3cbfc4ea726e1') in 0.0345488 seconds
Number of updated asset objects reloaded before import = 0Number of asset objects unloaded after import = 1

========================================================================
Received Import Request.
  Time since last request: 0.000068 seconds.
  path: Packages/com.unity.probuilder/Editor Default Resources/Icons/Toolbar/Pivot_CenterOnElements.png
  artifactKey: Guid(d110a14e84619c9489b359fb4eb13ed4) Importer(2089858483,b0f066a214c2f5e87bad3c948f4d605d)
Start importing Packages/com.unity.probuilder/Editor Default Resources/Icons/Toolbar/Pivot_CenterOnElements.png using Guid(d110a14e84619c9489b359fb4eb13ed4) Importer(2089858483,b0f066a214c2f5e87bad3c948f4d605d) (ScriptedImporter) -> (artifact id: '963d10050f85f960186f82eb8d06b668') in 0.0271209 seconds
Number of updated asset objects reloaded before import = 0Number of asset objects unloaded after import = 1

========================================================================
Received Import Request.
  Time since last request: 0.000105 seconds.
  path: Packages/com.unity.settings-manager/LICENSE.md
  artifactKey: Guid(27264456a8bbc094d9479c5d5f9b0aa5) Importer(2089858483,b0f066a214c2f5e87bad3c948f4d605d)
Start importing Packages/com.unity.settings-manager/LICENSE.md using Guid(27264456a8bbc094d9479c5d5f9b0aa5) Importer(2089858483,b0f066a214c2f5e87bad3c948f4d605d) (ScriptedImporter) -> (artifact id: 'f87b264c39dfd1b64bfe47ccf4f6f1e9') in 0.023908 seconds
Number of updated asset objects reloaded before import = 0Number of asset objects unloaded after import = 1

========================================================================
Received Import Request.
  Time since last request: 0.000046 seconds.
  path: Packages/com.unity.probuilder/Editor/EditorCore/VertexOnFaceEditor.cs
  artifactKey: Guid(9a0bfb7745b9acb4498a724deec39aec) Importer(2089858483,b0f066a214c2f5e87bad3c948f4d605d)
Start importing Packages/com.unity.probuilder/Editor/EditorCore/VertexOnFaceEditor.cs using Guid(9a0bfb7745b9acb4498a724deec39aec) Importer(2089858483,b0f066a214c2f5e87bad3c948f4d605d) (ScriptedImporter) -> (artifact id: '7e636443e8084733ef0d43a741edc886') in 0.0153933 seconds
Number of updated asset objects reloaded before import = 0Number of asset objects unloaded after import = 0

========================================================================
Received Import Request.
  Time since last request: 0.000057 seconds.
  path: Packages/com.unity.probuilder/Editor Default Resources/Icons/Toolbar/Vert_Collapse_Light@2x.png
  artifactKey: Guid(19d31615c7b4a1542a9272ea53cfb063) Importer(2089858483,b0f066a214c2f5e87bad3c948f4d605d)
Start importing Packages/com.unity.probuilder/Editor Default Resources/Icons/Toolbar/Vert_Collapse_Light@2x.png using Guid(19d31615c7b4a1542a9272ea53cfb063) Importer(2089858483,b0f066a214c2f5e87bad3c948f4d605d) (ScriptedImporter) -> (artifact id: 'cfd9527f599a1a12a35904608684c91e') in 0.0292739 seconds
Number of updated asset objects reloaded before import = 0Number of asset objects unloaded after import = 1

========================================================================
Received Import Request.
  Time since last request: 0.000062 seconds.
  path: Packages/com.unity.probuilder/Editor Default Resources/Icons/Toolbar/Edge_InsertLoop_Light@2x.png
  artifactKey: Guid(4a40271a75dfc8049bb8d627e8bf78bd) Importer(2089858483,b0f066a214c2f5e87bad3c948f4d605d)
Start importing Packages/com.unity.probuilder/Editor Default Resources/Icons/Toolbar/Edge_InsertLoop_Light@2x.png using Guid(4a40271a75dfc8049bb8d627e8bf78bd) Importer(2089858483,b0f066a214c2f5e87bad3c948f4d605d) (ScriptedImporter) -> (artifact id: 'fcd1e1cd7dd03078dba4ac86ee7abf02') in 0.0274299 seconds
Number of updated asset objects reloaded before import = 0Number of asset objects unloaded after import = 1

========================================================================
Received Import Request.
  Time since last request: 0.000051 seconds.
  path: Packages/com.unity.probuilder/Editor/EditorCore/UVEditor.cs
  artifactKey: Guid(d1e5ea3aa2689d948af3903d68647ca0) Importer(2089858483,b0f066a214c2f5e87bad3c948f4d605d)
Start importing Packages/com.unity.probuilder/Editor/EditorCore/UVEditor.cs using Guid(d1e5ea3aa2689d948af3903d68647ca0) Importer(2089858483,b0f066a214c2f5e87bad3c948f4d605d) (ScriptedImporter) -> (artifact id: '52341eca7a5c5e18f25f15be3a212c21') in 0.0161495 seconds
Number of updated asset objects reloaded before import = 0Number of asset objects unloaded after import = 0

========================================================================
Received Import Request.
  Time since last request: 0.000048 seconds.
  path: Packages/com.unity.probuilder/Editor/EditorCore/EditShapeTool.cs
  artifactKey: Guid(99a28d28a160b4da78802caf2a3484a0) Importer(2089858483,b0f066a214c2f5e87bad3c948f4d605d)
Start importing Packages/com.unity.probuilder/Editor/EditorCore/EditShapeTool.cs using Guid(99a28d28a160b4da78802caf2a3484a0) Importer(2089858483,b0f066a214c2f5e87bad3c948f4d605d) (ScriptedImporter) -> (artifact id: '91d2eb5ea0ec226a6d0b3c9f4935369d') in 0.0176011 seconds
Number of updated asset objects reloaded before import = 0Number of asset objects unloaded after import = 0

========================================================================
Received Import Request.
  Time since last request: 0.000039 seconds.
  path: Packages/com.unity.probuilder/External/Poly2Tri/Triangulation/Delaunay/Sweep/DTSweepBasin.cs
  artifactKey: Guid(d6658a80b0b3b964281a5312b39c9203) Importer(2089858483,b0f066a214c2f5e87bad3c948f4d605d)
Start importing Packages/com.unity.probuilder/External/Poly2Tri/Triangulation/Delaunay/Sweep/DTSweepBasin.cs using Guid(d6658a80b0b3b964281a5312b39c9203) Importer(2089858483,b0f066a214c2f5e87bad3c948f4d605d) (ScriptedImporter) -> (artifact id: '7e7baaeecffff64caab80f38897b8d2f') in 0.0183734 seconds
Number of updated asset objects reloaded before import = 0Number of asset objects unloaded after import = 0

========================================================================
Received Import Request.
  Time since last request: 0.000044 seconds.
  path: Packages/com.unity.probuilder/Editor Default Resources/Icons/Toolbar/Eye_Off.png
  artifactKey: Guid(ed0f7a8b882ee4f6abefc9996d60afc2) Importer(2089858483,b0f066a214c2f5e87bad3c948f4d605d)
Start importing Packages/com.unity.probuilder/Editor Default Resources/Icons/Toolbar/Eye_Off.png using Guid(ed0f7a8b882ee4f6abefc9996d60afc2) Importer(2089858483,b0f066a214c2f5e87bad3c948f4d605d) (ScriptedImporter) -> (artifact id: '3e65589c31b9a498fc6bbf1e23200043') in 0.0384355 seconds
Number of updated asset objects reloaded before import = 0Number of asset objects unloaded after import = 1

========================================================================
Received Import Request.
  Time since last request: 0.000033 seconds.
  path: Packages/com.unity.probuilder/Editor/MenuActions/Editors/CutToolAction.cs
  artifactKey: Guid(3033ae68453f7e54fa868c2610c9bc7d) Importer(2089858483,b0f066a214c2f5e87bad3c948f4d605d)
Start importing Packages/com.unity.probuilder/Editor/MenuActions/Editors/CutToolAction.cs using Guid(3033ae68453f7e54fa868c2610c9bc7d) Importer(2089858483,b0f066a214c2f5e87bad3c948f4d605d) (ScriptedImporter) -> (artifact id: '9df4a78084ad1c283bcaa2111e848451') in 0.0129699 seconds
Number of updated asset objects reloaded before import = 0Number of asset objects unloaded after import = 0

========================================================================
Received Import Request.
  Time since last request: 0.000025 seconds.
  path: Packages/com.unity.settings-manager/Tests/Editor
  artifactKey: Guid(9563dd1f3643cc54ba60086d957fcd78) Importer(2089858483,b0f066a214c2f5e87bad3c948f4d605d)
Start importing Packages/com.unity.settings-manager/Tests/Editor using Guid(9563dd1f3643cc54ba60086d957fcd78) Importer(2089858483,b0f066a214c2f5e87bad3c948f4d605d) (ScriptedImporter) -> (artifact id: '39d85ce17894a0f8eb3318e3f515a13d') in 0.018445 seconds
Number of updated asset objects reloaded before import = 0Number of asset objects unloaded after import = 1

========================================================================
Received Import Request.
  Time since last request: 0.000036 seconds.
  path: Packages/com.unity.probuilder/AssetIdRemapUtility/Editor/AssetIdRemapBuilderTreeView.cs
  artifactKey: Guid(daa26ef7aa9c82a47a06ddb6eefc0674) Importer(2089858483,b0f066a214c2f5e87bad3c948f4d605d)
Start importing Packages/com.unity.probuilder/AssetIdRemapUtility/Editor/AssetIdRemapBuilderTreeView.cs using Guid(daa26ef7aa9c82a47a06ddb6eefc0674) Importer(2089858483,b0f066a214c2f5e87bad3c948f4d605d) (ScriptedImporter) -> (artifact id: 'ec5e8ee3ca557d60b41b224aab027c85') in 0.0212035 seconds
Number of updated asset objects reloaded before import = 0Number of asset objects unloaded after import = 0

========================================================================
Received Import Request.
  Time since last request: 0.000068 seconds.
  path: Packages/com.unity.probuilder/Runtime/MeshOperations/UV
  artifactKey: Guid(59a80f89e25b748448bb804c542f7cdb) Importer(2089858483,b0f066a214c2f5e87bad3c948f4d605d)
Start importing Packages/com.unity.probuilder/Runtime/MeshOperations/UV using Guid(59a80f89e25b748448bb804c542f7cdb) Importer(2089858483,b0f066a214c2f5e87bad3c948f4d605d) (ScriptedImporter) -> (artifact id: '7ef0cc99bdf1a4aafec9e6d964bfdd8a') in 0.0205009 seconds
Number of updated asset objects reloaded before import = 0Number of asset objects unloaded after import = 1

========================================================================
Received Import Request.
  Time since last request: 0.000044 seconds.
  path: Packages/com.unity.probuilder/Editor/MenuActions/Geometry/FlipFaceNormals.cs
  artifactKey: Guid(71cfb4d65045470facb2a2e1e41bec03) Importer(2089858483,b0f066a214c2f5e87bad3c948f4d605d)
Start importing Packages/com.unity.probuilder/Editor/MenuActions/Geometry/FlipFaceNormals.cs using Guid(71cfb4d65045470facb2a2e1e41bec03) Importer(2089858483,b0f066a214c2f5e87bad3c948f4d605d) (ScriptedImporter) -> (artifact id: '8708430829d788821fa5c1e87cc93e15') in 0.022614 seconds
Number of updated asset objects reloaded before import = 0Number of asset objects unloaded after import = 0

========================================================================
Received Import Request.
  Time since last request: 0.000021 seconds.
  path: Packages/com.unity.probuilder/Content/Resources/Materials
  artifactKey: Guid(86a33916cf3294ac7ab58f89c2aa40b9) Importer(2089858483,b0f066a214c2f5e87bad3c948f4d605d)
Start importing Packages/com.unity.probuilder/Content/Resources/Materials using Guid(86a33916cf3294ac7ab58f89c2aa40b9) Importer(2089858483,b0f066a214c2f5e87bad3c948f4d605d) (ScriptedImporter) -> (artifact id: 'a88b63c28c9edb9f443f40c34dc3bfcc') in 0.021689 seconds
Number of updated asset objects reloaded before import = 0Number of asset objects unloaded after import = 1

========================================================================
Received Import Request.
  Time since last request: 0.000054 seconds.
  path: Packages/com.unity.probuilder/Content/Material/Textures/Checker.png
  artifactKey: Guid(2b3b02d65d5a24a20a12332c4125d74b) Importer(2089858483,b0f066a214c2f5e87bad3c948f4d605d)
Start importing Packages/com.unity.probuilder/Content/Material/Textures/Checker.png using Guid(2b3b02d65d5a24a20a12332c4125d74b) Importer(2089858483,b0f066a214c2f5e87bad3c948f4d605d) (ScriptedImporter) -> (artifact id: '4101b607d3281eeff56dbe3dfbc5fe5a') in 0.0432949 seconds
Number of updated asset objects reloaded before import = 0Number of asset objects unloaded after import = 1

========================================================================
Received Import Request.
  Time since last request: 0.000039 seconds.
  path: Packages/com.unity.probuilder/Editor/EditorCore/EntityEditor.cs
  artifactKey: Guid(b0c5bae1215e224409318f415e45db0a) Importer(2089858483,b0f066a214c2f5e87bad3c948f4d605d)
Start importing Packages/com.unity.probuilder/Editor/EditorCore/EntityEditor.cs using Guid(b0c5bae1215e224409318f415e45db0a) Importer(2089858483,b0f066a214c2f5e87bad3c948f4d605d) (ScriptedImporter) -> (artifact id: '2e24fbb333d789c812ac8c1d2132f8ab') in 0.0228684 seconds
Number of updated asset objects reloaded before import = 0Number of asset objects unloaded after import = 0

========================================================================
Received Import Request.
  Time since last request: 0.000041 seconds.
  path: Packages/com.unity.settings-manager/Editor/ValueWrapper.cs
  artifactKey: Guid(2d65bb50aabd144ed9c1a4c2bc6d072e) Importer(2089858483,b0f066a214c2f5e87bad3c948f4d605d)
Start importing Packages/com.unity.settings-manager/Editor/ValueWrapper.cs using Guid(2d65bb50aabd144ed9c1a4c2bc6d072e) Importer(2089858483,b0f066a214c2f5e87bad3c948f4d605d) (ScriptedImporter) -> (artifact id: '44100491725878cadff1d8a1a3c1a3f8') in 0.0216208 seconds
Number of updated asset objects reloaded before import = 0Number of asset objects unloaded after import = 0

========================================================================
Received Import Request.
  Time since last request: 0.000056 seconds.
  path: Packages/com.unity.probuilder/Editor Default Resources/Icons/Toolbar/AddShape_Light.png
  artifactKey: Guid(9af4761b9e4ed304fa54fdfc737599e7) Importer(2089858483,b0f066a214c2f5e87bad3c948f4d605d)
Start importing Packages/com.unity.probuilder/Editor Default Resources/Icons/Toolbar/AddShape_Light.png using Guid(9af4761b9e4ed304fa54fdfc737599e7) Importer(2089858483,b0f066a214c2f5e87bad3c948f4d605d) (ScriptedImporter) -> (artifact id: '72d01af4478bd6a482c14f14d56281eb') in 0.0281609 seconds
Number of updated asset objects reloaded before import = 0Number of asset objects unloaded after import = 1

========================================================================
Received Import Request.
  Time since last request: 0.000065 seconds.
  path: Packages/com.unity.probuilder/External/Poly2Tri/Triangulation/TriangulationAlgorithm.cs
  artifactKey: Guid(c5b66ff70e896a64ebe5aa9cb28dd535) Importer(2089858483,b0f066a214c2f5e87bad3c948f4d605d)
Start importing Packages/com.unity.probuilder/External/Poly2Tri/Triangulation/TriangulationAlgorithm.cs using Guid(c5b66ff70e896a64ebe5aa9cb28dd535) Importer(2089858483,b0f066a214c2f5e87bad3c948f4d605d) (ScriptedImporter) -> (artifact id: '353247473e5b30c39e1faffc70080c8a') in 0.0129642 seconds
Number of updated asset objects reloaded before import = 0Number of asset objects unloaded after import = 0

========================================================================
Received Import Request.
  Time since last request: 0.000037 seconds.
  path: Packages/com.unity.probuilder/Content/Shader/VertexPickerURP.shader
  artifactKey: Guid(488491a14dff2924db58a2ddc0b9e26f) Importer(2089858483,b0f066a214c2f5e87bad3c948f4d605d)
Start importing Packages/com.unity.probuilder/Content/Shader/VertexPickerURP.shader using Guid(488491a14dff2924db58a2ddc0b9e26f) Importer(2089858483,b0f066a214c2f5e87bad3c948f4d605d) (ScriptedImporter) -> (artifact id: '5e83792ebc83095b1032ef00d6fb1d97') in 0.0227396 seconds
Number of updated asset objects reloaded before import = 0Number of asset objects unloaded after import = 2

========================================================================
Received Import Request.
  Time since last request: 0.000056 seconds.
  path: Packages/com.unity.probuilder/Editor Default Resources/Icons/Toolbar/ShowNextPage_Left.png
  artifactKey: Guid(1f490d722029243d6b79a63a83914eb2) Importer(2089858483,b0f066a214c2f5e87bad3c948f4d605d)
Start importing Packages/com.unity.probuilder/Editor Default Resources/Icons/Toolbar/ShowNextPage_Left.png using Guid(1f490d722029243d6b79a63a83914eb2) Importer(2089858483,b0f066a214c2f5e87bad3c948f4d605d) (ScriptedImporter) -> (artifact id: '302c2c5a81ff8d15a938be4cbb411d7b') in 0.0353034 seconds
Number of updated asset objects reloaded before import = 0Number of asset objects unloaded after import = 1

========================================================================
Received Import Request.
  Time since last request: 0.000046 seconds.
  path: Packages/com.unity.probuilder/Editor Default Resources/Icons/Toolbar/Eye_On_Light.png
  artifactKey: Guid(3dff706792e13044cbec81860f71fb48) Importer(2089858483,b0f066a214c2f5e87bad3c948f4d605d)
Start importing Packages/com.unity.probuilder/Editor Default Resources/Icons/Toolbar/Eye_On_Light.png using Guid(3dff706792e13044cbec81860f71fb48) Importer(2089858483,b0f066a214c2f5e87bad3c948f4d605d) (ScriptedImporter) -> (artifact id: 'f846419e193856f0fe8ad96a4a2b793c') in 0.0291799 seconds
Number of updated asset objects reloaded before import = 0Number of asset objects unloaded after import = 1

========================================================================
Received Import Request.
  Time since last request: 0.000037 seconds.
  path: Packages/com.unity.probuilder/AssetIdRemapUtility/Editor
  artifactKey: Guid(274744740648f42a19d3e77602101b06) Importer(2089858483,b0f066a214c2f5e87bad3c948f4d605d)
Start importing Packages/com.unity.probuilder/AssetIdRemapUtility/Editor using Guid(274744740648f42a19d3e77602101b06) Importer(2089858483,b0f066a214c2f5e87bad3c948f4d605d) (ScriptedImporter) -> (artifact id: 'd6e9e8192a6075b68b799c41eab1de4b') in 0.0119942 seconds
Number of updated asset objects reloaded before import = 0Number of asset objects unloaded after import = 1

========================================================================
Received Import Request.
  Time since last request: 0.000039 seconds.
  path: Packages/com.unity.probuilder/Editor/EditorCore/UnityScenePostProcessor.cs
  artifactKey: Guid(b1602c6e6ff5bde4f9dfa91f8b5c85e4) Importer(2089858483,b0f066a214c2f5e87bad3c948f4d605d)
Start importing Packages/com.unity.probuilder/Editor/EditorCore/UnityScenePostProcessor.cs using Guid(b1602c6e6ff5bde4f9dfa91f8b5c85e4) Importer(2089858483,b0f066a214c2f5e87bad3c948f4d605d) (ScriptedImporter) -> (artifact id: '78177fa31beaf688cd708b3b214970d3') in 0.0204915 seconds
Number of updated asset objects reloaded before import = 0Number of asset objects unloaded after import = 0

========================================================================
Received Import Request.
  Time since last request: 0.000024 seconds.
  path: Packages/com.unity.probuilder/Editor Default Resources/Icons/Modes/d_ToolHandleElement.png
  artifactKey: Guid(3f106f71d8b944f4baa0385cc95ccff3) Importer(2089858483,b0f066a214c2f5e87bad3c948f4d605d)
Start importing Packages/com.unity.probuilder/Editor Default Resources/Icons/Modes/d_ToolHandleElement.png using Guid(3f106f71d8b944f4baa0385cc95ccff3) Importer(2089858483,b0f066a214c2f5e87bad3c948f4d605d) (ScriptedImporter) -> (artifact id: 'f9a40d50443a4bd233a4462230e45f06') in 0.0371321 seconds
Number of updated asset objects reloaded before import = 0Number of asset objects unloaded after import = 1

========================================================================
Received Import Request.
  Time since last request: 0.000039 seconds.
  path: Packages/com.unity.probuilder/Editor/EditorCore/EditorGUIUtility.cs
  artifactKey: Guid(a931ba2bdb160804eb3438f28aa0def3) Importer(2089858483,b0f066a214c2f5e87bad3c948f4d605d)
Start importing Packages/com.unity.probuilder/Editor/EditorCore/EditorGUIUtility.cs using Guid(a931ba2bdb160804eb3438f28aa0def3) Importer(2089858483,b0f066a214c2f5e87bad3c948f4d605d) (ScriptedImporter) -> (artifact id: '9fc7f83ce41b2eb22eadf63c89405da1') in 0.0150528 seconds
Number of updated asset objects reloaded before import = 0Number of asset objects unloaded after import = 0

========================================================================
Received Import Request.
  Time since last request: 0.000035 seconds.
  path: Packages/com.unity.probuilder/Runtime/Core/AutoUnwrapSettings.cs
  artifactKey: Guid(fdadef59afbc0447793550ae30addc32) Importer(2089858483,b0f066a214c2f5e87bad3c948f4d605d)
Start importing Packages/com.unity.probuilder/Runtime/Core/AutoUnwrapSettings.cs using Guid(fdadef59afbc0447793550ae30addc32) Importer(2089858483,b0f066a214c2f5e87bad3c948f4d605d) (ScriptedImporter) -> (artifact id: 'f1d2506c9c41a5e4ee0f757d555a89ad') in 0.018332 seconds
Number of updated asset objects reloaded before import = 0Number of asset objects unloaded after import = 0

========================================================================
Received Import Request.
  Time since last request: 0.000069 seconds.
  path: Packages/com.unity.probuilder/Runtime/MeshOperations/Triangulation.cs
  artifactKey: Guid(146403a091a2c4d61976892730fa0c8d) Importer(2089858483,b0f066a214c2f5e87bad3c948f4d605d)
Start importing Packages/com.unity.probuilder/Runtime/MeshOperations/Triangulation.cs using Guid(146403a091a2c4d61976892730fa0c8d) Importer(2089858483,b0f066a214c2f5e87bad3c948f4d605d) (ScriptedImporter) -> (artifact id: 'fbe653a9d4f2b0fed5893f79a70179c1') in 0.0150037 seconds
Number of updated asset objects reloaded before import = 0Number of asset objects unloaded after import = 0

========================================================================
Received Import Request.
  Time since last request: 0.000022 seconds.
  path: Packages/com.unity.probuilder/Runtime/MeshOperations/MeshValidation.cs
  artifactKey: Guid(12d2df8ff0d1e417e97df69e20c4c81b) Importer(2089858483,b0f066a214c2f5e87bad3c948f4d605d)
Start importing Packages/com.unity.probuilder/Runtime/MeshOperations/MeshValidation.cs using Guid(12d2df8ff0d1e417e97df69e20c4c81b) Importer(2089858483,b0f066a214c2f5e87bad3c948f4d605d) (ScriptedImporter) -> (artifact id: '70db2f979e1203a52a922307e8cdddff') in 0.0191158 seconds
Number of updated asset objects reloaded before import = 0Number of asset objects unloaded after import = 0

========================================================================
Received Import Request.
  Time since last request: 0.000046 seconds.
  path: Packages/com.unity.probuilder/Editor Default Resources/Icons/Toolbar/Background/RoundedRect_Normal_Light.png
  artifactKey: Guid(9e33a07b7acaa1d4f897ba9bdb91cba3) Importer(2089858483,b0f066a214c2f5e87bad3c948f4d605d)
Start importing Packages/com.unity.probuilder/Editor Default Resources/Icons/Toolbar/Background/RoundedRect_Normal_Light.png using Guid(9e33a07b7acaa1d4f897ba9bdb91cba3) Importer(2089858483,b0f066a214c2f5e87bad3c948f4d605d) (ScriptedImporter) -> (artifact id: '215e3640c0d8127f7eed132d146cf7dc') in 0.0349411 seconds
Number of updated asset objects reloaded before import = 0Number of asset objects unloaded after import = 1

========================================================================
Received Import Request.
  Time since last request: 0.000026 seconds.
  path: Packages/com.unity.probuilder/Editor Default Resources/Icons/Toolbar/Vert_Weld_Light.png
  artifactKey: Guid(a51cef91fcbba2c48b52718b2590e79c) Importer(2089858483,b0f066a214c2f5e87bad3c948f4d605d)
Start importing Packages/com.unity.probuilder/Editor Default Resources/Icons/Toolbar/Vert_Weld_Light.png using Guid(a51cef91fcbba2c48b52718b2590e79c) Importer(2089858483,b0f066a214c2f5e87bad3c948f4d605d) (ScriptedImporter) -> (artifact id: '72046b3b763262cac2cde7e0a3467ded') in 0.036879 seconds
Number of updated asset objects reloaded before import = 0Number of asset objects unloaded after import = 1

========================================================================
Received Import Request.
  Time since last request: 0.000060 seconds.
  path: Packages/com.unity.probuilder/Editor Default Resources/Icons/Toolbar/Edge_InsertLoop.png
  artifactKey: Guid(c84a11398243f4f019945e198b15e027) Importer(2089858483,b0f066a214c2f5e87bad3c948f4d605d)
Start importing Packages/com.unity.probuilder/Editor Default Resources/Icons/Toolbar/Edge_InsertLoop.png using Guid(c84a11398243f4f019945e198b15e027) Importer(2089858483,b0f066a214c2f5e87bad3c948f4d605d) (ScriptedImporter) -> (artifact id: '54a03edc70692bea94c1afd6ccd3cdfd') in 0.0293965 seconds
Number of updated asset objects reloaded before import = 0Number of asset objects unloaded after import = 1

========================================================================
Received Import Request.
  Time since last request: 0.000042 seconds.
  path: Packages/com.unity.probuilder/Editor Default Resources/Icons/Tools/ShapeTool/d_Prism.png
  artifactKey: Guid(7a2b4f63449e4bf41884255606dfa343) Importer(2089858483,b0f066a214c2f5e87bad3c948f4d605d)
Start importing Packages/com.unity.probuilder/Editor Default Resources/Icons/Tools/ShapeTool/d_Prism.png using Guid(7a2b4f63449e4bf41884255606dfa343) Importer(2089858483,b0f066a214c2f5e87bad3c948f4d605d) (ScriptedImporter) -> (artifact id: 'd8f5f790b7e1bd257a8d24965449ac83') in 0.032734 seconds
Number of updated asset objects reloaded before import = 0Number of asset objects unloaded after import = 1

========================================================================
Received Import Request.
  Time since last request: 0.000042 seconds.
  path: Packages/com.unity.probuilder/Runtime/Core/ShapeGenerator.cs
  artifactKey: Guid(48543f8899b046f69c530e1c1a54e5cd) Importer(2089858483,b0f066a214c2f5e87bad3c948f4d605d)
Start importing Packages/com.unity.probuilder/Runtime/Core/ShapeGenerator.cs using Guid(48543f8899b046f69c530e1c1a54e5cd) Importer(2089858483,b0f066a214c2f5e87bad3c948f4d605d) (ScriptedImporter) -> (artifact id: '7ad3595a4166379ce1467e6278126414') in 0.0205271 seconds
Number of updated asset objects reloaded before import = 0Number of asset objects unloaded after import = 0

========================================================================
Received Import Request.
  Time since last request: 0.000046 seconds.
  path: Packages/com.unity.probuilder/Editor Default Resources/Icons/Toolbar/Edge_InsertLoop@2x.png
  artifactKey: Guid(1c54b058bf748ab4ba16f8b62fa613fa) Importer(2089858483,b0f066a214c2f5e87bad3c948f4d605d)
Start importing Packages/com.unity.probuilder/Editor Default Resources/Icons/Toolbar/Edge_InsertLoop@2x.png using Guid(1c54b058bf748ab4ba16f8b62fa613fa) Importer(2089858483,b0f066a214c2f5e87bad3c948f4d605d) (ScriptedImporter) -> (artifact id: '9e55b329f708dd9a039986e2bdca12ba') in 0.0338544 seconds
Number of updated asset objects reloaded before import = 0Number of asset objects unloaded after import = 1

========================================================================
Received Import Request.
  Time since last request: 0.000066 seconds.
  path: Packages/com.unity.probuilder/Editor Default Resources/Icons/Tools/ShapeTool/d_Capsule.png
  artifactKey: Guid(fb63a06c07bc813469fd253c3b48b93c) Importer(2089858483,b0f066a214c2f5e87bad3c948f4d605d)
Start importing Packages/com.unity.probuilder/Editor Default Resources/Icons/Tools/ShapeTool/d_Capsule.png using Guid(fb63a06c07bc813469fd253c3b48b93c) Importer(2089858483,b0f066a214c2f5e87bad3c948f4d605d) (ScriptedImporter) -> (artifact id: 'aabc31be31984a7e6d18f7c9c21fffc5') in 0.0285889 seconds
Number of updated asset objects reloaded before import = 0Number of asset objects unloaded after import = 1

========================================================================
Received Import Request.
  Time since last request: 0.000048 seconds.
  path: Packages/com.unity.probuilder/External/CSG/Classes/VertexAttributes.cs
  artifactKey: Guid(7aeb98aaff5054383b10b45f4518f968) Importer(2089858483,b0f066a214c2f5e87bad3c948f4d605d)
Start importing Packages/com.unity.probuilder/External/CSG/Classes/VertexAttributes.cs using Guid(7aeb98aaff5054383b10b45f4518f968) Importer(2089858483,b0f066a214c2f5e87bad3c948f4d605d) (ScriptedImporter) -> (artifact id: 'c0916eabb396e02e3182a8f6986e3663') in 0.0140735 seconds
Number of updated asset objects reloaded before import = 0Number of asset objects unloaded after import = 0

========================================================================
Received Import Request.
  Time since last request: 0.000021 seconds.
  path: Packages/com.unity.probuilder/Editor Default Resources/Icons/Tools/EditShape@2x.png
  artifactKey: Guid(f9e53e1abda9c694cb99330284e02017) Importer(2089858483,b0f066a214c2f5e87bad3c948f4d605d)
Start importing Packages/com.unity.probuilder/Editor Default Resources/Icons/Tools/EditShape@2x.png using Guid(f9e53e1abda9c694cb99330284e02017) Importer(2089858483,b0f066a214c2f5e87bad3c948f4d605d) (ScriptedImporter) -> (artifact id: '656ab07b3f832cb127633414c3a25281') in 0.0284639 seconds
Number of updated asset objects reloaded before import = 0Number of asset objects unloaded after import = 1

========================================================================
Received Import Request.
  Time since last request: 0.000037 seconds.
  path: Packages/com.unity.settings-manager/Tests/Editor/MultipleProjectSettings.cs
  artifactKey: Guid(018f1adb8258a4133b73805294498947) Importer(2089858483,b0f066a214c2f5e87bad3c948f4d605d)
Start importing Packages/com.unity.settings-manager/Tests/Editor/MultipleProjectSettings.cs using Guid(018f1adb8258a4133b73805294498947) Importer(2089858483,b0f066a214c2f5e87bad3c948f4d605d) (ScriptedImporter) -> (artifact id: 'f9df872573a7f9a5078b6e29cfb67397') in 0.015648 seconds
Number of updated asset objects reloaded before import = 0Number of asset objects unloaded after import = 0

========================================================================
Received Import Request.
  Time since last request: 0.000071 seconds.
  path: Packages/com.unity.probuilder/Editor Default Resources/Icons/Toolbar/Panel_Materials_Light.png
  artifactKey: Guid(bd7791eaab255ee4b87aa9a6b7057131) Importer(2089858483,b0f066a214c2f5e87bad3c948f4d605d)
Start importing Packages/com.unity.probuilder/Editor Default Resources/Icons/Toolbar/Panel_Materials_Light.png using Guid(bd7791eaab255ee4b87aa9a6b7057131) Importer(2089858483,b0f066a214c2f5e87bad3c948f4d605d) (ScriptedImporter) -> (artifact id: '87518c4544cc9761c50a43f6d626e7b1') in 0.0368318 seconds
Number of updated asset objects reloaded before import = 0Number of asset objects unloaded after import = 1

========================================================================
Received Import Request.
  Time since last request: 0.000048 seconds.
  path: Packages/com.unity.probuilder/Editor Default Resources/Icons/Toolbar/Selection_SelectHidden-ON_Light.png
  artifactKey: Guid(7d428130d695af748b7967eec03a2426) Importer(2089858483,b0f066a214c2f5e87bad3c948f4d605d)
Start importing Packages/com.unity.probuilder/Editor Default Resources/Icons/Toolbar/Selection_SelectHidden-ON_Light.png using Guid(7d428130d695af748b7967eec03a2426) Importer(2089858483,b0f066a214c2f5e87bad3c948f4d605d) (ScriptedImporter) -> (artifact id: 'a30ebe6b5e4912dea990f3d933a45bc5') in 0.0330728 seconds
Number of updated asset objects reloaded before import = 0Number of asset objects unloaded after import = 1

========================================================================
Received Import Request.
  Time since last request: 0.000043 seconds.
  path: Packages/com.unity.probuilder/Editor Default Resources/Icons/Tools/ShapeTool/d_Door.png
  artifactKey: Guid(2aae95362d9092446b7e52e5eef542f7) Importer(2089858483,b0f066a214c2f5e87bad3c948f4d605d)
Start importing Packages/com.unity.probuilder/Editor Default Resources/Icons/Tools/ShapeTool/d_Door.png using Guid(2aae95362d9092446b7e52e5eef542f7) Importer(2089858483,b0f066a214c2f5e87bad3c948f4d605d) (ScriptedImporter) -> (artifact id: 'c63c0349c4ca19863298630ada2715a9') in 0.0277084 seconds
Number of updated asset objects reloaded before import = 0Number of asset objects unloaded after import = 1

========================================================================
Received Import Request.
  Time since last request: 0.000062 seconds.
  path: Packages/com.unity.probuilder/Editor/MenuActions/Geometry/SubdivideEdges.cs
  artifactKey: Guid(48a7fe196a624a7bae17c8621899b11c) Importer(2089858483,b0f066a214c2f5e87bad3c948f4d605d)
Start importing Packages/com.unity.probuilder/Editor/MenuActions/Geometry/SubdivideEdges.cs using Guid(48a7fe196a624a7bae17c8621899b11c) Importer(2089858483,b0f066a214c2f5e87bad3c948f4d605d) (ScriptedImporter) -> (artifact id: 'de0dec9ea6fb7c9ff981b1cce8998369') in 0.0132178 seconds
Number of updated asset objects reloaded before import = 0Number of asset objects unloaded after import = 0

========================================================================
Received Import Request.
  Time since last request: 0.000051 seconds.
  path: Packages/com.unity.probuilder/Editor Default Resources/Icons/Toolbar/Face_ConformNormals_Light.png
  artifactKey: Guid(3ef90f1d50601d242991947a310eff36) Importer(2089858483,b0f066a214c2f5e87bad3c948f4d605d)
Start importing Packages/com.unity.probuilder/Editor Default Resources/Icons/Toolbar/Face_ConformNormals_Light.png using Guid(3ef90f1d50601d242991947a310eff36) Importer(2089858483,b0f066a214c2f5e87bad3c948f4d605d) (ScriptedImporter) -> (artifact id: 'dca7fd9b8ee2c1bfc603344640f4f948') in 0.0289868 seconds
Number of updated asset objects reloaded before import = 0Number of asset objects unloaded after import = 1

========================================================================
Received Import Request.
  Time since last request: 0.000047 seconds.
  path: Packages/com.unity.probuilder/Editor Default Resources/Icons/Toolbar/CutTool_Light@2x.png
  artifactKey: Guid(7b4924d4615e4084cbf6836e04c00c3a) Importer(2089858483,b0f066a214c2f5e87bad3c948f4d605d)
Start importing Packages/com.unity.probuilder/Editor Default Resources/Icons/Toolbar/CutTool_Light@2x.png using Guid(7b4924d4615e4084cbf6836e04c00c3a) Importer(2089858483,b0f066a214c2f5e87bad3c948f4d605d) (ScriptedImporter) -> (artifact id: '144b89bbbd463bb2ef832ef58805f192') in 0.0275345 seconds
Number of updated asset objects reloaded before import = 0Number of asset objects unloaded after import = 1

========================================================================
Received Import Request.
  Time since last request: 0.000036 seconds.
  path: Packages/com.unity.probuilder/Editor Default Resources/Icons/Toolbar/Vert_Split.png
  artifactKey: Guid(98b34f0cc329b4e808ea1cc1cf40c74b) Importer(2089858483,b0f066a214c2f5e87bad3c948f4d605d)
Start importing Packages/com.unity.probuilder/Editor Default Resources/Icons/Toolbar/Vert_Split.png using Guid(98b34f0cc329b4e808ea1cc1cf40c74b) Importer(2089858483,b0f066a214c2f5e87bad3c948f4d605d) (ScriptedImporter) -> (artifact id: '822c64ec48c058250205f14a441e5128') in 0.0298252 seconds
Number of updated asset objects reloaded before import = 0Number of asset objects unloaded after import = 1

========================================================================
Received Import Request.
  Time since last request: 0.000036 seconds.
  path: Packages/com.unity.probuilder/External/Poly2Tri/Triangulation/Sets
  artifactKey: Guid(9f85da24fbeceaa4e96e6881fe6fac37) Importer(2089858483,b0f066a214c2f5e87bad3c948f4d605d)
Start importing Packages/com.unity.probuilder/External/Poly2Tri/Triangulation/Sets using Guid(9f85da24fbeceaa4e96e6881fe6fac37) Importer(2089858483,b0f066a214c2f5e87bad3c948f4d605d) (ScriptedImporter) -> (artifact id: 'fdc5ce55438dd121dd0763174f299a62') in 0.0144881 seconds
Number of updated asset objects reloaded before import = 0Number of asset objects unloaded after import = 1

========================================================================
Received Import Request.
  Time since last request: 0.000050 seconds.
  path: Packages/com.unity.probuilder/External/KdTree/KdTreeLib/Math/DoubleMath.cs
  artifactKey: Guid(a2c22c8685df2d44b943673a11597711) Importer(2089858483,b0f066a214c2f5e87bad3c948f4d605d)
Start importing Packages/com.unity.probuilder/External/KdTree/KdTreeLib/Math/DoubleMath.cs using Guid(a2c22c8685df2d44b943673a11597711) Importer(2089858483,b0f066a214c2f5e87bad3c948f4d605d) (ScriptedImporter) -> (artifact id: 'cfa1e2e629abce5ffc43f2b6e3c868d4') in 0.0195369 seconds
Number of updated asset objects reloaded before import = 0Number of asset objects unloaded after import = 0

========================================================================
Received Import Request.
  Time since last request: 0.000021 seconds.
  path: Packages/com.unity.probuilder/Editor Default Resources/Icons/Toolbar/Face_FlipNormals.png
  artifactKey: Guid(8160430d66b1b46058a38d6eb90f9c5d) Importer(2089858483,b0f066a214c2f5e87bad3c948f4d605d)
Start importing Packages/com.unity.probuilder/Editor Default Resources/Icons/Toolbar/Face_FlipNormals.png using Guid(8160430d66b1b46058a38d6eb90f9c5d) Importer(2089858483,b0f066a214c2f5e87bad3c948f4d605d) (ScriptedImporter) -> (artifact id: '6d53333ce5407d04485cc4b35f39f90a') in 0.034601 seconds
Number of updated asset objects reloaded before import = 0Number of asset objects unloaded after import = 1

========================================================================
Received Import Request.
  Time since last request: 0.000034 seconds.
  path: Packages/com.unity.probuilder/Runtime/Core/PolyShape.cs
  artifactKey: Guid(bb977b126bc1b4f15813dcf9da9bb600) Importer(2089858483,b0f066a214c2f5e87bad3c948f4d605d)
Start importing Packages/com.unity.probuilder/Runtime/Core/PolyShape.cs using Guid(bb977b126bc1b4f15813dcf9da9bb600) Importer(2089858483,b0f066a214c2f5e87bad3c948f4d605d) (ScriptedImporter) -> (artifact id: 'd28ed403f334682827ec55d0c3d0d5b8') in 0.0190291 seconds
Number of updated asset objects reloaded before import = 0Number of asset objects unloaded after import = 0

========================================================================
Received Import Request.
  Time since last request: 0.000044 seconds.
  path: Packages/com.unity.probuilder/Editor Default Resources/Icons/Toolbar/Background/RoundedRect_Normal_Orange.png
  artifactKey: Guid(c1fff777063ac4cfda0ceb4a6fb818a2) Importer(2089858483,b0f066a214c2f5e87bad3c948f4d605d)
Start importing Packages/com.unity.probuilder/Editor Default Resources/Icons/Toolbar/Background/RoundedRect_Normal_Orange.png using Guid(c1fff777063ac4cfda0ceb4a6fb818a2) Importer(2089858483,b0f066a214c2f5e87bad3c948f4d605d) (ScriptedImporter) -> (artifact id: 'b9526e50cb4937a27c89dc3fc884bbb1') in 0.0345125 seconds
Number of updated asset objects reloaded before import = 0Number of asset objects unloaded after import = 1

========================================================================
Received Import Request.
  Time since last request: 0.000023 seconds.
  path: Packages/com.unity.probuilder/Runtime/Core/MeshHandles.cs
  artifactKey: Guid(2734476e9b233c14987be5fbd0b43264) Importer(2089858483,b0f066a214c2f5e87bad3c948f4d605d)
Start importing Packages/com.unity.probuilder/Runtime/Core/MeshHandles.cs using Guid(2734476e9b233c14987be5fbd0b43264) Importer(2089858483,b0f066a214c2f5e87bad3c948f4d605d) (ScriptedImporter) -> (artifact id: '96674b6f38cf902f0b5413b7abe0a57b') in 0.0215832 seconds
Number of updated asset objects reloaded before import = 0Number of asset objects unloaded after import = 0

========================================================================
Received Import Request.
  Time since last request: 0.000023 seconds.
  path: Packages/com.unity.probuilder/Editor Default Resources/Icons/Toolbar/ShowNextPage_Down.png
  artifactKey: Guid(79459c0d618c144a894f23f3264a460f) Importer(2089858483,b0f066a214c2f5e87bad3c948f4d605d)
Start importing Packages/com.unity.probuilder/Editor Default Resources/Icons/Toolbar/ShowNextPage_Down.png using Guid(79459c0d618c144a894f23f3264a460f) Importer(2089858483,b0f066a214c2f5e87bad3c948f4d605d) (ScriptedImporter) -> (artifact id: 'c391d3ff708f31e20fa8e6dfa7415741') in 0.0354263 seconds
Number of updated asset objects reloaded before import = 0Number of asset objects unloaded after import = 1

========================================================================
Received Import Request.
  Time since last request: 0.000030 seconds.
  path: Packages/com.unity.probuilder/Content/Shader/EdgePicker.shader
  artifactKey: Guid(86212504c7e9f468db2300dc5932dc17) Importer(2089858483,b0f066a214c2f5e87bad3c948f4d605d)
Start importing Packages/com.unity.probuilder/Content/Shader/EdgePicker.shader using Guid(86212504c7e9f468db2300dc5932dc17) Importer(2089858483,b0f066a214c2f5e87bad3c948f4d605d) (ScriptedImporter) -> (artifact id: '00ca4895640e9feaf08f72e3d4233320') in 0.0197494 seconds
Number of updated asset objects reloaded before import = 0Number of asset objects unloaded after import = 1

========================================================================
Received Import Request.
  Time since last request: 0.000044 seconds.
  path: Packages/com.unity.probuilder/Editor Default Resources/Icons/Toolbar/Edge_Connect.png
  artifactKey: Guid(a8aaa3be9d93e4e979be2cdb9b36c5a7) Importer(2089858483,b0f066a214c2f5e87bad3c948f4d605d)
Start importing Packages/com.unity.probuilder/Editor Default Resources/Icons/Toolbar/Edge_Connect.png using Guid(a8aaa3be9d93e4e979be2cdb9b36c5a7) Importer(2089858483,b0f066a214c2f5e87bad3c948f4d605d) (ScriptedImporter) -> (artifact id: '1063014544347fb84614cf30eda0d871') in 0.0335313 seconds
Number of updated asset objects reloaded before import = 0Number of asset objects unloaded after import = 1

========================================================================
Received Import Request.
  Time since last request: 0.000041 seconds.
  path: Packages/com.unity.probuilder/Editor/MenuActions/Selection/SelectFaceLoop.cs
  artifactKey: Guid(df1c6ba8c6074cd4872ff79d66cc49f5) Importer(2089858483,b0f066a214c2f5e87bad3c948f4d605d)
Start importing Packages/com.unity.probuilder/Editor/MenuActions/Selection/SelectFaceLoop.cs using Guid(df1c6ba8c6074cd4872ff79d66cc49f5) Importer(2089858483,b0f066a214c2f5e87bad3c948f4d605d) (ScriptedImporter) -> (artifact id: '92ed85fdd9a48ce768f1d1e8dd834f8e') in 0.021701 seconds
Number of updated asset objects reloaded before import = 0Number of asset objects unloaded after import = 0

========================================================================
Received Import Request.
  Time since last request: 0.000022 seconds.
  path: Packages/com.unity.probuilder/External/Poly2Tri/Triangulation/TriangulationMode.cs
  artifactKey: Guid(319d9808ed35cae4ca212b4b97a9ee0b) Importer(2089858483,b0f066a214c2f5e87bad3c948f4d605d)
Start importing Packages/com.unity.probuilder/External/Poly2Tri/Triangulation/TriangulationMode.cs using Guid(319d9808ed35cae4ca212b4b97a9ee0b) Importer(2089858483,b0f066a214c2f5e87bad3c948f4d605d) (ScriptedImporter) -> (artifact id: 'ce0d98dce655bd4156ad71faf8623c0a') in 0.0202755 seconds
Number of updated asset objects reloaded before import = 0Number of asset objects unloaded after import = 0

========================================================================
Received Import Request.
  Time since last request: 0.000026 seconds.
  path: Packages/com.unity.probuilder/Editor Default Resources/Icons/EditableMesh/d_EditableMesh@2x.png
  artifactKey: Guid(26a5b6065d5139247883944649eeb145) Importer(2089858483,b0f066a214c2f5e87bad3c948f4d605d)
Start importing Packages/com.unity.probuilder/Editor Default Resources/Icons/EditableMesh/d_EditableMesh@2x.png using Guid(26a5b6065d5139247883944649eeb145) Importer(2089858483,b0f066a214c2f5e87bad3c948f4d605d) (ScriptedImporter) -> (artifact id: '229c09ee873973d4ae85c6de2de844c5') in 0.036171 seconds
Number of updated asset objects reloaded before import = 0Number of asset objects unloaded after import = 1

========================================================================
Received Import Request.
  Time since last request: 0.000034 seconds.
  path: Packages/com.unity.probuilder/Editor/EditorCore/AssemblyInfo.cs
  artifactKey: Guid(c6624e07ef7bd4f379420666341dd539) Importer(2089858483,b0f066a214c2f5e87bad3c948f4d605d)
Start importing Packages/com.unity.probuilder/Editor/EditorCore/AssemblyInfo.cs using Guid(c6624e07ef7bd4f379420666341dd539) Importer(2089858483,b0f066a214c2f5e87bad3c948f4d605d) (ScriptedImporter) -> (artifact id: '6e33777c39afe6bb7b9982e569da042c') in 0.0218046 seconds
Number of updated asset objects reloaded before import = 0Number of asset objects unloaded after import = 0

========================================================================
Received Import Request.
  Time since last request: 0.000025 seconds.
  path: Packages/com.unity.probuilder/Runtime/Core/ProBuilderEnum.cs
  artifactKey: Guid(42d1d51e272f34868beefb1d9a2688f6) Importer(2089858483,b0f066a214c2f5e87bad3c948f4d605d)
Start importing Packages/com.unity.probuilder/Runtime/Core/ProBuilderEnum.cs using Guid(42d1d51e272f34868beefb1d9a2688f6) Importer(2089858483,b0f066a214c2f5e87bad3c948f4d605d) (ScriptedImporter) -> (artifact id: 'c950f6c5397c334e73ba458a4671a84d') in 0.0191502 seconds
Number of updated asset objects reloaded before import = 0Number of asset objects unloaded after import = 0

========================================================================
Received Import Request.
  Time since last request: 0.000030 seconds.
  path: Packages/com.unity.probuilder/Editor Default Resources/Icons/Toolbar/Face_Triangulate@2x.png
  artifactKey: Guid(bfebce7e1122d22459624ac24e4c6479) Importer(2089858483,b0f066a214c2f5e87bad3c948f4d605d)
Start importing Packages/com.unity.probuilder/Editor Default Resources/Icons/Toolbar/Face_Triangulate@2x.png using Guid(bfebce7e1122d22459624ac24e4c6479) Importer(2089858483,b0f066a214c2f5e87bad3c948f4d605d) (ScriptedImporter) -> (artifact id: '4de794b970bd3e1acff9ddf8cc8ef32e') in 0.0367783 seconds
Number of updated asset objects reloaded before import = 0Number of asset objects unloaded after import = 1

========================================================================
Received Import Request.
  Time since last request: 0.000058 seconds.
  path: Packages/com.unity.probuilder/Editor Default Resources/Icons/Modes/d_Mode_Object.png
  artifactKey: Guid(44c2e74132ee947c88b465f152dc430b) Importer(2089858483,b0f066a214c2f5e87bad3c948f4d605d)
Start importing Packages/com.unity.probuilder/Editor Default Resources/Icons/Modes/d_Mode_Object.png using Guid(44c2e74132ee947c88b465f152dc430b) Importer(2089858483,b0f066a214c2f5e87bad3c948f4d605d) (ScriptedImporter) -> (artifact id: '4f396fef5c0b5864368ee5ad644faaaa') in 0.0328322 seconds
Number of updated asset objects reloaded before import = 0Number of asset objects unloaded after import = 1

========================================================================
Received Import Request.
  Time since last request: 0.000035 seconds.
  path: Packages/com.unity.probuilder/Editor/MenuActions/Selection/SelectVertexColor.cs
  artifactKey: Guid(fdbc8889effe4c9e82971613ad25e182) Importer(2089858483,b0f066a214c2f5e87bad3c948f4d605d)
Start importing Packages/com.unity.probuilder/Editor/MenuActions/Selection/SelectVertexColor.cs using Guid(fdbc8889effe4c9e82971613ad25e182) Importer(2089858483,b0f066a214c2f5e87bad3c948f4d605d) (ScriptedImporter) -> (artifact id: '0911a8b1bd23c63649217528e98270dc') in 0.0130392 seconds
Number of updated asset objects reloaded before import = 0Number of asset objects unloaded after import = 0

========================================================================
Received Import Request.
  Time since last request: 0.000049 seconds.
  path: Packages/com.unity.probuilder/Editor Default Resources/Icons/EditableMesh/EditableMesh.png
  artifactKey: Guid(e1ef768b00f5ea543a25f2bf9c1f9070) Importer(2089858483,b0f066a214c2f5e87bad3c948f4d605d)
Start importing Packages/com.unity.probuilder/Editor Default Resources/Icons/EditableMesh/EditableMesh.png using Guid(e1ef768b00f5ea543a25f2bf9c1f9070) Importer(2089858483,b0f066a214c2f5e87bad3c948f4d605d) (ScriptedImporter) -> (artifact id: '31b04571c284d4d22ea3682115d229d3') in 0.0296255 seconds
Number of updated asset objects reloaded before import = 0Number of asset objects unloaded after import = 1

========================================================================
Received Import Request.
  Time since last request: 0.000028 seconds.
  path: Packages/com.unity.probuilder/External/KdTree/KdTreeLib/Math
  artifactKey: Guid(ed05cb2facaa5cc49aab6d1137d15904) Importer(2089858483,b0f066a214c2f5e87bad3c948f4d605d)
Start importing Packages/com.unity.probuilder/External/KdTree/KdTreeLib/Math using Guid(ed05cb2facaa5cc49aab6d1137d15904) Importer(2089858483,b0f066a214c2f5e87bad3c948f4d605d) (ScriptedImporter) -> (artifact id: '320e4779157439cf25331b30d0650066') in 0.0165045 seconds
Number of updated asset objects reloaded before import = 0Number of asset objects unloaded after import = 1

========================================================================
Received Import Request.
  Time since last request: 0.000027 seconds.
  path: Packages/com.unity.probuilder/Editor Default Resources/Icons/Toolbar/AddShape_Light@2x.png
  artifactKey: Guid(21f2c0cee68970a48ab32addd83d1787) Importer(2089858483,b0f066a214c2f5e87bad3c948f4d605d)
Start importing Packages/com.unity.probuilder/Editor Default Resources/Icons/Toolbar/AddShape_Light@2x.png using Guid(21f2c0cee68970a48ab32addd83d1787) Importer(2089858483,b0f066a214c2f5e87bad3c948f4d605d) (ScriptedImporter) -> (artifact id: 'bc9aad5de2b4d28b4991a7ac94a9e7f9') in 0.024656 seconds
Number of updated asset objects reloaded before import = 0Number of asset objects unloaded after import = 1

========================================================================
Received Import Request.
  Time since last request: 0.016366 seconds.
  path: Assets/!_Project/Prefabs/CosmoEnemy.prefab
  artifactKey: Guid(bd234f0b9b595714ba32b5037b499af1) Importer(815301076,1909f56bfc062723c751e8b465ee728b)
Start importing Assets/!_Project/Prefabs/CosmoEnemy.prefab using Guid(bd234f0b9b595714ba32b5037b499af1) Importer(815301076,1909f56bfc062723c751e8b465ee728b) (PreviewImporter) -> (artifact id: '362a6c47635ce4a3cf434b6893e1d4c7') in 0.0062155 seconds
Number of updated asset objects reloaded before import = 0Number of asset objects unloaded after import = 41

========================================================================
Received Import Request.
  Time since last request: 0.105982 seconds.
  path: Packages/com.unity.probuilder/Editor/EditorCore/MenuOption.cs
  artifactKey: Guid(b2832c5edf831bd45a81ea86f2f3c0db) Importer(2089858483,b0f066a214c2f5e87bad3c948f4d605d)
Start importing Packages/com.unity.probuilder/Editor/EditorCore/MenuOption.cs using Guid(b2832c5edf831bd45a81ea86f2f3c0db) Importer(2089858483,b0f066a214c2f5e87bad3c948f4d605d) (ScriptedImporter) -> (artifact id: '382fc05b3e06c5a2ecc04dbe622c8883') in 0.0138269 seconds
Number of updated asset objects reloaded before import = 0Number of asset objects unloaded after import = 0

========================================================================
Received Import Request.
  Time since last request: 0.000053 seconds.
  path: Packages/com.unity.probuilder/Runtime/MeshOperations
  artifactKey: Guid(39a7a706431e4ac8bdf5c0b125380f39) Importer(2089858483,b0f066a214c2f5e87bad3c948f4d605d)
Start importing Packages/com.unity.probuilder/Runtime/MeshOperations using Guid(39a7a706431e4ac8bdf5c0b125380f39) Importer(2089858483,b0f066a214c2f5e87bad3c948f4d605d) (ScriptedImporter) -> (artifact id: 'db8b90bff2c3275d4fbad6ec223ffb2e') in 0.0137615 seconds
Number of updated asset objects reloaded before import = 0Number of asset objects unloaded after import = 1

========================================================================
Received Import Request.
  Time since last request: 0.000050 seconds.
  path: Packages/com.unity.probuilder/Editor Default Resources/Icons/Tools/ShapeTool/d_Stairs@2x.png
  artifactKey: Guid(ad00c1523308ff84fa1a975de7a4f150) Importer(2089858483,b0f066a214c2f5e87bad3c948f4d605d)
Start importing Packages/com.unity.probuilder/Editor Default Resources/Icons/Tools/ShapeTool/d_Stairs@2x.png using Guid(ad00c1523308ff84fa1a975de7a4f150) Importer(2089858483,b0f066a214c2f5e87bad3c948f4d605d) (ScriptedImporter) -> (artifact id: '46b1167352fcb97d9400c44337066f35') in 0.0293088 seconds
Number of updated asset objects reloaded before import = 0Number of asset objects unloaded after import = 1

========================================================================
Received Import Request.
  Time since last request: 0.000025 seconds.
  path: Packages/com.unity.probuilder/Editor Default Resources/Icons/Toolbar/Selection_Grow.png
  artifactKey: Guid(92b965cb36c2241ff85afe194b701652) Importer(2089858483,b0f066a214c2f5e87bad3c948f4d605d)
Start importing Packages/com.unity.probuilder/Editor Default Resources/Icons/Toolbar/Selection_Grow.png using Guid(92b965cb36c2241ff85afe194b701652) Importer(2089858483,b0f066a214c2f5e87bad3c948f4d605d) (ScriptedImporter) -> (artifact id: 'e926f41e917e448bf562d7575a11847c') in 0.0271178 seconds
Number of updated asset objects reloaded before import = 0Number of asset objects unloaded after import = 1

========================================================================
Received Import Request.
  Time since last request: 0.000028 seconds.
  path: Packages/com.unity.probuilder/Editor/MenuActions/Geometry/DetachFaces.cs
  artifactKey: Guid(d9930631c9404fb0b63a91644558eb39) Importer(2089858483,b0f066a214c2f5e87bad3c948f4d605d)
Start importing Packages/com.unity.probuilder/Editor/MenuActions/Geometry/DetachFaces.cs using Guid(d9930631c9404fb0b63a91644558eb39) Importer(2089858483,b0f066a214c2f5e87bad3c948f4d605d) (ScriptedImporter) -> (artifact id: '529503a9ad65556ac6e1e86e374a1eca') in 0.0161438 seconds
Number of updated asset objects reloaded before import = 0Number of asset objects unloaded after import = 0

========================================================================
Received Import Request.
  Time since last request: 0.000039 seconds.
  path: Packages/com.unity.probuilder/Runtime/Core/ProBuilderSnapping.cs
  artifactKey: Guid(e5d62e0d1462c4f02ae2aae1659cb748) Importer(2089858483,b0f066a214c2f5e87bad3c948f4d605d)
Start importing Packages/com.unity.probuilder/Runtime/Core/ProBuilderSnapping.cs using Guid(e5d62e0d1462c4f02ae2aae1659cb748) Importer(2089858483,b0f066a214c2f5e87bad3c948f4d605d) (ScriptedImporter) -> (artifact id: '30910eb2ffb94d22ab2ef66a35750389') in 0.021325 seconds
Number of updated asset objects reloaded before import = 0Number of asset objects unloaded after import = 0

========================================================================
Received Import Request.
  Time since last request: 0.000076 seconds.
  path: Packages/com.unity.probuilder/External/Poly2Tri/Triangulation/Delaunay/DelaunayTriangle.cs
  artifactKey: Guid(ec676d2a8ccecde4f8eb0d32aeaafb98) Importer(2089858483,b0f066a214c2f5e87bad3c948f4d605d)
Start importing Packages/com.unity.probuilder/External/Poly2Tri/Triangulation/Delaunay/DelaunayTriangle.cs using Guid(ec676d2a8ccecde4f8eb0d32aeaafb98) Importer(2089858483,b0f066a214c2f5e87bad3c948f4d605d) (ScriptedImporter) -> (artifact id: 'b3d0137bd1ffa0a00bb9d0c766319b4a') in 0.0153509 seconds
Number of updated asset objects reloaded before import = 0Number of asset objects unloaded after import = 0

========================================================================
Received Import Request.
  Time since last request: 0.000053 seconds.
  path: Packages/com.unity.probuilder/Editor Default Resources/Icons/Tools/ShapeTool/on/Sphere@2x.png
  artifactKey: Guid(8a94b25b61361b64dadad57f3a3481b6) Importer(2089858483,b0f066a214c2f5e87bad3c948f4d605d)
Start importing Packages/com.unity.probuilder/Editor Default Resources/Icons/Tools/ShapeTool/on/Sphere@2x.png using Guid(8a94b25b61361b64dadad57f3a3481b6) Importer(2089858483,b0f066a214c2f5e87bad3c948f4d605d) (ScriptedImporter) -> (artifact id: 'fd77f90ca9c74ed4b1f968f3186cccf1') in 0.0276121 seconds
Number of updated asset objects reloaded before import = 0Number of asset objects unloaded after import = 1

========================================================================
Received Import Request.
  Time since last request: 0.000021 seconds.
  path: Packages/com.unity.probuilder/Editor/EditorCore
  artifactKey: Guid(73c672377c494b42b2cf29016e7f37eb) Importer(2089858483,b0f066a214c2f5e87bad3c948f4d605d)
Start importing Packages/com.unity.probuilder/Editor/EditorCore using Guid(73c672377c494b42b2cf29016e7f37eb) Importer(2089858483,b0f066a214c2f5e87bad3c948f4d605d) (ScriptedImporter) -> (artifact id: 'f6c8b4d78980834c23e0523202766ebf') in 0.0179409 seconds
Number of updated asset objects reloaded before import = 0Number of asset objects unloaded after import = 1

========================================================================
Received Import Request.
  Time since last request: 0.000030 seconds.
  path: Packages/com.unity.probuilder/Runtime/MeshOperations/AppendElements.cs
  artifactKey: Guid(6d247d7d3f9b23a468d61e433994dd7b) Importer(2089858483,b0f066a214c2f5e87bad3c948f4d605d)
Start importing Packages/com.unity.probuilder/Runtime/MeshOperations/AppendElements.cs using Guid(6d247d7d3f9b23a468d61e433994dd7b) Importer(2089858483,b0f066a214c2f5e87bad3c948f4d605d) (ScriptedImporter) -> (artifact id: 'fd0d11b406ced9c05811ff4db7a59bd6') in 0.0211871 seconds
Number of updated asset objects reloaded before import = 0Number of asset objects unloaded after import = 0

========================================================================
Received Import Request.
  Time since last request: 0.000034 seconds.
  path: Packages/com.unity.probuilder/Editor Default Resources/Icons/Tools/ShapeTool/Plane@2x.png
  artifactKey: Guid(0bfc881c22e265440b584e0b54a82f63) Importer(2089858483,b0f066a214c2f5e87bad3c948f4d605d)
Start importing Packages/com.unity.probuilder/Editor Default Resources/Icons/Tools/ShapeTool/Plane@2x.png using Guid(0bfc881c22e265440b584e0b54a82f63) Importer(2089858483,b0f066a214c2f5e87bad3c948f4d605d) (ScriptedImporter) -> (artifact id: '2f3355af8cda5ba7ddd43f77f8e3ea85') in 0.0298391 seconds
Number of updated asset objects reloaded before import = 0Number of asset objects unloaded after import = 1

========================================================================
Received Import Request.
  Time since last request: 0.000027 seconds.
  path: Packages/com.unity.probuilder/Editor/EditorCore/ProbuilderScaleTool.cs
  artifactKey: Guid(589c2adb27cec4b26849162d3b624642) Importer(2089858483,b0f066a214c2f5e87bad3c948f4d605d)
Start importing Packages/com.unity.probuilder/Editor/EditorCore/ProbuilderScaleTool.cs using Guid(589c2adb27cec4b26849162d3b624642) Importer(2089858483,b0f066a214c2f5e87bad3c948f4d605d) (ScriptedImporter) -> (artifact id: '6bf1a8e47f45ae04718808d3578227a5') in 0.0190037 seconds
Number of updated asset objects reloaded before import = 0Number of asset objects unloaded after import = 0

========================================================================
Received Import Request.
  Time since last request: 0.000056 seconds.
  path: Packages/com.unity.probuilder/Editor Default Resources/Icons/Toolbar/Edge_Connect_Light@2x.png
  artifactKey: Guid(96b821a1abe6b5645a9172f473424e93) Importer(2089858483,b0f066a214c2f5e87bad3c948f4d605d)
Start importing Packages/com.unity.probuilder/Editor Default Resources/Icons/Toolbar/Edge_Connect_Light@2x.png using Guid(96b821a1abe6b5645a9172f473424e93) Importer(2089858483,b0f066a214c2f5e87bad3c948f4d605d) (ScriptedImporter) -> (artifact id: '8a64113dcac33acf40b0a2d39dcf57f2') in 0.0317269 seconds
Number of updated asset objects reloaded before import = 0Number of asset objects unloaded after import = 1

========================================================================
Received Import Request.
  Time since last request: 0.000023 seconds.
  path: Packages/com.unity.probuilder/Editor Default Resources/Icons/Toolbar/Face_FlipNormals_Light@2x.png
  artifactKey: Guid(632b2e28cfa0f3d4a9373ad7b4a74f99) Importer(2089858483,b0f066a214c2f5e87bad3c948f4d605d)
Start importing Packages/com.unity.probuilder/Editor Default Resources/Icons/Toolbar/Face_FlipNormals_Light@2x.png using Guid(632b2e28cfa0f3d4a9373ad7b4a74f99) Importer(2089858483,b0f066a214c2f5e87bad3c948f4d605d) (ScriptedImporter) -> (artifact id: '743f5b896dcec877a1675ffa6fe1cf17') in 0.0320941 seconds
Number of updated asset objects reloaded before import = 0Number of asset objects unloaded after import = 1

========================================================================
Received Import Request.
  Time since last request: 0.000034 seconds.
  path: Packages/com.unity.probuilder/Editor Default Resources/Icons/Tools/ShapeTool/on/Cone@2x.png
  artifactKey: Guid(41c17137b868e304685fe67fcc14947e) Importer(2089858483,b0f066a214c2f5e87bad3c948f4d605d)
Start importing Packages/com.unity.probuilder/Editor Default Resources/Icons/Tools/ShapeTool/on/Cone@2x.png using Guid(41c17137b868e304685fe67fcc14947e) Importer(2089858483,b0f066a214c2f5e87bad3c948f4d605d) (ScriptedImporter) -> (artifact id: '9997f808b9d846c0f4f917ea116222cc') in 0.0359954 seconds
Number of updated asset objects reloaded before import = 0Number of asset objects unloaded after import = 1

========================================================================
Received Import Request.
  Time since last request: 0.000026 seconds.
  path: Packages/com.unity.probuilder/Editor Default Resources/Icons/Toolbar/d_Selection_SelectBySmoothingGroup@2x.png
  artifactKey: Guid(70e3e6317c3cdd347a8c2a6dcd15da62) Importer(2089858483,b0f066a214c2f5e87bad3c948f4d605d)
Start importing Packages/com.unity.probuilder/Editor Default Resources/Icons/Toolbar/d_Selection_SelectBySmoothingGroup@2x.png using Guid(70e3e6317c3cdd347a8c2a6dcd15da62) Importer(2089858483,b0f066a214c2f5e87bad3c948f4d605d) (ScriptedImporter) -> (artifact id: '641a684a0778797774813d47bf05b327') in 0.0336739 seconds
Number of updated asset objects reloaded before import = 0Number of asset objects unloaded after import = 1

========================================================================
Received Import Request.
  Time since last request: 0.000036 seconds.
  path: Packages/com.unity.probuilder/Runtime/MeshOperations/CombineMeshes.cs
  artifactKey: Guid(bb36fee1f817e4860a9937f064b1a192) Importer(2089858483,b0f066a214c2f5e87bad3c948f4d605d)
Start importing Packages/com.unity.probuilder/Runtime/MeshOperations/CombineMeshes.cs using Guid(bb36fee1f817e4860a9937f064b1a192) Importer(2089858483,b0f066a214c2f5e87bad3c948f4d605d) (ScriptedImporter) -> (artifact id: '6f38603ca5717e124f1093a43020b6a5') in 0.016844 seconds
Number of updated asset objects reloaded before import = 0Number of asset objects unloaded after import = 0

========================================================================
Received Import Request.
  Time since last request: 0.000036 seconds.
  path: Packages/com.unity.probuilder/Editor Default Resources/Icons/Toolbar/ShowNextPage_Right.png
  artifactKey: Guid(3bf8693eb2c37403a811b4f1caf3d004) Importer(2089858483,b0f066a214c2f5e87bad3c948f4d605d)
Start importing Packages/com.unity.probuilder/Editor Default Resources/Icons/Toolbar/ShowNextPage_Right.png using Guid(3bf8693eb2c37403a811b4f1caf3d004) Importer(2089858483,b0f066a214c2f5e87bad3c948f4d605d) (ScriptedImporter) -> (artifact id: 'd1a19ce1b6765dc184b06c67da45292d') in 0.0377264 seconds
Number of updated asset objects reloaded before import = 0Number of asset objects unloaded after import = 1

========================================================================
Received Import Request.
  Time since last request: 0.000022 seconds.
  path: Packages/com.unity.probuilder/Editor/Overlays/ActionSettings.cs
  artifactKey: Guid(04a63eaa34df4781afea8b61f4bf6a34) Importer(2089858483,b0f066a214c2f5e87bad3c948f4d605d)
Start importing Packages/com.unity.probuilder/Editor/Overlays/ActionSettings.cs using Guid(04a63eaa34df4781afea8b61f4bf6a34) Importer(2089858483,b0f066a214c2f5e87bad3c948f4d605d) (ScriptedImporter) -> (artifact id: '57aa77ff8759dd2db0012355fbbdd683') in 0.0180664 seconds
Number of updated asset objects reloaded before import = 0Number of asset objects unloaded after import = 0

========================================================================
Received Import Request.
  Time since last request: 0.000024 seconds.
  path: Packages/com.unity.probuilder/Editor/MenuActions/Export/ExportObj.cs
  artifactKey: Guid(23fb6d4a102f4c2188ef8afe61eb58e4) Importer(2089858483,b0f066a214c2f5e87bad3c948f4d605d)
Start importing Packages/com.unity.probuilder/Editor/MenuActions/Export/ExportObj.cs using Guid(23fb6d4a102f4c2188ef8afe61eb58e4) Importer(2089858483,b0f066a214c2f5e87bad3c948f4d605d) (ScriptedImporter) -> (artifact id: 'c10f1c2667dcf8d69c2adcecb2779785') in 0.0201097 seconds
Number of updated asset objects reloaded before import = 0Number of asset objects unloaded after import = 0

========================================================================
Received Import Request.
  Time since last request: 0.000032 seconds.
  path: Packages/com.unity.probuilder/Editor Default Resources/Icons/Toolbar/Selection_Ring_Edge.png
  artifactKey: Guid(f26c02e9cb39f93439d76efec360611c) Importer(2089858483,b0f066a214c2f5e87bad3c948f4d605d)
Start importing Packages/com.unity.probuilder/Editor Default Resources/Icons/Toolbar/Selection_Ring_Edge.png using Guid(f26c02e9cb39f93439d76efec360611c) Importer(2089858483,b0f066a214c2f5e87bad3c948f4d605d) (ScriptedImporter) -> (artifact id: 'a6bef877149bd56cdefbbced32553484') in 0.0363374 seconds
Number of updated asset objects reloaded before import = 0Number of asset objects unloaded after import = 1

========================================================================
Received Import Request.
  Time since last request: 0.000045 seconds.
  path: Packages/com.unity.probuilder/Editor/Overlays/UXML
  artifactKey: Guid(2bf443dd612131948a70af1b157c73ed) Importer(2089858483,b0f066a214c2f5e87bad3c948f4d605d)
Start importing Packages/com.unity.probuilder/Editor/Overlays/UXML using Guid(2bf443dd612131948a70af1b157c73ed) Importer(2089858483,b0f066a214c2f5e87bad3c948f4d605d) (ScriptedImporter) -> (artifact id: '5aac12bffc3f86ddfc4548093ed841af') in 0.0171634 seconds
Number of updated asset objects reloaded before import = 0Number of asset objects unloaded after import = 1

========================================================================
Received Import Request.
  Time since last request: 0.000042 seconds.
  path: Packages/com.unity.probuilder/Editor Default Resources/Icons/Tools/ShapeTool/on/Sprite@2x.png
  artifactKey: Guid(96312eb063a7d9647a0b394151460712) Importer(2089858483,b0f066a214c2f5e87bad3c948f4d605d)
Start importing Packages/com.unity.probuilder/Editor Default Resources/Icons/Tools/ShapeTool/on/Sprite@2x.png using Guid(96312eb063a7d9647a0b394151460712) Importer(2089858483,b0f066a214c2f5e87bad3c948f4d605d) (ScriptedImporter) -> (artifact id: '2521ca3975ad43aaa0e9d73bc8c0a702') in 0.0294382 seconds
Number of updated asset objects reloaded before import = 0Number of asset objects unloaded after import = 1

========================================================================
Received Import Request.
  Time since last request: 0.000044 seconds.
  path: Packages/com.unity.probuilder/Editor/MenuActions/Export
  artifactKey: Guid(27d2963a2a5b4b0884f376976f4f34eb) Importer(2089858483,b0f066a214c2f5e87bad3c948f4d605d)
Start importing Packages/com.unity.probuilder/Editor/MenuActions/Export using Guid(27d2963a2a5b4b0884f376976f4f34eb) Importer(2089858483,b0f066a214c2f5e87bad3c948f4d605d) (ScriptedImporter) -> (artifact id: 'c7c47ef68d8a1bd39eab7cc38e0fbdde') in 0.0155026 seconds
Number of updated asset objects reloaded before import = 0Number of asset objects unloaded after import = 1

========================================================================
Received Import Request.
  Time since last request: 0.000062 seconds.
  path: Packages/com.unity.probuilder/Editor/EditorCore/EditorMeshUtility.cs
  artifactKey: Guid(c3adccdd46845df47a5d11429dac1f82) Importer(2089858483,b0f066a214c2f5e87bad3c948f4d605d)
Start importing Packages/com.unity.probuilder/Editor/EditorCore/EditorMeshUtility.cs using Guid(c3adccdd46845df47a5d11429dac1f82) Importer(2089858483,b0f066a214c2f5e87bad3c948f4d605d) (ScriptedImporter) -> (artifact id: 'c4b7ec20f056fd612499018e3c248e61') in 0.0148215 seconds
Number of updated asset objects reloaded before import = 0Number of asset objects unloaded after import = 0

========================================================================
Received Import Request.
  Time since last request: 0.000042 seconds.
  path: Packages/com.unity.probuilder/Editor Default Resources/Icons/Tools/ShapeTool/on/Arch@2x.png
  artifactKey: Guid(83a22ff5d6dac6a42bee117814bdd982) Importer(2089858483,b0f066a214c2f5e87bad3c948f4d605d)
Start importing Packages/com.unity.probuilder/Editor Default Resources/Icons/Tools/ShapeTool/on/Arch@2x.png using Guid(83a22ff5d6dac6a42bee117814bdd982) Importer(2089858483,b0f066a214c2f5e87bad3c948f4d605d) (ScriptedImporter) -> (artifact id: '8db5430427a3e965a461dfd13c6f28b0') in 0.0281818 seconds
Number of updated asset objects reloaded before import = 0Number of asset objects unloaded after import = 1

========================================================================
Received Import Request.
  Time since last request: 0.000027 seconds.
  path: Packages/com.unity.settings-manager/Editor/UserSettingsProvider.cs
  artifactKey: Guid(0dc75b34a006d47f48c004031e6ef14d) Importer(2089858483,b0f066a214c2f5e87bad3c948f4d605d)
Start importing Packages/com.unity.settings-manager/Editor/UserSettingsProvider.cs using Guid(0dc75b34a006d47f48c004031e6ef14d) Importer(2089858483,b0f066a214c2f5e87bad3c948f4d605d) (ScriptedImporter) -> (artifact id: '0d545182e8b6c85383be5c787401c0c0') in 0.0141485 seconds
Number of updated asset objects reloaded before import = 0Number of asset objects unloaded after import = 0

========================================================================
Received Import Request.
  Time since last request: 0.000053 seconds.
  path: Packages/com.unity.probuilder/Editor Default Resources/Icons/Toolbar/d_Selection_SelectHidden-OFF.png
  artifactKey: Guid(e95863eaba9e840398e091f5f012842b) Importer(2089858483,b0f066a214c2f5e87bad3c948f4d605d)
Start importing Packages/com.unity.probuilder/Editor Default Resources/Icons/Toolbar/d_Selection_SelectHidden-OFF.png using Guid(e95863eaba9e840398e091f5f012842b) Importer(2089858483,b0f066a214c2f5e87bad3c948f4d605d) (ScriptedImporter) -> (artifact id: 'a9e9859bed93ab4b4d639f5f8bf1b7fc') in 0.0333068 seconds
Number of updated asset objects reloaded before import = 0Number of asset objects unloaded after import = 1

========================================================================
Received Import Request.
  Time since last request: 0.000046 seconds.
  path: Packages/com.unity.probuilder/External/Poly2Tri/Utility
  artifactKey: Guid(818d74d2fcd94fd45abde8d39eed7700) Importer(2089858483,b0f066a214c2f5e87bad3c948f4d605d)
Start importing Packages/com.unity.probuilder/External/Poly2Tri/Utility using Guid(818d74d2fcd94fd45abde8d39eed7700) Importer(2089858483,b0f066a214c2f5e87bad3c948f4d605d) (ScriptedImporter) -> (artifact id: 'a34f647525e870675fef1407fdc9cfc9') in 0.013532 seconds
Number of updated asset objects reloaded before import = 0Number of asset objects unloaded after import = 1

========================================================================
Received Import Request.
  Time since last request: 0.000084 seconds.
  path: Packages/com.unity.probuilder/Runtime/MeshOperations/InternalMeshUtility.cs
  artifactKey: Guid(a9ea06f47bdbe427294162ab3d8e4ef3) Importer(2089858483,b0f066a214c2f5e87bad3c948f4d605d)
Start importing Packages/com.unity.probuilder/Runtime/MeshOperations/InternalMeshUtility.cs using Guid(a9ea06f47bdbe427294162ab3d8e4ef3) Importer(2089858483,b0f066a214c2f5e87bad3c948f4d605d) (ScriptedImporter) -> (artifact id: '4c465d8d171aa4077cc7a9c769d746e1') in 0.0164062 seconds
Number of updated asset objects reloaded before import = 0Number of asset objects unloaded after import = 0

========================================================================
Received Import Request.
  Time since last request: 0.000050 seconds.
  path: Packages/com.unity.probuilder/External/Poly2Tri/Triangulation/TriangulationContext.cs
  artifactKey: Guid(848eabc153ab891409f3d562463a0efe) Importer(2089858483,b0f066a214c2f5e87bad3c948f4d605d)
Start importing Packages/com.unity.probuilder/External/Poly2Tri/Triangulation/TriangulationContext.cs using Guid(848eabc153ab891409f3d562463a0efe) Importer(2089858483,b0f066a214c2f5e87bad3c948f4d605d) (ScriptedImporter) -> (artifact id: 'fa26e095f6a54d540f887dd0bf017f7b') in 0.0181188 seconds
Number of updated asset objects reloaded before import = 0Number of asset objects unloaded after import = 0

========================================================================
Received Import Request.
  Time since last request: 0.000036 seconds.
  path: Packages/com.unity.probuilder/Runtime/Core/BezierPoint.cs
  artifactKey: Guid(92c923034fe494e2d83cc342e7f8020b) Importer(2089858483,b0f066a214c2f5e87bad3c948f4d605d)
Start importing Packages/com.unity.probuilder/Runtime/Core/BezierPoint.cs using Guid(92c923034fe494e2d83cc342e7f8020b) Importer(2089858483,b0f066a214c2f5e87bad3c948f4d605d) (ScriptedImporter) -> (artifact id: '4acef90739b5fc146555e07bf81759b2') in 0.0129899 seconds
Number of updated asset objects reloaded before import = 0Number of asset objects unloaded after import = 0

========================================================================
Received Import Request.
  Time since last request: 0.000031 seconds.
  path: Packages/com.unity.probuilder/Runtime/Shapes/Sprite.cs
  artifactKey: Guid(487d22f1515eb1740a43a577b39ab977) Importer(2089858483,b0f066a214c2f5e87bad3c948f4d605d)
Start importing Packages/com.unity.probuilder/Runtime/Shapes/Sprite.cs using Guid(487d22f1515eb1740a43a577b39ab977) Importer(2089858483,b0f066a214c2f5e87bad3c948f4d605d) (ScriptedImporter) -> (artifact id: 'a22d79343ea16d6072d03ece658cc50b') in 0.0146812 seconds
Number of updated asset objects reloaded before import = 0Number of asset objects unloaded after import = 0

========================================================================
Received Import Request.
  Time since last request: 0.000031 seconds.
  path: Packages/com.unity.probuilder/External/StlExporter/Code/pb_Stl.cs
  artifactKey: Guid(396694d6dbd4734419cea5be4a942c9a) Importer(2089858483,b0f066a214c2f5e87bad3c948f4d605d)
Start importing Packages/com.unity.probuilder/External/StlExporter/Code/pb_Stl.cs using Guid(396694d6dbd4734419cea5be4a942c9a) Importer(2089858483,b0f066a214c2f5e87bad3c948f4d605d) (ScriptedImporter) -> (artifact id: '33d6628dc6f68d611c38cd24fa98f02a') in 0.0201745 seconds
Number of updated asset objects reloaded before import = 0Number of asset objects unloaded after import = 0

========================================================================
Received Import Request.
  Time since last request: 0.000019 seconds.
  path: Packages/com.unity.probuilder/Editor Default Resources/Icons/Toolbar/Panel_VertColors@2x.png
  artifactKey: Guid(20368df1a06ef724dac2aec167a262b7) Importer(2089858483,b0f066a214c2f5e87bad3c948f4d605d)
Start importing Packages/com.unity.probuilder/Editor Default Resources/Icons/Toolbar/Panel_VertColors@2x.png using Guid(20368df1a06ef724dac2aec167a262b7) Importer(2089858483,b0f066a214c2f5e87bad3c948f4d605d) (ScriptedImporter) -> (artifact id: '7cfd84a8b06d6b09b7e5fafcce8e28a9') in 0.0320815 seconds
Number of updated asset objects reloaded before import = 0Number of asset objects unloaded after import = 1

========================================================================
Received Import Request.
  Time since last request: 0.000025 seconds.
  path: Packages/com.unity.probuilder/Editor Default Resources/Icons/EditableMesh
  artifactKey: Guid(ec92fdae0587b724b96d19adfc17868c) Importer(2089858483,b0f066a214c2f5e87bad3c948f4d605d)
Start importing Packages/com.unity.probuilder/Editor Default Resources/Icons/EditableMesh using Guid(ec92fdae0587b724b96d19adfc17868c) Importer(2089858483,b0f066a214c2f5e87bad3c948f4d605d) (ScriptedImporter) -> (artifact id: 'c2a2daa0af7e6c8d00d8fb5809866655') in 0.0169275 seconds
Number of updated asset objects reloaded before import = 0Number of asset objects unloaded after import = 1

========================================================================
Received Import Request.
  Time since last request: 0.000026 seconds.
  path: Packages/com.unity.probuilder/External/Poly2Tri/Triangulation/Sets/PointSet.cs
  artifactKey: Guid(906ae4b0ce907194cb4d1d255e03675b) Importer(2089858483,b0f066a214c2f5e87bad3c948f4d605d)
Start importing Packages/com.unity.probuilder/External/Poly2Tri/Triangulation/Sets/PointSet.cs using Guid(906ae4b0ce907194cb4d1d255e03675b) Importer(2089858483,b0f066a214c2f5e87bad3c948f4d605d) (ScriptedImporter) -> (artifact id: 'e3ba045245be2857ee462c120c5daa23') in 0.0125983 seconds
Number of updated asset objects reloaded before import = 0Number of asset objects unloaded after import = 0

========================================================================
Received Import Request.
  Time since last request: 0.000103 seconds.
  path: Packages/com.unity.probuilder/Editor Default Resources/Icons/Modes/d_ToolHandleLocal.png
  artifactKey: Guid(4de652cf304507d4ca13b2aab3462534) Importer(2089858483,b0f066a214c2f5e87bad3c948f4d605d)
Start importing Packages/com.unity.probuilder/Editor Default Resources/Icons/Modes/d_ToolHandleLocal.png using Guid(4de652cf304507d4ca13b2aab3462534) Importer(2089858483,b0f066a214c2f5e87bad3c948f4d605d) (ScriptedImporter) -> (artifact id: 'a6de4e4d140aaf1e062cd2f5479a7466') in 0.031437 seconds
Number of updated asset objects reloaded before import = 0Number of asset objects unloaded after import = 1

========================================================================
Received Import Request.
  Time since last request: 0.000021 seconds.
  path: Packages/com.unity.probuilder/Editor/Overlays/StyleSheets/ActionOverlay.uss
  artifactKey: Guid(4d2274e209af2ae458928061ab0671a0) Importer(2089858483,b0f066a214c2f5e87bad3c948f4d605d)
Start importing Packages/com.unity.probuilder/Editor/Overlays/StyleSheets/ActionOverlay.uss using Guid(4d2274e209af2ae458928061ab0671a0) Importer(2089858483,b0f066a214c2f5e87bad3c948f4d605d) (ScriptedImporter) -> (artifact id: '2bf30562037bd17c1cfa791a58de2bf5') in 0.0197319 seconds
Number of updated asset objects reloaded before import = 0Number of asset objects unloaded after import = 1

========================================================================
Received Import Request.
  Time since last request: 0.000025 seconds.
  path: Packages/com.unity.probuilder/Editor Default Resources/Icons
  artifactKey: Guid(e3c81dc6e8a034282843a1b87d149aa0) Importer(2089858483,b0f066a214c2f5e87bad3c948f4d605d)
Start importing Packages/com.unity.probuilder/Editor Default Resources/Icons using Guid(e3c81dc6e8a034282843a1b87d149aa0) Importer(2089858483,b0f066a214c2f5e87bad3c948f4d605d) (ScriptedImporter) -> (artifact id: '7ee11d12cd5057b5a1f1321b536841fe') in 0.0135817 seconds
Number of updated asset objects reloaded before import = 0Number of asset objects unloaded after import = 1

========================================================================
Received Import Request.
  Time since last request: 0.000054 seconds.
  path: Packages/com.unity.probuilder/Editor Default Resources/Icons/Toolbar/Face_Detach_Light@2x.png
  artifactKey: Guid(688edea0715293847a368abe3d05de2c) Importer(2089858483,b0f066a214c2f5e87bad3c948f4d605d)
Start importing Packages/com.unity.probuilder/Editor Default Resources/Icons/Toolbar/Face_Detach_Light@2x.png using Guid(688edea0715293847a368abe3d05de2c) Importer(2089858483,b0f066a214c2f5e87bad3c948f4d605d) (ScriptedImporter) -> (artifact id: 'a2a30e77a5c31f29376fa8f23145535b') in 0.032996 seconds
Number of updated asset objects reloaded before import = 0Number of asset objects unloaded after import = 1

========================================================================
Received Import Request.
  Time since last request: 0.000061 seconds.
  path: Packages/com.unity.probuilder/Editor Default Resources/Icons/Tools/ShapeTool/d_Sphere@2x.png
  artifactKey: Guid(9d6b1e56a1b31ab4f9dc450952e94471) Importer(2089858483,b0f066a214c2f5e87bad3c948f4d605d)
Start importing Packages/com.unity.probuilder/Editor Default Resources/Icons/Tools/ShapeTool/d_Sphere@2x.png using Guid(9d6b1e56a1b31ab4f9dc450952e94471) Importer(2089858483,b0f066a214c2f5e87bad3c948f4d605d) (ScriptedImporter) -> (artifact id: '7ec1d5493326516dae48bf16a5039309') in 0.0262977 seconds
Number of updated asset objects reloaded before import = 0Number of asset objects unloaded after import = 1

========================================================================
Received Import Request.
  Time since last request: 0.000022 seconds.
  path: Packages/com.unity.probuilder/Editor/EditorCore/PreferencesUpdater.cs
  artifactKey: Guid(90907e6bfb6afd145986768f6095c76d) Importer(2089858483,b0f066a214c2f5e87bad3c948f4d605d)
Start importing Packages/com.unity.probuilder/Editor/EditorCore/PreferencesUpdater.cs using Guid(90907e6bfb6afd145986768f6095c76d) Importer(2089858483,b0f066a214c2f5e87bad3c948f4d605d) (ScriptedImporter) -> (artifact id: '979349112ad93e90577d2439da9d2de3') in 0.0141543 seconds
Number of updated asset objects reloaded before import = 0Number of asset objects unloaded after import = 0

========================================================================
Received Import Request.
  Time since last request: 0.000040 seconds.
  path: Packages/com.unity.probuilder/Runtime/MeshOperations/AssemblyInfo.cs
  artifactKey: Guid(ab8e2d6a92a04e42baab6202f8650fb3) Importer(2089858483,b0f066a214c2f5e87bad3c948f4d605d)
Start importing Packages/com.unity.probuilder/Runtime/MeshOperations/AssemblyInfo.cs using Guid(ab8e2d6a92a04e42baab6202f8650fb3) Importer(2089858483,b0f066a214c2f5e87bad3c948f4d605d) (ScriptedImporter) -> (artifact id: '98ced78dfe46be39a10de8c0336f9e2c') in 0.0183586 seconds
Number of updated asset objects reloaded before import = 0Number of asset objects unloaded after import = 0

========================================================================
Received Import Request.
  Time since last request: 0.000056 seconds.
  path: Packages/com.unity.settings-manager/Editor/PackageSettingsRepository.cs
  artifactKey: Guid(8e2e054ed623847d29efb1262605e8ef) Importer(2089858483,b0f066a214c2f5e87bad3c948f4d605d)
Start importing Packages/com.unity.settings-manager/Editor/PackageSettingsRepository.cs using Guid(8e2e054ed623847d29efb1262605e8ef) Importer(2089858483,b0f066a214c2f5e87bad3c948f4d605d) (ScriptedImporter) -> (artifact id: '4d9e2883e36f7f0fe8109c069f3da408') in 0.0132477 seconds
Number of updated asset objects reloaded before import = 0Number of asset objects unloaded after import = 0

========================================================================
Received Import Request.
  Time since last request: 0.000076 seconds.
  path: Packages/com.unity.probuilder/Editor Default Resources/Icons/Toolbar/Selection_Loop_Edge.png
  artifactKey: Guid(a2289a9a69a01c84cb1dbbd13728ffe5) Importer(2089858483,b0f066a214c2f5e87bad3c948f4d605d)
Start importing Packages/com.unity.probuilder/Editor Default Resources/Icons/Toolbar/Selection_Loop_Edge.png using Guid(a2289a9a69a01c84cb1dbbd13728ffe5) Importer(2089858483,b0f066a214c2f5e87bad3c948f4d605d) (ScriptedImporter) -> (artifact id: 'a64cf86fb9c035ee8dba37f43b49a971') in 0.0258252 seconds
Number of updated asset objects reloaded before import = 0Number of asset objects unloaded after import = 1

========================================================================
Received Import Request.
  Time since last request: 0.000026 seconds.
  path: Packages/com.unity.probuilder/Editor Default Resources/Icons/Toolbar/Selection_SelectHole_Light.png
  artifactKey: Guid(168013e9cf0bbb249adfd146350dddff) Importer(2089858483,b0f066a214c2f5e87bad3c948f4d605d)
Start importing Packages/com.unity.probuilder/Editor Default Resources/Icons/Toolbar/Selection_SelectHole_Light.png using Guid(168013e9cf0bbb249adfd146350dddff) Importer(2089858483,b0f066a214c2f5e87bad3c948f4d605d) (ScriptedImporter) -> (artifact id: '57a58a44d5e37b870a1e8ea14fc77028') in 0.0290627 seconds
Number of updated asset objects reloaded before import = 0Number of asset objects unloaded after import = 1

========================================================================
Received Import Request.
  Time since last request: 0.000045 seconds.
  path: Packages/com.unity.probuilder/Runtime/Core/WingedEdge.cs
  artifactKey: Guid(19a5e9b3c4e58415bbdc5ea80c5ba88f) Importer(2089858483,b0f066a214c2f5e87bad3c948f4d605d)
Start importing Packages/com.unity.probuilder/Runtime/Core/WingedEdge.cs using Guid(19a5e9b3c4e58415bbdc5ea80c5ba88f) Importer(2089858483,b0f066a214c2f5e87bad3c948f4d605d) (ScriptedImporter) -> (artifact id: 'a2db7d30ce83ab578e523c97da09bf94') in 0.0144134 seconds
Number of updated asset objects reloaded before import = 0Number of asset objects unloaded after import = 0

========================================================================
Received Import Request.
  Time since last request: 0.000051 seconds.
  path: Packages/com.unity.probuilder/Runtime/Core/SelectionModifierBehaviour.cs
  artifactKey: Guid(a581c9a381f68455db0779169a94180c) Importer(2089858483,b0f066a214c2f5e87bad3c948f4d605d)
Start importing Packages/com.unity.probuilder/Runtime/Core/SelectionModifierBehaviour.cs using Guid(a581c9a381f68455db0779169a94180c) Importer(2089858483,b0f066a214c2f5e87bad3c948f4d605d) (ScriptedImporter) -> (artifact id: 'c931584b8f5a5a2b2dabe31a4ffccaaf') in 0.0154696 seconds
Number of updated asset objects reloaded before import = 0Number of asset objects unloaded after import = 0

========================================================================
Received Import Request.
  Time since last request: 0.000043 seconds.
  path: Packages/com.unity.probuilder/Editor Default Resources/Icons/Toolbar/Selection_SelectByMaterial.png
  artifactKey: Guid(c0404ba48e711412ab3269a164760091) Importer(2089858483,b0f066a214c2f5e87bad3c948f4d605d)
Start importing Packages/com.unity.probuilder/Editor Default Resources/Icons/Toolbar/Selection_SelectByMaterial.png using Guid(c0404ba48e711412ab3269a164760091) Importer(2089858483,b0f066a214c2f5e87bad3c948f4d605d) (ScriptedImporter) -> (artifact id: '382323d0624bfb7bd36010e1bf313fa4') in 0.0389991 seconds
Number of updated asset objects reloaded before import = 0Number of asset objects unloaded after import = 1

========================================================================
Received Import Request.
  Time since last request: 0.000041 seconds.
  path: Packages/com.unity.probuilder/Runtime/Shapes/Cube.cs
  artifactKey: Guid(1356ec15a14344c2f92417f250ccceae) Importer(2089858483,b0f066a214c2f5e87bad3c948f4d605d)
Start importing Packages/com.unity.probuilder/Runtime/Shapes/Cube.cs using Guid(1356ec15a14344c2f92417f250ccceae) Importer(2089858483,b0f066a214c2f5e87bad3c948f4d605d) (ScriptedImporter) -> (artifact id: 'db4ea7af8afc707df3908dbfee7efb08') in 0.0145775 seconds
Number of updated asset objects reloaded before import = 0Number of asset objects unloaded after import = 0

========================================================================
Received Import Request.
  Time since last request: 0.000019 seconds.
  path: Packages/com.unity.probuilder/Editor Default Resources/Icons/Modes/ToolHandleGlobal@2x.png
  artifactKey: Guid(b6c4df7066c613a45927ef7a98fa8665) Importer(2089858483,b0f066a214c2f5e87bad3c948f4d605d)
Start importing Packages/com.unity.probuilder/Editor Default Resources/Icons/Modes/ToolHandleGlobal@2x.png using Guid(b6c4df7066c613a45927ef7a98fa8665) Importer(2089858483,b0f066a214c2f5e87bad3c948f4d605d) (ScriptedImporter) -> (artifact id: '612a5d8a7f74f0c85060b6833fe1ba70') in 0.036733 seconds
Number of updated asset objects reloaded before import = 0Number of asset objects unloaded after import = 1

========================================================================
Received Import Request.
  Time since last request: 0.000030 seconds.
  path: Packages/com.unity.probuilder/Editor Default Resources/Icons/Toolbar/Panel_Shapes.png
  artifactKey: Guid(b1200b4e3bc72449e9735c9742fc6103) Importer(2089858483,b0f066a214c2f5e87bad3c948f4d605d)
Start importing Packages/com.unity.probuilder/Editor Default Resources/Icons/Toolbar/Panel_Shapes.png using Guid(b1200b4e3bc72449e9735c9742fc6103) Importer(2089858483,b0f066a214c2f5e87bad3c948f4d605d) (ScriptedImporter) -> (artifact id: '107b9397fb2eb2d6d8881492c3e10986') in 0.0267686 seconds
Number of updated asset objects reloaded before import = 0Number of asset objects unloaded after import = 1

========================================================================
Received Import Request.
  Time since last request: 0.000064 seconds.
  path: Packages/com.unity.probuilder/AssetIdRemapUtility/Editor/AssetId.cs
  artifactKey: Guid(4ce1c67454d65d14eb3eae2f44b0ffa7) Importer(2089858483,b0f066a214c2f5e87bad3c948f4d605d)
Start importing Packages/com.unity.probuilder/AssetIdRemapUtility/Editor/AssetId.cs using Guid(4ce1c67454d65d14eb3eae2f44b0ffa7) Importer(2089858483,b0f066a214c2f5e87bad3c948f4d605d) (ScriptedImporter) -> (artifact id: 'f81d5cec4b0166fd33430cf2a99140dc') in 0.0190341 seconds
Number of updated asset objects reloaded before import = 0Number of asset objects unloaded after import = 0

========================================================================
Received Import Request.
  Time since last request: 0.000025 seconds.
  path: Packages/com.unity.probuilder/Runtime/Core/ArrayUtility.cs
  artifactKey: Guid(11887933ce4b13e4f9f5ec4163298397) Importer(2089858483,b0f066a214c2f5e87bad3c948f4d605d)
Start importing Packages/com.unity.probuilder/Runtime/Core/ArrayUtility.cs using Guid(11887933ce4b13e4f9f5ec4163298397) Importer(2089858483,b0f066a214c2f5e87bad3c948f4d605d) (ScriptedImporter) -> (artifact id: '789ded8441b4ca41f6a9acbd59863224') in 0.0195069 seconds
Number of updated asset objects reloaded before import = 0Number of asset objects unloaded after import = 0

========================================================================
Received Import Request.
  Time since last request: 0.000023 seconds.
  path: Packages/com.unity.settings-manager/Content/Options.png
  artifactKey: Guid(9eff477e4332346818c96745043dae9e) Importer(2089858483,b0f066a214c2f5e87bad3c948f4d605d)
Start importing Packages/com.unity.settings-manager/Content/Options.png using Guid(9eff477e4332346818c96745043dae9e) Importer(2089858483,b0f066a214c2f5e87bad3c948f4d605d) (ScriptedImporter) -> (artifact id: '91ec1efcac4d94909b42f5e7556fdf7b') in 0.0327067 seconds
Number of updated asset objects reloaded before import = 0Number of asset objects unloaded after import = 1

========================================================================
Received Import Request.
  Time since last request: 0.000032 seconds.
  path: Packages/com.unity.probuilder/Editor/StateMachines
  artifactKey: Guid(63d16490e3594e8fa3f0816b64e95c17) Importer(2089858483,b0f066a214c2f5e87bad3c948f4d605d)
Start importing Packages/com.unity.probuilder/Editor/StateMachines using Guid(63d16490e3594e8fa3f0816b64e95c17) Importer(2089858483,b0f066a214c2f5e87bad3c948f4d605d) (ScriptedImporter) -> (artifact id: 'da7e6129df3645f412f46e4685ad1868') in 0.0188527 seconds
Number of updated asset objects reloaded before import = 0Number of asset objects unloaded after import = 1

========================================================================
Received Import Request.
  Time since last request: 0.000031 seconds.
  path: Packages/com.unity.probuilder/Editor Default Resources/Icons/Toolbar/Selection_SelectByVertexColor@2x.png
  artifactKey: Guid(4d59ede33d6aaae4385461e6950144c1) Importer(2089858483,b0f066a214c2f5e87bad3c948f4d605d)
Start importing Packages/com.unity.probuilder/Editor Default Resources/Icons/Toolbar/Selection_SelectByVertexColor@2x.png using Guid(4d59ede33d6aaae4385461e6950144c1) Importer(2089858483,b0f066a214c2f5e87bad3c948f4d605d) (ScriptedImporter) -> (artifact id: '0ec56d6ed335c249b16c3a4ed60653f2') in 0.0341307 seconds
Number of updated asset objects reloaded before import = 0Number of asset objects unloaded after import = 1

========================================================================
Received Import Request.
  Time since last request: 0.000022 seconds.
  path: Packages/com.unity.probuilder/Editor Default Resources/Icons/Toolbar/Panel_Materials_Light@2x.png
  artifactKey: Guid(7de277f3c1a51b040b86767322da6089) Importer(2089858483,b0f066a214c2f5e87bad3c948f4d605d)
Start importing Packages/com.unity.probuilder/Editor Default Resources/Icons/Toolbar/Panel_Materials_Light@2x.png using Guid(7de277f3c1a51b040b86767322da6089) Importer(2089858483,b0f066a214c2f5e87bad3c948f4d605d) (ScriptedImporter) -> (artifact id: 'e7d9f4603555c5117a830e6f7326902d') in 0.0288308 seconds
Number of updated asset objects reloaded before import = 0Number of asset objects unloaded after import = 1

========================================================================
Received Import Request.
  Time since last request: 0.000021 seconds.
  path: Packages/com.unity.probuilder/Editor Default Resources/Icons/Tools/ShapeTool/d_Stairs.png
  artifactKey: Guid(db8ede24485cce14ca6db9839d7eb3f8) Importer(2089858483,b0f066a214c2f5e87bad3c948f4d605d)
Start importing Packages/com.unity.probuilder/Editor Default Resources/Icons/Tools/ShapeTool/d_Stairs.png using Guid(db8ede24485cce14ca6db9839d7eb3f8) Importer(2089858483,b0f066a214c2f5e87bad3c948f4d605d) (ScriptedImporter) -> (artifact id: 'ceafc13950068f9c1fa272e81894e112') in 0.0330014 seconds
Number of updated asset objects reloaded before import = 0Number of asset objects unloaded after import = 1

========================================================================
Received Import Request.
  Time since last request: 0.000032 seconds.
  path: Packages/com.unity.probuilder/Editor Default Resources/Icons/Tools/ShapeTool/Sphere@2x.png
  artifactKey: Guid(01dae9d6b5998db4aa4a1676833ece41) Importer(2089858483,b0f066a214c2f5e87bad3c948f4d605d)
Start importing Packages/com.unity.probuilder/Editor Default Resources/Icons/Tools/ShapeTool/Sphere@2x.png using Guid(01dae9d6b5998db4aa4a1676833ece41) Importer(2089858483,b0f066a214c2f5e87bad3c948f4d605d) (ScriptedImporter) -> (artifact id: '24b8146fe598ca8cedf8914b4f373cb5') in 0.0323346 seconds
Number of updated asset objects reloaded before import = 0Number of asset objects unloaded after import = 1

========================================================================
Received Import Request.
  Time since last request: 0.000046 seconds.
  path: Packages/com.unity.probuilder/Content/Shader/FacePicker.shader
  artifactKey: Guid(c84d57d423a2042eb92da86f9fa670a3) Importer(2089858483,b0f066a214c2f5e87bad3c948f4d605d)
Start importing Packages/com.unity.probuilder/Content/Shader/FacePicker.shader using Guid(c84d57d423a2042eb92da86f9fa670a3) Importer(2089858483,b0f066a214c2f5e87bad3c948f4d605d) (ScriptedImporter) -> (artifact id: 'c117f09f3ebb0ce5cb65d61df4da239f') in 0.0213713 seconds
Number of updated asset objects reloaded before import = 0Number of asset objects unloaded after import = 1

========================================================================
Received Import Request.
  Time since last request: 0.000030 seconds.
  path: Packages/com.unity.probuilder/Editor Default Resources/Icons/Toolbar/null.png
  artifactKey: Guid(df60c8a427a934c0eaab79a9ee840662) Importer(2089858483,b0f066a214c2f5e87bad3c948f4d605d)
Start importing Packages/com.unity.probuilder/Editor Default Resources/Icons/Toolbar/null.png using Guid(df60c8a427a934c0eaab79a9ee840662) Importer(2089858483,b0f066a214c2f5e87bad3c948f4d605d) (ScriptedImporter) -> (artifact id: '80b17ee0d6fd9d7d4d3fa9f344270eb4') in 0.0307218 seconds
Number of updated asset objects reloaded before import = 0Number of asset objects unloaded after import = 1

========================================================================
Received Import Request.
  Time since last request: 0.000041 seconds.
  path: Packages/com.unity.probuilder/Editor/MenuActions/Object/FreezeTransform.cs
  artifactKey: Guid(cc6c734d87394ef99cf62171eb6fe416) Importer(2089858483,b0f066a214c2f5e87bad3c948f4d605d)
Start importing Packages/com.unity.probuilder/Editor/MenuActions/Object/FreezeTransform.cs using Guid(cc6c734d87394ef99cf62171eb6fe416) Importer(2089858483,b0f066a214c2f5e87bad3c948f4d605d) (ScriptedImporter) -> (artifact id: '6316541d05912b4f0ac104b747a949aa') in 0.0223214 seconds
Number of updated asset objects reloaded before import = 0Number of asset objects unloaded after import = 0

========================================================================
Received Import Request.
  Time since last request: 0.000032 seconds.
  path: Packages/com.unity.probuilder/Editor Default Resources/Icons/Toolbar/Panel_Smoothing_Light@2x.png
  artifactKey: Guid(6125fdcc22ea0234d9cffaf6dcb30c49) Importer(2089858483,b0f066a214c2f5e87bad3c948f4d605d)
Start importing Packages/com.unity.probuilder/Editor Default Resources/Icons/Toolbar/Panel_Smoothing_Light@2x.png using Guid(6125fdcc22ea0234d9cffaf6dcb30c49) Importer(2089858483,b0f066a214c2f5e87bad3c948f4d605d) (ScriptedImporter) -> (artifact id: '7008356358679ae20bf091f0434083fb') in 0.0325531 seconds
Number of updated asset objects reloaded before import = 0Number of asset objects unloaded after import = 1

========================================================================
Received Import Request.
  Time since last request: 0.000069 seconds.
  path: Packages/com.unity.probuilder/Editor Default Resources/Icons/Toolbar/Object_ProBuilderize_Light@2x.png
  artifactKey: Guid(e4a33f31e80b6f8498441c3c67848c90) Importer(2089858483,b0f066a214c2f5e87bad3c948f4d605d)
Start importing Packages/com.unity.probuilder/Editor Default Resources/Icons/Toolbar/Object_ProBuilderize_Light@2x.png using Guid(e4a33f31e80b6f8498441c3c67848c90) Importer(2089858483,b0f066a214c2f5e87bad3c948f4d605d) (ScriptedImporter) -> (artifact id: '89b8b4be9ffa28728ac45080b672baa1') in 0.0310686 seconds
Number of updated asset objects reloaded before import = 0Number of asset objects unloaded after import = 1

========================================================================
Received Import Request.
  Time since last request: 0.000046 seconds.
  path: Packages/com.unity.probuilder/Runtime/Core/EntityBehaviour.cs
  artifactKey: Guid(cd4d30ee1f2db48c6be97ed8d2fc9da4) Importer(2089858483,b0f066a214c2f5e87bad3c948f4d605d)
Start importing Packages/com.unity.probuilder/Runtime/Core/EntityBehaviour.cs using Guid(cd4d30ee1f2db48c6be97ed8d2fc9da4) Importer(2089858483,b0f066a214c2f5e87bad3c948f4d605d) (ScriptedImporter) -> (artifact id: '578db4ec6b64109dd62ea98271eab778') in 0.0139098 seconds
Number of updated asset objects reloaded before import = 0Number of asset objects unloaded after import = 0

========================================================================
Received Import Request.
  Time since last request: 0.000044 seconds.
  path: Packages/com.unity.probuilder/Content/Shader/ProBuilderCG.cginc
  artifactKey: Guid(6aba455f32e574b6e86ede4acd901efa) Importer(2089858483,b0f066a214c2f5e87bad3c948f4d605d)
Start importing Packages/com.unity.probuilder/Content/Shader/ProBuilderCG.cginc using Guid(6aba455f32e574b6e86ede4acd901efa) Importer(2089858483,b0f066a214c2f5e87bad3c948f4d605d) (ScriptedImporter) -> (artifact id: '132d20632b8d153e97adb9f310396030') in 0.0236076 seconds
Number of updated asset objects reloaded before import = 0Number of asset objects unloaded after import = 1

========================================================================
Received Import Request.
  Time since last request: 0.000030 seconds.
  path: Packages/com.unity.probuilder/Runtime/Core/Log.cs
  artifactKey: Guid(a91947f03a49147a49e5f05ea5737edc) Importer(2089858483,b0f066a214c2f5e87bad3c948f4d605d)
Start importing Packages/com.unity.probuilder/Runtime/Core/Log.cs using Guid(a91947f03a49147a49e5f05ea5737edc) Importer(2089858483,b0f066a214c2f5e87bad3c948f4d605d) (ScriptedImporter) -> (artifact id: '3646f07c0e0d2761ae1229ff681c725d') in 0.0130177 seconds
Number of updated asset objects reloaded before import = 0Number of asset objects unloaded after import = 0

========================================================================
Received Import Request.
  Time since last request: 0.000043 seconds.
  path: Packages/com.unity.probuilder/Editor Default Resources/Icons/Toolbar/Edge_Subdivide@2x.png
  artifactKey: Guid(447c9f2c2d5279343aff993c73b6c6fa) Importer(2089858483,b0f066a214c2f5e87bad3c948f4d605d)
Start importing Packages/com.unity.probuilder/Editor Default Resources/Icons/Toolbar/Edge_Subdivide@2x.png using Guid(447c9f2c2d5279343aff993c73b6c6fa) Importer(2089858483,b0f066a214c2f5e87bad3c948f4d605d) (ScriptedImporter) -> (artifact id: '3f969ba84331af071a115f5479f60225') in 0.033513 seconds
Number of updated asset objects reloaded before import = 0Number of asset objects unloaded after import = 1

========================================================================
Received Import Request.
  Time since last request: 0.000047 seconds.
  path: Packages/com.unity.probuilder/Third Party Notices.md
  artifactKey: Guid(33f5a25dc64aa574bb28dbfea014849e) Importer(2089858483,b0f066a214c2f5e87bad3c948f4d605d)
Start importing Packages/com.unity.probuilder/Third Party Notices.md using Guid(33f5a25dc64aa574bb28dbfea014849e) Importer(2089858483,b0f066a214c2f5e87bad3c948f4d605d) (ScriptedImporter) -> (artifact id: 'b06e129e9549d63496d32ab8d0815c01') in 0.0238788 seconds
Number of updated asset objects reloaded before import = 0Number of asset objects unloaded after import = 1

========================================================================
Received Import Request.
  Time since last request: 0.000026 seconds.
  path: Packages/com.unity.probuilder/Editor Default Resources/Icons/Toolbar/Object_FlipNormals_Light.png
  artifactKey: Guid(ea62d09417f3ee04baf4d414394d7676) Importer(2089858483,b0f066a214c2f5e87bad3c948f4d605d)
Start importing Packages/com.unity.probuilder/Editor Default Resources/Icons/Toolbar/Object_FlipNormals_Light.png using Guid(ea62d09417f3ee04baf4d414394d7676) Importer(2089858483,b0f066a214c2f5e87bad3c948f4d605d) (ScriptedImporter) -> (artifact id: '48f9f5b05d24e64587669070e15dbfbd') in 0.0253405 seconds
Number of updated asset objects reloaded before import = 0Number of asset objects unloaded after import = 1

========================================================================
Received Import Request.
  Time since last request: 0.000038 seconds.
  path: Packages/com.unity.probuilder/Runtime/Core/VertexPositioning.cs
  artifactKey: Guid(943eceaffe7b13b43bc1b1c129082f62) Importer(2089858483,b0f066a214c2f5e87bad3c948f4d605d)
Start importing Packages/com.unity.probuilder/Runtime/Core/VertexPositioning.cs using Guid(943eceaffe7b13b43bc1b1c129082f62) Importer(2089858483,b0f066a214c2f5e87bad3c948f4d605d) (ScriptedImporter) -> (artifact id: 'c03336fa200bccb224260338001e6e20') in 0.01704 seconds
Number of updated asset objects reloaded before import = 0Number of asset objects unloaded after import = 0

========================================================================
Received Import Request.
  Time since last request: 0.000070 seconds.
  path: Packages/com.unity.probuilder/External/Poly2Tri/Unity.ProBuilder.Poly2Tri.asmdef
  artifactKey: Guid(acb1d68b7aba97b4f9cc7dbabc38314c) Importer(2089858483,b0f066a214c2f5e87bad3c948f4d605d)
Start importing Packages/com.unity.probuilder/External/Poly2Tri/Unity.ProBuilder.Poly2Tri.asmdef using Guid(acb1d68b7aba97b4f9cc7dbabc38314c) Importer(2089858483,b0f066a214c2f5e87bad3c948f4d605d) (ScriptedImporter) -> (artifact id: 'db34dc1c9a689918c9f6e4b6747ff6a8') in 0.0332001 seconds
Number of updated asset objects reloaded before import = 0Number of asset objects unloaded after import = 1

========================================================================
Received Import Request.
  Time since last request: 0.000022 seconds.
  path: Packages/com.unity.probuilder/Editor/EditorCore/DestroyListener.cs
  artifactKey: Guid(2197ea2611109104aa25635ed7b59bcb) Importer(2089858483,b0f066a214c2f5e87bad3c948f4d605d)
Start importing Packages/com.unity.probuilder/Editor/EditorCore/DestroyListener.cs using Guid(2197ea2611109104aa25635ed7b59bcb) Importer(2089858483,b0f066a214c2f5e87bad3c948f4d605d) (ScriptedImporter) -> (artifact id: '9579b14b1391b8fb4ecc8f0663c154f5') in 0.0189263 seconds
Number of updated asset objects reloaded before import = 0Number of asset objects unloaded after import = 0

========================================================================
Received Import Request.
  Time since last request: 0.000048 seconds.
  path: Packages/com.unity.probuilder/Editor/MenuActions/Selection/SelectMaterial.cs
  artifactKey: Guid(51cb791f07b14fc08dd10dd56890d5c0) Importer(2089858483,b0f066a214c2f5e87bad3c948f4d605d)
Start importing Packages/com.unity.probuilder/Editor/MenuActions/Selection/SelectMaterial.cs using Guid(51cb791f07b14fc08dd10dd56890d5c0) Importer(2089858483,b0f066a214c2f5e87bad3c948f4d605d) (ScriptedImporter) -> (artifact id: 'd38f4d244387b570574df68a0357602b') in 0.0150386 seconds
Number of updated asset objects reloaded before import = 0Number of asset objects unloaded after import = 0

========================================================================
Received Import Request.
  Time since last request: 0.000080 seconds.
  path: Packages/com.unity.probuilder/Runtime/Core/HandleOrientation.cs
  artifactKey: Guid(2e52c205e35f30d4c81ff62d3f94e234) Importer(2089858483,b0f066a214c2f5e87bad3c948f4d605d)
Start importing Packages/com.unity.probuilder/Runtime/Core/HandleOrientation.cs using Guid(2e52c205e35f30d4c81ff62d3f94e234) Importer(2089858483,b0f066a214c2f5e87bad3c948f4d605d) (ScriptedImporter) -> (artifact id: '87e07aa833ae5e30c31eb4afaacbba9f') in 0.0151872 seconds
Number of updated asset objects reloaded before import = 0Number of asset objects unloaded after import = 0

========================================================================
Received Import Request.
  Time since last request: 0.000066 seconds.
  path: Packages/com.unity.probuilder/Editor Default Resources/Icons/Tools/ShapeTool/Cone@2x.png
  artifactKey: Guid(054a9ce2ee90b9145a0ddb851aec900f) Importer(2089858483,b0f066a214c2f5e87bad3c948f4d605d)
Start importing Packages/com.unity.probuilder/Editor Default Resources/Icons/Tools/ShapeTool/Cone@2x.png using Guid(054a9ce2ee90b9145a0ddb851aec900f) Importer(2089858483,b0f066a214c2f5e87bad3c948f4d605d) (ScriptedImporter) -> (artifact id: 'ed66f88d58e1cc192181d6511f64c94e') in 0.0401869 seconds
Number of updated asset objects reloaded before import = 0Number of asset objects unloaded after import = 1

========================================================================
Received Import Request.
  Time since last request: 0.000022 seconds.
  path: Packages/com.unity.probuilder/Editor Default Resources/Icons/Toolbar/CreatePolyShape_Light@2x.png
  artifactKey: Guid(54675c78ef8289f4494ed30c16dfda9f) Importer(2089858483,b0f066a214c2f5e87bad3c948f4d605d)
Start importing Packages/com.unity.probuilder/Editor Default Resources/Icons/Toolbar/CreatePolyShape_Light@2x.png using Guid(54675c78ef8289f4494ed30c16dfda9f) Importer(2089858483,b0f066a214c2f5e87bad3c948f4d605d) (ScriptedImporter) -> (artifact id: '062b161ef82f00a03b6b5b85c69b77c4') in 0.0409482 seconds
Number of updated asset objects reloaded before import = 0Number of asset objects unloaded after import = 1

========================================================================
Received Import Request.
  Time since last request: 0.000028 seconds.
  path: Packages/com.unity.probuilder/Addons/Fbx.cs
  artifactKey: Guid(561f179dea8740f41a4a539592427f2b) Importer(2089858483,b0f066a214c2f5e87bad3c948f4d605d)
Start importing Packages/com.unity.probuilder/Addons/Fbx.cs using Guid(561f179dea8740f41a4a539592427f2b) Importer(2089858483,b0f066a214c2f5e87bad3c948f4d605d) (ScriptedImporter) -> (artifact id: '223398a0927c0faabf3bc329b723c229') in 0.0198752 seconds
Number of updated asset objects reloaded before import = 0Number of asset objects unloaded after import = 0

========================================================================
Received Import Request.
  Time since last request: 0.000039 seconds.
  path: Packages/com.unity.probuilder/Editor Default Resources/Icons/Toolbar/Object_Mirror_Light.png
  artifactKey: Guid(7e71a7d916266b0488cdf255dd9adbef) Importer(2089858483,b0f066a214c2f5e87bad3c948f4d605d)
Start importing Packages/com.unity.probuilder/Editor Default Resources/Icons/Toolbar/Object_Mirror_Light.png using Guid(7e71a7d916266b0488cdf255dd9adbef) Importer(2089858483,b0f066a214c2f5e87bad3c948f4d605d) (ScriptedImporter) -> (artifact id: '62b07ba19e6c0274d9ad8f88faaae1d6') in 0.0399789 seconds
Number of updated asset objects reloaded before import = 0Number of asset objects unloaded after import = 1

========================================================================
Received Import Request.
  Time since last request: 0.000029 seconds.
  path: Packages/com.unity.probuilder/Editor Default Resources/Icons/Toolbar/Object_Subdivide_Light.png
  artifactKey: Guid(930e9b8e49d6cca439b2aa52ff974712) Importer(2089858483,b0f066a214c2f5e87bad3c948f4d605d)
Start importing Packages/com.unity.probuilder/Editor Default Resources/Icons/Toolbar/Object_Subdivide_Light.png using Guid(930e9b8e49d6cca439b2aa52ff974712) Importer(2089858483,b0f066a214c2f5e87bad3c948f4d605d) (ScriptedImporter) -> (artifact id: '3ab55f4e40eee2cef47384b9d468e54a') in 0.0350507 seconds
Number of updated asset objects reloaded before import = 0Number of asset objects unloaded after import = 1

========================================================================
Received Import Request.
  Time since last request: 0.000023 seconds.
  path: Packages/com.unity.probuilder/Editor Default Resources/Icons/Toolbar/Vert_Split@2x.png
  artifactKey: Guid(ba77d50115c11894d89b9145c086c78e) Importer(2089858483,b0f066a214c2f5e87bad3c948f4d605d)
Start importing Packages/com.unity.probuilder/Editor Default Resources/Icons/Toolbar/Vert_Split@2x.png using Guid(ba77d50115c11894d89b9145c086c78e) Importer(2089858483,b0f066a214c2f5e87bad3c948f4d605d) (ScriptedImporter) -> (artifact id: '0aec7889d7b3a115ba4c92ba0e7ff7c1') in 0.0330238 seconds
Number of updated asset objects reloaded before import = 0Number of asset objects unloaded after import = 1

========================================================================
Received Import Request.
  Time since last request: 0.000028 seconds.
  path: Packages/com.unity.probuilder/Content/Shader/SelectionPickerURP.shader
  artifactKey: Guid(7c2a9f4e3d1b4086b5e0c2d8a9f4e1b3) Importer(2089858483,b0f066a214c2f5e87bad3c948f4d605d)
Start importing Packages/com.unity.probuilder/Content/Shader/SelectionPickerURP.shader using Guid(7c2a9f4e3d1b4086b5e0c2d8a9f4e1b3) Importer(2089858483,b0f066a214c2f5e87bad3c948f4d605d) (ScriptedImporter) -> (artifact id: '95f62b7558f6d34824d34652532e72f8') in 0.0306459 seconds
Number of updated asset objects reloaded before import = 0Number of asset objects unloaded after import = 7

========================================================================
Received Import Request.
  Time since last request: 0.000037 seconds.
  path: Packages/com.unity.probuilder/Editor Default Resources/Icons/Toolbar/Vert_Split_Light@2x.png
  artifactKey: Guid(f8bd926222eec3c47b9a822dcc6c4b0c) Importer(2089858483,b0f066a214c2f5e87bad3c948f4d605d)
Start importing Packages/com.unity.probuilder/Editor Default Resources/Icons/Toolbar/Vert_Split_Light@2x.png using Guid(f8bd926222eec3c47b9a822dcc6c4b0c) Importer(2089858483,b0f066a214c2f5e87bad3c948f4d605d) (ScriptedImporter) -> (artifact id: '1dc357424a27268e4edebf26ed5e01a5') in 0.0324409 seconds
Number of updated asset objects reloaded before import = 0Number of asset objects unloaded after import = 1

========================================================================
Received Import Request.
  Time since last request: 0.000021 seconds.
  path: Packages/com.unity.probuilder/Editor/MenuActions/Selection/SelectEdgeLoop.cs
  artifactKey: Guid(5f3c839e57094cf6b2e99af5515b2ca0) Importer(2089858483,b0f066a214c2f5e87bad3c948f4d605d)
Start importing Packages/com.unity.probuilder/Editor/MenuActions/Selection/SelectEdgeLoop.cs using Guid(5f3c839e57094cf6b2e99af5515b2ca0) Importer(2089858483,b0f066a214c2f5e87bad3c948f4d605d) (ScriptedImporter) -> (artifact id: '9046aecb8babbc10163e069005b213c3') in 0.0185422 seconds
Number of updated asset objects reloaded before import = 0Number of asset objects unloaded after import = 0

========================================================================
Received Import Request.
  Time since last request: 0.000020 seconds.
  path: Packages/com.unity.probuilder/Content/Resources/Textures/GridBox_Default.png
  artifactKey: Guid(6344bf96fbda94141a525046d088fb23) Importer(2089858483,b0f066a214c2f5e87bad3c948f4d605d)
Start importing Packages/com.unity.probuilder/Content/Resources/Textures/GridBox_Default.png using Guid(6344bf96fbda94141a525046d088fb23) Importer(2089858483,b0f066a214c2f5e87bad3c948f4d605d) (ScriptedImporter) -> (artifact id: '50fae283ec367b3aa1cecb347ac369e8') in 0.0260504 seconds
Number of updated asset objects reloaded before import = 0Number of asset objects unloaded after import = 1

========================================================================
Received Import Request.
  Time since last request: 0.000026 seconds.
  path: Packages/com.unity.probuilder/Editor/MenuActions/Selection/ShrinkSelection.cs
  artifactKey: Guid(a4bb8ac278d3433ca7313bb5f90a2c52) Importer(2089858483,b0f066a214c2f5e87bad3c948f4d605d)
Start importing Packages/com.unity.probuilder/Editor/MenuActions/Selection/ShrinkSelection.cs using Guid(a4bb8ac278d3433ca7313bb5f90a2c52) Importer(2089858483,b0f066a214c2f5e87bad3c948f4d605d) (ScriptedImporter) -> (artifact id: '571b5f532be0e564c7f46d61e6d13ca5') in 0.0182292 seconds
Number of updated asset objects reloaded before import = 0Number of asset objects unloaded after import = 0

========================================================================
Received Import Request.
  Time since last request: 0.000042 seconds.
  path: Packages/com.unity.probuilder/Editor/EditorCore/EditorMaterialUtility.cs
  artifactKey: Guid(6832442ae76f440d9a8a532b98ebfc57) Importer(2089858483,b0f066a214c2f5e87bad3c948f4d605d)
Start importing Packages/com.unity.probuilder/Editor/EditorCore/EditorMaterialUtility.cs using Guid(6832442ae76f440d9a8a532b98ebfc57) Importer(2089858483,b0f066a214c2f5e87bad3c948f4d605d) (ScriptedImporter) -> (artifact id: '156e055d7ddd98e330ce7550b9fa5566') in 0.0144636 seconds
Number of updated asset objects reloaded before import = 0Number of asset objects unloaded after import = 0

========================================================================
Received Import Request.
  Time since last request: 0.000040 seconds.
  path: Packages/com.unity.probuilder/Editor Default Resources/Icons/Toolbar/Face_Delete.png
  artifactKey: Guid(f5cbc2065eed9419bbc68124aad2ff87) Importer(2089858483,b0f066a214c2f5e87bad3c948f4d605d)
Start importing Packages/com.unity.probuilder/Editor Default Resources/Icons/Toolbar/Face_Delete.png using Guid(f5cbc2065eed9419bbc68124aad2ff87) Importer(2089858483,b0f066a214c2f5e87bad3c948f4d605d) (ScriptedImporter) -> (artifact id: '782d0e6b343289bd18e8508bba8295ae') in 0.0281243 seconds
Number of updated asset objects reloaded before import = 0Number of asset objects unloaded after import = 1

========================================================================
Received Import Request.
  Time since last request: 0.000057 seconds.
  path: Packages/com.unity.probuilder/Editor/MenuActions/Geometry/ConnectEdges.cs
  artifactKey: Guid(9eda47df4ab94d8a8174832a11359a8a) Importer(2089858483,b0f066a214c2f5e87bad3c948f4d605d)
Start importing Packages/com.unity.probuilder/Editor/MenuActions/Geometry/ConnectEdges.cs using Guid(9eda47df4ab94d8a8174832a11359a8a) Importer(2089858483,b0f066a214c2f5e87bad3c948f4d605d) (ScriptedImporter) -> (artifact id: 'f641f602806ea2e716c1f8e957723bfa') in 0.014636 seconds
Number of updated asset objects reloaded before import = 0Number of asset objects unloaded after import = 0

========================================================================
Received Import Request.
  Time since last request: 0.000051 seconds.
  path: Packages/com.unity.probuilder/Runtime/Core/SelectionPicker.cs
  artifactKey: Guid(38d00192cfb7943ebaa2898af4577852) Importer(2089858483,b0f066a214c2f5e87bad3c948f4d605d)
Start importing Packages/com.unity.probuilder/Runtime/Core/SelectionPicker.cs using Guid(38d00192cfb7943ebaa2898af4577852) Importer(2089858483,b0f066a214c2f5e87bad3c948f4d605d) (ScriptedImporter) -> (artifact id: 'a1e4287da11081df663fee6fbb9e5873') in 0.0133017 seconds
Number of updated asset objects reloaded before import = 0Number of asset objects unloaded after import = 0

========================================================================
Received Import Request.
  Time since last request: 0.000072 seconds.
  path: Packages/com.unity.probuilder/Editor Default Resources/Icons/Tools/ShapeTool/Door.png
  artifactKey: Guid(93181b6a40269b74ba04b4e951439a45) Importer(2089858483,b0f066a214c2f5e87bad3c948f4d605d)
Start importing Packages/com.unity.probuilder/Editor Default Resources/Icons/Tools/ShapeTool/Door.png using Guid(93181b6a40269b74ba04b4e951439a45) Importer(2089858483,b0f066a214c2f5e87bad3c948f4d605d) (ScriptedImporter) -> (artifact id: '90dbc4b4e8fb0474d6b9bb17c30674b8') in 0.0306206 seconds
Number of updated asset objects reloaded before import = 0Number of asset objects unloaded after import = 1

========================================================================
Received Import Request.
  Time since last request: 0.000023 seconds.
  path: Packages/com.unity.probuilder/Editor Default Resources/Icons/Toolbar/Object_ConformNormals_Light.png
  artifactKey: Guid(24617665ed87e4e46bc100e6c11ac6f2) Importer(2089858483,b0f066a214c2f5e87bad3c948f4d605d)
Start importing Packages/com.unity.probuilder/Editor Default Resources/Icons/Toolbar/Object_ConformNormals_Light.png using Guid(24617665ed87e4e46bc100e6c11ac6f2) Importer(2089858483,b0f066a214c2f5e87bad3c948f4d605d) (ScriptedImporter) -> (artifact id: '562864ddbf45df78ed7b2dcd8591793f') in 0.0347974 seconds
Number of updated asset objects reloaded before import = 0Number of asset objects unloaded after import = 1

========================================================================
Received Import Request.
  Time since last request: 0.000059 seconds.
  path: Packages/com.unity.probuilder/Editor Default Resources/Icons/Modes/d_Mode_Vertex.png
  artifactKey: Guid(3e5ae4e6aa24547218f481474fee55d4) Importer(2089858483,b0f066a214c2f5e87bad3c948f4d605d)
Start importing Packages/com.unity.probuilder/Editor Default Resources/Icons/Modes/d_Mode_Vertex.png using Guid(3e5ae4e6aa24547218f481474fee55d4) Importer(2089858483,b0f066a214c2f5e87bad3c948f4d605d) (ScriptedImporter) -> (artifact id: 'b24c684ecde93583c5d657884e1dcc5a') in 0.0300448 seconds
Number of updated asset objects reloaded before import = 0Number of asset objects unloaded after import = 1

========================================================================
Received Import Request.
  Time since last request: 0.000052 seconds.
  path: Packages/com.unity.probuilder/Editor Default Resources/Icons/Toolbar/HandleAlign_Plane.png
  artifactKey: Guid(6d8a0cbf20c07418bbb33ec170d3a000) Importer(2089858483,b0f066a214c2f5e87bad3c948f4d605d)
Start importing Packages/com.unity.probuilder/Editor Default Resources/Icons/Toolbar/HandleAlign_Plane.png using Guid(6d8a0cbf20c07418bbb33ec170d3a000) Importer(2089858483,b0f066a214c2f5e87bad3c948f4d605d) (ScriptedImporter) -> (artifact id: '266b645aaa527ac5acc682d73b1f05a3') in 0.0275176 seconds
Number of updated asset objects reloaded before import = 0Number of asset objects unloaded after import = 1

========================================================================
Received Import Request.
  Time since last request: 0.000045 seconds.
  path: Packages/com.unity.probuilder/Editor Default Resources/Icons/Toolbar/Bezier_Mirrored.png
  artifactKey: Guid(ef7e9b1becafe43e08ebc38b881ce60d) Importer(2089858483,b0f066a214c2f5e87bad3c948f4d605d)
Start importing Packages/com.unity.probuilder/Editor Default Resources/Icons/Toolbar/Bezier_Mirrored.png using Guid(ef7e9b1becafe43e08ebc38b881ce60d) Importer(2089858483,b0f066a214c2f5e87bad3c948f4d605d) (ScriptedImporter) -> (artifact id: 'b3dd81d896541606ca9760f0f3ab64a2') in 0.0274982 seconds
Number of updated asset objects reloaded before import = 0Number of asset objects unloaded after import = 1

========================================================================
Received Import Request.
  Time since last request: 0.000056 seconds.
  path: Packages/com.unity.probuilder/Editor/EditorCore/TooltipContent.cs
  artifactKey: Guid(7208f6e564fc928478322837a693d724) Importer(2089858483,b0f066a214c2f5e87bad3c948f4d605d)
Start importing Packages/com.unity.probuilder/Editor/EditorCore/TooltipContent.cs using Guid(7208f6e564fc928478322837a693d724) Importer(2089858483,b0f066a214c2f5e87bad3c948f4d605d) (ScriptedImporter) -> (artifact id: '9464a2adcaa880f02d61293c260515ec') in 0.0152428 seconds
Number of updated asset objects reloaded before import = 0Number of asset objects unloaded after import = 0

========================================================================
Received Import Request.
  Time since last request: 0.000053 seconds.
  path: Packages/com.unity.probuilder/Editor Default Resources/Icons/Toolbar/Help_Light.png
  artifactKey: Guid(3f608a0570cfcf446821d6adfc48c720) Importer(2089858483,b0f066a214c2f5e87bad3c948f4d605d)
Start importing Packages/com.unity.probuilder/Editor Default Resources/Icons/Toolbar/Help_Light.png using Guid(3f608a0570cfcf446821d6adfc48c720) Importer(2089858483,b0f066a214c2f5e87bad3c948f4d605d) (ScriptedImporter) -> (artifact id: 'd195c8c3177e760f5080715b4559e012') in 0.0284542 seconds
Number of updated asset objects reloaded before import = 0Number of asset objects unloaded after import = 1

========================================================================
Received Import Request.
  Time since last request: 0.000053 seconds.
  path: Packages/com.unity.probuilder/Runtime/Core/BuiltinMaterials.cs
  artifactKey: Guid(65392811987f9438d8e3d2510255814f) Importer(2089858483,b0f066a214c2f5e87bad3c948f4d605d)
Start importing Packages/com.unity.probuilder/Runtime/Core/BuiltinMaterials.cs using Guid(65392811987f9438d8e3d2510255814f) Importer(2089858483,b0f066a214c2f5e87bad3c948f4d605d) (ScriptedImporter) -> (artifact id: '7f9cef3b44a23081980d892d0fefd43d') in 0.0139074 seconds
Number of updated asset objects reloaded before import = 0Number of asset objects unloaded after import = 0

========================================================================
Received Import Request.
  Time since last request: 0.000052 seconds.
  path: Packages/com.unity.settings-manager/Tests/Editor/FileRepositoryTests.cs
  artifactKey: Guid(11aab40bae0d491c94ca2df97f155bac) Importer(2089858483,b0f066a214c2f5e87bad3c948f4d605d)
Start importing Packages/com.unity.settings-manager/Tests/Editor/FileRepositoryTests.cs using Guid(11aab40bae0d491c94ca2df97f155bac) Importer(2089858483,b0f066a214c2f5e87bad3c948f4d605d) (ScriptedImporter) -> (artifact id: '6e701d5457f27e0dec85e375c45e8fbb') in 0.0176038 seconds
Number of updated asset objects reloaded before import = 0Number of asset objects unloaded after import = 0

========================================================================
Received Import Request.
  Time since last request: 0.000045 seconds.
  path: Packages/com.unity.probuilder/Runtime/Core/HandleConstraint2D.cs
  artifactKey: Guid(a88380604e5234adaa98158c5e10950c) Importer(2089858483,b0f066a214c2f5e87bad3c948f4d605d)
Start importing Packages/com.unity.probuilder/Runtime/Core/HandleConstraint2D.cs using Guid(a88380604e5234adaa98158c5e10950c) Importer(2089858483,b0f066a214c2f5e87bad3c948f4d605d) (ScriptedImporter) -> (artifact id: 'd77d291e48061e49d77eefcd399653fc') in 0.0156297 seconds
Number of updated asset objects reloaded before import = 0Number of asset objects unloaded after import = 0

========================================================================
Received Import Request.
  Time since last request: 0.000049 seconds.
  path: Packages/com.unity.probuilder/Editor/EditorCore/EditorHandleUtility.cs
  artifactKey: Guid(31b2d23ee6bb16a42bdc704a0b1df42c) Importer(2089858483,b0f066a214c2f5e87bad3c948f4d605d)
Start importing Packages/com.unity.probuilder/Editor/EditorCore/EditorHandleUtility.cs using Guid(31b2d23ee6bb16a42bdc704a0b1df42c) Importer(2089858483,b0f066a214c2f5e87bad3c948f4d605d) (ScriptedImporter) -> (artifact id: 'dc2e3f2506aaf29df8b0cecbbb448a6a') in 0.0191779 seconds
Number of updated asset objects reloaded before import = 0Number of asset objects unloaded after import = 0

========================================================================
Received Import Request.
  Time since last request: 0.000023 seconds.
  path: Packages/com.unity.probuilder/Editor/Overlays/SelectionSettingsButtons.cs
  artifactKey: Guid(82948eca45d445f6857c9c565e803d29) Importer(2089858483,b0f066a214c2f5e87bad3c948f4d605d)
Start importing Packages/com.unity.probuilder/Editor/Overlays/SelectionSettingsButtons.cs using Guid(82948eca45d445f6857c9c565e803d29) Importer(2089858483,b0f066a214c2f5e87bad3c948f4d605d) (ScriptedImporter) -> (artifact id: '2a6ba05f4dd909c2d8361f848758bf51') in 0.0195278 seconds
Number of updated asset objects reloaded before import = 0Number of asset objects unloaded after import = 0

========================================================================
Received Import Request.
  Time since last request: 0.000031 seconds.
  path: Packages/com.unity.probuilder/Editor Default Resources/Icons/Tools/d_EditShape.png
  artifactKey: Guid(cbfec015ad070dd4493bdf6c736c6e92) Importer(2089858483,b0f066a214c2f5e87bad3c948f4d605d)
Start importing Packages/com.unity.probuilder/Editor Default Resources/Icons/Tools/d_EditShape.png using Guid(cbfec015ad070dd4493bdf6c736c6e92) Importer(2089858483,b0f066a214c2f5e87bad3c948f4d605d) (ScriptedImporter) -> (artifact id: '635cb7e1bb458197eb1aac12b1a40edc') in 0.0390652 seconds
Number of updated asset objects reloaded before import = 0Number of asset objects unloaded after import = 1

========================================================================
Received Import Request.
  Time since last request: 0.000026 seconds.
  path: Packages/com.unity.probuilder/External/KdTree/KdTreeLib/IPriorityQueue.cs
  artifactKey: Guid(4c7381a66e715734f82749b2e115722c) Importer(2089858483,b0f066a214c2f5e87bad3c948f4d605d)
Start importing Packages/com.unity.probuilder/External/KdTree/KdTreeLib/IPriorityQueue.cs using Guid(4c7381a66e715734f82749b2e115722c) Importer(2089858483,b0f066a214c2f5e87bad3c948f4d605d) (ScriptedImporter) -> (artifact id: '0975a79f303c90339b9b980317f7cc2a') in 0.0208576 seconds
Number of updated asset objects reloaded before import = 0Number of asset objects unloaded after import = 0

========================================================================
Received Import Request.
  Time since last request: 0.000024 seconds.
  path: Packages/com.unity.probuilder/Editor Default Resources/Icons/Modes/ToolHandleElement.png
  artifactKey: Guid(728c7d68a9ae52248b285c95e6b6311a) Importer(2089858483,b0f066a214c2f5e87bad3c948f4d605d)
Start importing Packages/com.unity.probuilder/Editor Default Resources/Icons/Modes/ToolHandleElement.png using Guid(728c7d68a9ae52248b285c95e6b6311a) Importer(2089858483,b0f066a214c2f5e87bad3c948f4d605d) (ScriptedImporter) -> (artifact id: 'f91a13c24d5f83e13bbccdfeecf20926') in 0.0345351 seconds
Number of updated asset objects reloaded before import = 0Number of asset objects unloaded after import = 1

========================================================================
Received Import Request.
  Time since last request: 0.000051 seconds.
  path: Packages/com.unity.probuilder/Runtime/Core/VectorMask.cs
  artifactKey: Guid(efd5cca1cb8dabd418d215e770d3fb01) Importer(2089858483,b0f066a214c2f5e87bad3c948f4d605d)
Start importing Packages/com.unity.probuilder/Runtime/Core/VectorMask.cs using Guid(efd5cca1cb8dabd418d215e770d3fb01) Importer(2089858483,b0f066a214c2f5e87bad3c948f4d605d) (ScriptedImporter) -> (artifact id: '0a6256d73f968d6a8349a94e67a818cf') in 0.0144194 seconds
Number of updated asset objects reloaded before import = 0Number of asset objects unloaded after import = 0

========================================================================
Received Import Request.
  Time since last request: 0.000035 seconds.
  path: Packages/com.unity.probuilder/Content/Resources/Materials/NoDraw.mat
  artifactKey: Guid(8cb4d6fee77fd4ee6895f08b240d625f) Importer(2089858483,b0f066a214c2f5e87bad3c948f4d605d)
Start importing Packages/com.unity.probuilder/Content/Resources/Materials/NoDraw.mat using Guid(8cb4d6fee77fd4ee6895f08b240d625f) Importer(2089858483,b0f066a214c2f5e87bad3c948f4d605d) (ScriptedImporter) -> (artifact id: 'd9a9b9ded4e7d6a6a418268814a47d3d') in 0.0476423 seconds
Number of updated asset objects reloaded before import = 0Number of asset objects unloaded after import = 2

========================================================================
Received Import Request.
  Time since last request: 0.000066 seconds.
  path: Packages/com.unity.probuilder/Editor Default Resources/Icons/Toolbar/Face_BreakSmoothing.png
  artifactKey: Guid(530fa8faf4a75475a91594dc67b3d727) Importer(2089858483,b0f066a214c2f5e87bad3c948f4d605d)
Start importing Packages/com.unity.probuilder/Editor Default Resources/Icons/Toolbar/Face_BreakSmoothing.png using Guid(530fa8faf4a75475a91594dc67b3d727) Importer(2089858483,b0f066a214c2f5e87bad3c948f4d605d) (ScriptedImporter) -> (artifact id: '081be4bf8b6493ab1b5f0e2468c314b4') in 0.0248235 seconds
Number of updated asset objects reloaded before import = 0Number of asset objects unloaded after import = 1

========================================================================
Received Import Request.
  Time since last request: 0.000031 seconds.
  path: Packages/com.unity.probuilder/Editor Default Resources/Icons/Toolbar/Bezier_Aligned.png
  artifactKey: Guid(bf4846dc2a1a844a29268dbc71f1c454) Importer(2089858483,b0f066a214c2f5e87bad3c948f4d605d)
Start importing Packages/com.unity.probuilder/Editor Default Resources/Icons/Toolbar/Bezier_Aligned.png using Guid(bf4846dc2a1a844a29268dbc71f1c454) Importer(2089858483,b0f066a214c2f5e87bad3c948f4d605d) (ScriptedImporter) -> (artifact id: '7784e6e265bdd3922e08e5d698366903') in 0.0285136 seconds
Number of updated asset objects reloaded before import = 0Number of asset objects unloaded after import = 1

========================================================================
Received Import Request.
  Time since last request: 0.000042 seconds.
  path: Packages/com.unity.probuilder/Editor Default Resources/Icons/Toolbar/Selection_Loop_Face.png
  artifactKey: Guid(120f219005f4543348e937ed8b35599f) Importer(2089858483,b0f066a214c2f5e87bad3c948f4d605d)
Start importing Packages/com.unity.probuilder/Editor Default Resources/Icons/Toolbar/Selection_Loop_Face.png using Guid(120f219005f4543348e937ed8b35599f) Importer(2089858483,b0f066a214c2f5e87bad3c948f4d605d) (ScriptedImporter) -> (artifact id: '96914c00a51ad3427fb3691b4cae1a01') in 0.0320366 seconds
Number of updated asset objects reloaded before import = 0Number of asset objects unloaded after import = 1

========================================================================
Received Import Request.
  Time since last request: 0.000044 seconds.
  path: Packages/com.unity.probuilder/Editor/MenuActions/Geometry/SmartSubdivide.cs
  artifactKey: Guid(da5baec4bf414efb91d2253bef40dd19) Importer(2089858483,b0f066a214c2f5e87bad3c948f4d605d)
Start importing Packages/com.unity.probuilder/Editor/MenuActions/Geometry/SmartSubdivide.cs using Guid(da5baec4bf414efb91d2253bef40dd19) Importer(2089858483,b0f066a214c2f5e87bad3c948f4d605d) (ScriptedImporter) -> (artifact id: 'cf295a30852d306ae6faabd84133a565') in 0.0167198 seconds
Number of updated asset objects reloaded before import = 0Number of asset objects unloaded after import = 0

========================================================================
Received Import Request.
  Time since last request: 0.000038 seconds.
  path: Packages/com.unity.probuilder/Editor Default Resources/Icons/Toolbar/OffsetElements.png
  artifactKey: Guid(ca485e71153e09e4fa918d51198a1634) Importer(2089858483,b0f066a214c2f5e87bad3c948f4d605d)
Start importing Packages/com.unity.probuilder/Editor Default Resources/Icons/Toolbar/OffsetElements.png using Guid(ca485e71153e09e4fa918d51198a1634) Importer(2089858483,b0f066a214c2f5e87bad3c948f4d605d) (ScriptedImporter) -> (artifact id: '80c426b7d54e4c128d4dd2c3287a344d') in 0.0303602 seconds
Number of updated asset objects reloaded before import = 0Number of asset objects unloaded after import = 1

========================================================================
Received Import Request.
  Time since last request: 0.000048 seconds.
  path: Packages/com.unity.probuilder/Content/Resources/Textures
  artifactKey: Guid(f34d08485a9ab475e894ee6a078091e3) Importer(2089858483,b0f066a214c2f5e87bad3c948f4d605d)
Start importing Packages/com.unity.probuilder/Content/Resources/Textures using Guid(f34d08485a9ab475e894ee6a078091e3) Importer(2089858483,b0f066a214c2f5e87bad3c948f4d605d) (ScriptedImporter) -> (artifact id: '436c9e69a824ce49f14f547cf26391dc') in 0.0149655 seconds
Number of updated asset objects reloaded before import = 0Number of asset objects unloaded after import = 1

========================================================================
Received Import Request.
  Time since last request: 0.000034 seconds.
  path: Packages/com.unity.probuilder/Editor Default Resources/Icons/Modes/d_Mode_Edge.png
  artifactKey: Guid(3c6e8b060c00340b693cb3830b6d975c) Importer(2089858483,b0f066a214c2f5e87bad3c948f4d605d)
Start importing Packages/com.unity.probuilder/Editor Default Resources/Icons/Modes/d_Mode_Edge.png using Guid(3c6e8b060c00340b693cb3830b6d975c) Importer(2089858483,b0f066a214c2f5e87bad3c948f4d605d) (ScriptedImporter) -> (artifact id: 'bec6ed1fec4ded221bfda0a1fd948f3c') in 0.0318823 seconds
Number of updated asset objects reloaded before import = 0Number of asset objects unloaded after import = 1

========================================================================
Received Import Request.
  Time since last request: 0.000023 seconds.
  path: Packages/com.unity.probuilder/Editor Default Resources/Icons/Tools/ShapeTool/Torus.png
  artifactKey: Guid(4e1448192df8b3742b77d89d561f7024) Importer(2089858483,b0f066a214c2f5e87bad3c948f4d605d)
Start importing Packages/com.unity.probuilder/Editor Default Resources/Icons/Tools/ShapeTool/Torus.png using Guid(4e1448192df8b3742b77d89d561f7024) Importer(2089858483,b0f066a214c2f5e87bad3c948f4d605d) (ScriptedImporter) -> (artifact id: 'abb75708ddd4e937d04ac35649d6eef7') in 0.0354895 seconds
Number of updated asset objects reloaded before import = 0Number of asset objects unloaded after import = 1

========================================================================
Received Import Request.
  Time since last request: 0.000020 seconds.
  path: Packages/com.unity.probuilder/Editor/EditorCore/TextureMoveTool.cs
  artifactKey: Guid(7ebc93f048090074f80a100718d5a585) Importer(2089858483,b0f066a214c2f5e87bad3c948f4d605d)
Start importing Packages/com.unity.probuilder/Editor/EditorCore/TextureMoveTool.cs using Guid(7ebc93f048090074f80a100718d5a585) Importer(2089858483,b0f066a214c2f5e87bad3c948f4d605d) (ScriptedImporter) -> (artifact id: '9877302df5ba85c0cc97c4304ad11669') in 0.0856375 seconds
Number of updated asset objects reloaded before import = 0Number of asset objects unloaded after import = 0

========================================================================
Received Import Request.
  Time since last request: 0.000041 seconds.
  path: Packages/com.unity.probuilder/Editor Default Resources/Icons/Toolbar/Panel_VertColors_Light@2x.png
  artifactKey: Guid(5a8d0f87c8a312a4dbf2dc1a140c3880) Importer(2089858483,b0f066a214c2f5e87bad3c948f4d605d)
Start importing Packages/com.unity.probuilder/Editor Default Resources/Icons/Toolbar/Panel_VertColors_Light@2x.png using Guid(5a8d0f87c8a312a4dbf2dc1a140c3880) Importer(2089858483,b0f066a214c2f5e87bad3c948f4d605d) (ScriptedImporter) -> (artifact id: '2daabd0c9b1b38689e02203be75a98c0') in 0.0269091 seconds
Number of updated asset objects reloaded before import = 0Number of asset objects unloaded after import = 1

========================================================================
Received Import Request.
  Time since last request: 0.000065 seconds.
  path: Packages/com.unity.probuilder/Editor Default Resources/Icons/Toolbar/Selection_SelectHidden-OFF.png
  artifactKey: Guid(e149ffc7f43a39a40ba68b11e2a762dd) Importer(2089858483,b0f066a214c2f5e87bad3c948f4d605d)
Start importing Packages/com.unity.probuilder/Editor Default Resources/Icons/Toolbar/Selection_SelectHidden-OFF.png using Guid(e149ffc7f43a39a40ba68b11e2a762dd) Importer(2089858483,b0f066a214c2f5e87bad3c948f4d605d) (ScriptedImporter) -> (artifact id: '1c6c2d85c794d91db54b96a47b552c72') in 0.0302398 seconds
Number of updated asset objects reloaded before import = 0Number of asset objects unloaded after import = 1

========================================================================
Received Import Request.
  Time since last request: 0.000040 seconds.
  path: Packages/com.unity.probuilder/Runtime/Shapes/Torus.cs
  artifactKey: Guid(131b1d3bbc440834c88a294085679174) Importer(2089858483,b0f066a214c2f5e87bad3c948f4d605d)
Start importing Packages/com.unity.probuilder/Runtime/Shapes/Torus.cs using Guid(131b1d3bbc440834c88a294085679174) Importer(2089858483,b0f066a214c2f5e87bad3c948f4d605d) (ScriptedImporter) -> (artifact id: 'a38ce3b1d1bc0b044ed96397c51fffc9') in 0.0140761 seconds
Number of updated asset objects reloaded before import = 0Number of asset objects unloaded after import = 0

========================================================================
Received Import Request.
  Time since last request: 0.000046 seconds.
  path: Packages/com.unity.probuilder/Content/Shader/SelectionPicker.shader
  artifactKey: Guid(1fd883d610b2f42a98fc7abaf6809430) Importer(2089858483,b0f066a214c2f5e87bad3c948f4d605d)
Start importing Packages/com.unity.probuilder/Content/Shader/SelectionPicker.shader using Guid(1fd883d610b2f42a98fc7abaf6809430) Importer(2089858483,b0f066a214c2f5e87bad3c948f4d605d) (ScriptedImporter) -> (artifact id: '5374f8294b2b54a7d89258b9ff762ad5') in 0.0264737 seconds
Number of updated asset objects reloaded before import = 0Number of asset objects unloaded after import = 4

========================================================================
Received Import Request.
  Time since last request: 0.000045 seconds.
  path: Packages/com.unity.probuilder/Editor/EditorCore/ProbuilderRotateTool.cs
  artifactKey: Guid(87dbab7c5aec0498a8ef34d8490bc9f6) Importer(2089858483,b0f066a214c2f5e87bad3c948f4d605d)
Start importing Packages/com.unity.probuilder/Editor/EditorCore/ProbuilderRotateTool.cs using Guid(87dbab7c5aec0498a8ef34d8490bc9f6) Importer(2089858483,b0f066a214c2f5e87bad3c948f4d605d) (ScriptedImporter) -> (artifact id: 'fcf66c0655bfe334f2afdc60a9cf5a13') in 0.0153625 seconds
Number of updated asset objects reloaded before import = 0Number of asset objects unloaded after import = 0

========================================================================
Received Import Request.
  Time since last request: 0.000033 seconds.
  path: Packages/com.unity.probuilder/Editor Default Resources/Icons/Toolbar/Face_Triangulate_Light@2x.png
  artifactKey: Guid(37e640c5cbf8a5242afe2fbeefbf5417) Importer(2089858483,b0f066a214c2f5e87bad3c948f4d605d)
Start importing Packages/com.unity.probuilder/Editor Default Resources/Icons/Toolbar/Face_Triangulate_Light@2x.png using Guid(37e640c5cbf8a5242afe2fbeefbf5417) Importer(2089858483,b0f066a214c2f5e87bad3c948f4d605d) (ScriptedImporter) -> (artifact id: 'b07539c92590a8c183009704dd8b4b96') in 0.034744 seconds
Number of updated asset objects reloaded before import = 0Number of asset objects unloaded after import = 1

========================================================================
Received Import Request.
  Time since last request: 0.000023 seconds.
  path: Packages/com.unity.probuilder/Editor Default Resources/Icons/Toolbar/Object_Merge_Light.png
  artifactKey: Guid(744fb53d363e3ea4488480593f0a0cf9) Importer(2089858483,b0f066a214c2f5e87bad3c948f4d605d)
Start importing Packages/com.unity.probuilder/Editor Default Resources/Icons/Toolbar/Object_Merge_Light.png using Guid(744fb53d363e3ea4488480593f0a0cf9) Importer(2089858483,b0f066a214c2f5e87bad3c948f4d605d) (ScriptedImporter) -> (artifact id: '9f8d2256a3484a0981244b8579d42de8') in 0.0353301 seconds
Number of updated asset objects reloaded before import = 0Number of asset objects unloaded after import = 1

========================================================================
Received Import Request.
  Time since last request: 0.000050 seconds.
  path: Packages/com.unity.probuilder/Editor Default Resources/Icons/Toolbar/Background/RoundedRect_Hover_Light.png
  artifactKey: Guid(dd3f16a717244084aa1180842012939a) Importer(2089858483,b0f066a214c2f5e87bad3c948f4d605d)
Start importing Packages/com.unity.probuilder/Editor Default Resources/Icons/Toolbar/Background/RoundedRect_Hover_Light.png using Guid(dd3f16a717244084aa1180842012939a) Importer(2089858483,b0f066a214c2f5e87bad3c948f4d605d) (ScriptedImporter) -> (artifact id: '393cac47fff808432df768ce1828c8f0') in 0.0296824 seconds
Number of updated asset objects reloaded before import = 0Number of asset objects unloaded after import = 1

========================================================================
Received Import Request.
  Time since last request: 0.000055 seconds.
  path: Packages/com.unity.probuilder/Editor Default Resources/Icons/Toolbar/Object_Triangulate@2x.png
  artifactKey: Guid(cec12f9c9ed7d2a4e94a0d8f560147af) Importer(2089858483,b0f066a214c2f5e87bad3c948f4d605d)
Start importing Packages/com.unity.probuilder/Editor Default Resources/Icons/Toolbar/Object_Triangulate@2x.png using Guid(cec12f9c9ed7d2a4e94a0d8f560147af) Importer(2089858483,b0f066a214c2f5e87bad3c948f4d605d) (ScriptedImporter) -> (artifact id: 'a518e48facfcbb72f7a69ad979cc8b7e') in 0.0282548 seconds
Number of updated asset objects reloaded before import = 0Number of asset objects unloaded after import = 1

========================================================================
Received Import Request.
  Time since last request: 0.000042 seconds.
  path: Packages/com.unity.probuilder/Editor/EditorCore/MaterialPalette.cs
  artifactKey: Guid(3f1ca63a91b17724bbd99c8fa67e0180) Importer(2089858483,b0f066a214c2f5e87bad3c948f4d605d)
Start importing Packages/com.unity.probuilder/Editor/EditorCore/MaterialPalette.cs using Guid(3f1ca63a91b17724bbd99c8fa67e0180) Importer(2089858483,b0f066a214c2f5e87bad3c948f4d605d) (ScriptedImporter) -> (artifact id: 'f863d455b1fa7fd8f05544c4cbff564a') in 0.016359 seconds
Number of updated asset objects reloaded before import = 0Number of asset objects unloaded after import = 0

========================================================================
Received Import Request.
  Time since last request: 0.000051 seconds.
  path: Packages/com.unity.probuilder/Runtime/MeshOperations/Subdivision.cs
  artifactKey: Guid(08c8ab0f8013d492eb6d0d78a261f745) Importer(2089858483,b0f066a214c2f5e87bad3c948f4d605d)
Start importing Packages/com.unity.probuilder/Runtime/MeshOperations/Subdivision.cs using Guid(08c8ab0f8013d492eb6d0d78a261f745) Importer(2089858483,b0f066a214c2f5e87bad3c948f4d605d) (ScriptedImporter) -> (artifact id: '4e08816aa70d956fa01702b2ee0b33f9') in 0.0167717 seconds
Number of updated asset objects reloaded before import = 0Number of asset objects unloaded after import = 0

========================================================================
Received Import Request.
  Time since last request: 0.000045 seconds.
  path: Packages/com.unity.probuilder/Runtime/Core/EdgeLookup.cs
  artifactKey: Guid(71908286421424641b33861431bc9b9d) Importer(2089858483,b0f066a214c2f5e87bad3c948f4d605d)
Start importing Packages/com.unity.probuilder/Runtime/Core/EdgeLookup.cs using Guid(71908286421424641b33861431bc9b9d) Importer(2089858483,b0f066a214c2f5e87bad3c948f4d605d) (ScriptedImporter) -> (artifact id: '08db8bf1976ab8903e40edd796b39dcd') in 0.0178615 seconds
Number of updated asset objects reloaded before import = 0Number of asset objects unloaded after import = 0

========================================================================
Received Import Request.
  Time since last request: 0.000029 seconds.
  path: Packages/com.unity.probuilder/Editor Default Resources/Icons/Modes/Mode_Face.png
  artifactKey: Guid(3f77eeb57e96b47eea8a6ea060ccbfc4) Importer(2089858483,b0f066a214c2f5e87bad3c948f4d605d)
Start importing Packages/com.unity.probuilder/Editor Default Resources/Icons/Modes/Mode_Face.png using Guid(3f77eeb57e96b47eea8a6ea060ccbfc4) Importer(2089858483,b0f066a214c2f5e87bad3c948f4d605d) (ScriptedImporter) -> (artifact id: 'ea6d41788bb0f135a075416e962d259c') in 0.0304883 seconds
Number of updated asset objects reloaded before import = 0Number of asset objects unloaded after import = 1

========================================================================
Received Import Request.
  Time since last request: 0.000076 seconds.
  path: Packages/com.unity.probuilder/Editor Default Resources/Icons/Tools/ShapeTool/Arch@2x.png
  artifactKey: Guid(883681e440ab51b4eb2f55fdc864b1c9) Importer(2089858483,b0f066a214c2f5e87bad3c948f4d605d)
Start importing Packages/com.unity.probuilder/Editor Default Resources/Icons/Tools/ShapeTool/Arch@2x.png using Guid(883681e440ab51b4eb2f55fdc864b1c9) Importer(2089858483,b0f066a214c2f5e87bad3c948f4d605d) (ScriptedImporter) -> (artifact id: '1cd860f5f939903414b73c16903eaa3f') in 0.0285117 seconds
Number of updated asset objects reloaded before import = 0Number of asset objects unloaded after import = 1

========================================================================
Received Import Request.
  Time since last request: 0.000050 seconds.
  path: Packages/com.unity.probuilder/Editor Default Resources/Icons/Tools/ShapeTool/Cylinder.png
  artifactKey: Guid(9fa686fb5b7cb7848984241b0b21cc3d) Importer(2089858483,b0f066a214c2f5e87bad3c948f4d605d)
Start importing Packages/com.unity.probuilder/Editor Default Resources/Icons/Tools/ShapeTool/Cylinder.png using Guid(9fa686fb5b7cb7848984241b0b21cc3d) Importer(2089858483,b0f066a214c2f5e87bad3c948f4d605d) (ScriptedImporter) -> (artifact id: '1c3db78a8620c32ea3b36b7bc6e73f68') in 0.0295006 seconds
Number of updated asset objects reloaded before import = 0Number of asset objects unloaded after import = 1

========================================================================
Received Import Request.
  Time since last request: 0.000046 seconds.
  path: Packages/com.unity.probuilder/External/StlExporter/Code/pb_Stl_Importer.cs
  artifactKey: Guid(7dc1dc9c919fa434c915ad64201952dd) Importer(2089858483,b0f066a214c2f5e87bad3c948f4d605d)
Start importing Packages/com.unity.probuilder/External/StlExporter/Code/pb_Stl_Importer.cs using Guid(7dc1dc9c919fa434c915ad64201952dd) Importer(2089858483,b0f066a214c2f5e87bad3c948f4d605d) (ScriptedImporter) -> (artifact id: '97460b5326e7c2182c841edab30ed9ad') in 0.0172311 seconds
Number of updated asset objects reloaded before import = 0Number of asset objects unloaded after import = 0

========================================================================
Received Import Request.
  Time since last request: 0.000060 seconds.
  path: Packages/com.unity.probuilder/Editor Default Resources/Icons/EditableMesh/d_EditMeshContext.png
  artifactKey: Guid(4896d2a4b4406e0418f21f0662c02411) Importer(2089858483,b0f066a214c2f5e87bad3c948f4d605d)
Start importing Packages/com.unity.probuilder/Editor Default Resources/Icons/EditableMesh/d_EditMeshContext.png using Guid(4896d2a4b4406e0418f21f0662c02411) Importer(2089858483,b0f066a214c2f5e87bad3c948f4d605d) (ScriptedImporter) -> (artifact id: '0e3ff7ae2ee5ca7783c2ea6e000d1582') in 0.0313481 seconds
Number of updated asset objects reloaded before import = 0Number of asset objects unloaded after import = 1

========================================================================
Received Import Request.
  Time since last request: 0.000072 seconds.
  path: Packages/com.unity.probuilder/Editor Default Resources/Icons/Toolbar/Selection_SelectBySmoothingGroup.png
  artifactKey: Guid(fa01a49229ce6574792cd4fd4b75615d) Importer(2089858483,b0f066a214c2f5e87bad3c948f4d605d)
Start importing Packages/com.unity.probuilder/Editor Default Resources/Icons/Toolbar/Selection_SelectBySmoothingGroup.png using Guid(fa01a49229ce6574792cd4fd4b75615d) Importer(2089858483,b0f066a214c2f5e87bad3c948f4d605d) (ScriptedImporter) -> (artifact id: 'c96844fa408efae3305220f5ee51b8a5') in 0.0325098 seconds
Number of updated asset objects reloaded before import = 0Number of asset objects unloaded after import = 1

========================================================================
Received Import Request.
  Time since last request: 0.000038 seconds.
  path: Packages/com.unity.probuilder/Editor/EditorCore/MaterialEditor.cs
  artifactKey: Guid(9be09300178708d4aaa608eed9697f1c) Importer(2089858483,b0f066a214c2f5e87bad3c948f4d605d)
Start importing Packages/com.unity.probuilder/Editor/EditorCore/MaterialEditor.cs using Guid(9be09300178708d4aaa608eed9697f1c) Importer(2089858483,b0f066a214c2f5e87bad3c948f4d605d) (ScriptedImporter) -> (artifact id: '4fd4926306ad1c0c6e4a78d2e671a3b4') in 0.0180216 seconds
Number of updated asset objects reloaded before import = 0Number of asset objects unloaded after import = 0

========================================================================
Received Import Request.
  Time since last request: 0.000020 seconds.
  path: Packages/com.unity.probuilder/Editor Default Resources/Icons/Toolbar/Selection_Ring_Face.png
  artifactKey: Guid(cac1fca893e56468c9d18e0492d55653) Importer(2089858483,b0f066a214c2f5e87bad3c948f4d605d)
Start importing Packages/com.unity.probuilder/Editor Default Resources/Icons/Toolbar/Selection_Ring_Face.png using Guid(cac1fca893e56468c9d18e0492d55653) Importer(2089858483,b0f066a214c2f5e87bad3c948f4d605d) (ScriptedImporter) -> (artifact id: 'bb5cd223c077338787f8cb083e2295fa') in 0.0334879 seconds
Number of updated asset objects reloaded before import = 0Number of asset objects unloaded after import = 1

========================================================================
Received Import Request.
  Time since last request: 0.000024 seconds.
  path: Packages/com.unity.probuilder/Editor Default Resources/Icons/Toolbar/Edge_Bevel_Light@2x.png
  artifactKey: Guid(3819e00b51dea084ebe911b6a01a4402) Importer(2089858483,b0f066a214c2f5e87bad3c948f4d605d)
Start importing Packages/com.unity.probuilder/Editor Default Resources/Icons/Toolbar/Edge_Bevel_Light@2x.png using Guid(3819e00b51dea084ebe911b6a01a4402) Importer(2089858483,b0f066a214c2f5e87bad3c948f4d605d) (ScriptedImporter) -> (artifact id: '5637b4860961d22ae55910c3c6170c03') in 0.0330618 seconds
Number of updated asset objects reloaded before import = 0Number of asset objects unloaded after import = 1

========================================================================
Received Import Request.
  Time since last request: 0.000044 seconds.
  path: Packages/com.unity.probuilder/Content/Material/Textures/GridBox_NoDraw.png
  artifactKey: Guid(464ca14f3cfaf433582758afa13a9473) Importer(2089858483,b0f066a214c2f5e87bad3c948f4d605d)
Start importing Packages/com.unity.probuilder/Content/Material/Textures/GridBox_NoDraw.png using Guid(464ca14f3cfaf433582758afa13a9473) Importer(2089858483,b0f066a214c2f5e87bad3c948f4d605d) (ScriptedImporter) -> (artifact id: '2675a4ffa8170df4f6dae6685d418c66') in 0.0266351 seconds
Number of updated asset objects reloaded before import = 0Number of asset objects unloaded after import = 1

========================================================================
Received Import Request.
  Time since last request: 0.000020 seconds.
  path: Packages/com.unity.probuilder/Editor Default Resources/Icons/Toolbar/Object_Merge@2x.png
  artifactKey: Guid(de1828f7710cbe74897579eb1e8d9b06) Importer(2089858483,b0f066a214c2f5e87bad3c948f4d605d)
Start importing Packages/com.unity.probuilder/Editor Default Resources/Icons/Toolbar/Object_Merge@2x.png using Guid(de1828f7710cbe74897579eb1e8d9b06) Importer(2089858483,b0f066a214c2f5e87bad3c948f4d605d) (ScriptedImporter) -> (artifact id: 'f33034b7fc92e4d84366d08de4446616') in 0.0326846 seconds
Number of updated asset objects reloaded before import = 0Number of asset objects unloaded after import = 1

========================================================================
Received Import Request.
  Time since last request: 0.000028 seconds.
  path: Packages/com.unity.probuilder/External/Poly2Tri/P2T.cs
  artifactKey: Guid(09410b7978d32924c90d84fa25a07f4a) Importer(2089858483,b0f066a214c2f5e87bad3c948f4d605d)
Start importing Packages/com.unity.probuilder/External/Poly2Tri/P2T.cs using Guid(09410b7978d32924c90d84fa25a07f4a) Importer(2089858483,b0f066a214c2f5e87bad3c948f4d605d) (ScriptedImporter) -> (artifact id: 'c9a898e3b0b9e5f1b126509cb4759601') in 0.0157448 seconds
Number of updated asset objects reloaded before import = 0Number of asset objects unloaded after import = 0

========================================================================
Received Import Request.
  Time since last request: 0.000057 seconds.
  path: Packages/com.unity.probuilder/Editor Default Resources/Icons/Toolbar/Face_FlipNormals@2x.png
  artifactKey: Guid(57960c5dd4ceca44e9e5c628124fdb59) Importer(2089858483,b0f066a214c2f5e87bad3c948f4d605d)
Start importing Packages/com.unity.probuilder/Editor Default Resources/Icons/Toolbar/Face_FlipNormals@2x.png using Guid(57960c5dd4ceca44e9e5c628124fdb59) Importer(2089858483,b0f066a214c2f5e87bad3c948f4d605d) (ScriptedImporter) -> (artifact id: '13dda0469bfbb01be9ff5967a3e650a3') in 0.0335536 seconds
Number of updated asset objects reloaded before import = 0Number of asset objects unloaded after import = 1

========================================================================
Received Import Request.
  Time since last request: 0.000068 seconds.
  path: Packages/com.unity.probuilder/Editor Default Resources/Icons/Toolbar/OffsetElements_Light.png
  artifactKey: Guid(95ae12d1965e9de499e09739f96c0944) Importer(2089858483,b0f066a214c2f5e87bad3c948f4d605d)
Start importing Packages/com.unity.probuilder/Editor Default Resources/Icons/Toolbar/OffsetElements_Light.png using Guid(95ae12d1965e9de499e09739f96c0944) Importer(2089858483,b0f066a214c2f5e87bad3c948f4d605d) (ScriptedImporter) -> (artifact id: '44b335b0f9044bf17dbf51c75d1b10fb') in 0.0340561 seconds
Number of updated asset objects reloaded before import = 0Number of asset objects unloaded after import = 1

========================================================================
Received Import Request.
  Time since last request: 0.000041 seconds.
  path: Packages/com.unity.probuilder/Editor/EditorCore/MeshSelection.cs
  artifactKey: Guid(bec5fadb27a8bd249a3d1051e2e8f970) Importer(2089858483,b0f066a214c2f5e87bad3c948f4d605d)
Start importing Packages/com.unity.probuilder/Editor/EditorCore/MeshSelection.cs using Guid(bec5fadb27a8bd249a3d1051e2e8f970) Importer(2089858483,b0f066a214c2f5e87bad3c948f4d605d) (ScriptedImporter) -> (artifact id: 'ad9e1ea57e6637fa0cff1e92585fa0b3') in 0.013725 seconds
Number of updated asset objects reloaded before import = 0Number of asset objects unloaded after import = 0

========================================================================
Received Import Request.
  Time since last request: 0.000049 seconds.
  path: Packages/com.unity.probuilder/External/CSG
  artifactKey: Guid(90dea883dae444c3be7d7720ffcea2b9) Importer(2089858483,b0f066a214c2f5e87bad3c948f4d605d)
Start importing Packages/com.unity.probuilder/External/CSG using Guid(90dea883dae444c3be7d7720ffcea2b9) Importer(2089858483,b0f066a214c2f5e87bad3c948f4d605d) (ScriptedImporter) -> (artifact id: 'b0db1893bf722dd3916b2f3b20203c06') in 0.0152794 seconds
Number of updated asset objects reloaded before import = 0Number of asset objects unloaded after import = 1

========================================================================
Received Import Request.
  Time since last request: 0.000031 seconds.
  path: Packages/com.unity.probuilder/Runtime/Core/WingedEdgeEnumerator.cs
  artifactKey: Guid(c42a9b51604094d6bbfebd218854a539) Importer(2089858483,b0f066a214c2f5e87bad3c948f4d605d)
Start importing Packages/com.unity.probuilder/Runtime/Core/WingedEdgeEnumerator.cs using Guid(c42a9b51604094d6bbfebd218854a539) Importer(2089858483,b0f066a214c2f5e87bad3c948f4d605d) (ScriptedImporter) -> (artifact id: '8737b24e3d2ed88d3f356df5d177ca85') in 0.0157388 seconds
Number of updated asset objects reloaded before import = 0Number of asset objects unloaded after import = 0

========================================================================
Received Import Request.
  Time since last request: 0.000042 seconds.
  path: Packages/com.unity.probuilder/Editor Default Resources/Icons/Toolbar/Edge_Extrude.png
  artifactKey: Guid(17ca372dc70ce445795e5327fd14617d) Importer(2089858483,b0f066a214c2f5e87bad3c948f4d605d)
Start importing Packages/com.unity.probuilder/Editor Default Resources/Icons/Toolbar/Edge_Extrude.png using Guid(17ca372dc70ce445795e5327fd14617d) Importer(2089858483,b0f066a214c2f5e87bad3c948f4d605d) (ScriptedImporter) -> (artifact id: '13d280a9028cefc2427c6b2ec22a5fce') in 0.0314324 seconds
Number of updated asset objects reloaded before import = 0Number of asset objects unloaded after import = 1

========================================================================
Received Import Request.
  Time since last request: 0.000061 seconds.
  path: Packages/com.unity.probuilder/Editor Default Resources/Icons/Tools/ShapeTool/d_Pipe.png
  artifactKey: Guid(7bf996e695227ef46b77e3ad313890e5) Importer(2089858483,b0f066a214c2f5e87bad3c948f4d605d)
Start importing Packages/com.unity.probuilder/Editor Default Resources/Icons/Tools/ShapeTool/d_Pipe.png using Guid(7bf996e695227ef46b77e3ad313890e5) Importer(2089858483,b0f066a214c2f5e87bad3c948f4d605d) (ScriptedImporter) -> (artifact id: 'eb8d5ddfa0954c8990f8939d052ddc69') in 0.0350461 seconds
Number of updated asset objects reloaded before import = 0Number of asset objects unloaded after import = 1

========================================================================
Received Import Request.
  Time since last request: 0.000021 seconds.
  path: Packages/com.unity.probuilder/Runtime/Core/Bounds2D.cs
  artifactKey: Guid(2e8a07bcd05f44a0aa578517e042d91b) Importer(2089858483,b0f066a214c2f5e87bad3c948f4d605d)
Start importing Packages/com.unity.probuilder/Runtime/Core/Bounds2D.cs using Guid(2e8a07bcd05f44a0aa578517e042d91b) Importer(2089858483,b0f066a214c2f5e87bad3c948f4d605d) (ScriptedImporter) -> (artifact id: '87696410d0aa5a7481bacc6be7c1c7b4') in 0.016307 seconds
Number of updated asset objects reloaded before import = 0Number of asset objects unloaded after import = 0

========================================================================
Received Import Request.
  Time since last request: 0.000043 seconds.
  path: Packages/com.unity.probuilder/Runtime/Core/HandleUtility.cs
  artifactKey: Guid(3e8bafb60e2ac40ef92c924f855c65b3) Importer(2089858483,b0f066a214c2f5e87bad3c948f4d605d)
Start importing Packages/com.unity.probuilder/Runtime/Core/HandleUtility.cs using Guid(3e8bafb60e2ac40ef92c924f855c65b3) Importer(2089858483,b0f066a214c2f5e87bad3c948f4d605d) (ScriptedImporter) -> (artifact id: 'd229123ef55cc41325bb9673474a59f5') in 0.014176 seconds
Number of updated asset objects reloaded before import = 0Number of asset objects unloaded after import = 0

========================================================================
Received Import Request.
  Time since last request: 0.000040 seconds.
  path: Packages/com.unity.probuilder/Editor Default Resources/Icons/Toolbar/Pivot_CenterOnElements_Light.png
  artifactKey: Guid(f6f0f35fd25997e4cb337bad31d727b9) Importer(2089858483,b0f066a214c2f5e87bad3c948f4d605d)
Start importing Packages/com.unity.probuilder/Editor Default Resources/Icons/Toolbar/Pivot_CenterOnElements_Light.png using Guid(f6f0f35fd25997e4cb337bad31d727b9) Importer(2089858483,b0f066a214c2f5e87bad3c948f4d605d) (ScriptedImporter) -> (artifact id: 'b92529b7f2aaef02292e8c15db485b94') in 0.0327649 seconds
Number of updated asset objects reloaded before import = 0Number of asset objects unloaded after import = 1

========================================================================
Received Import Request.
  Time since last request: 0.000025 seconds.
  path: Packages/com.unity.probuilder/Runtime/MeshOperations/ExtrudeElements.cs
  artifactKey: Guid(caa73878d8fb64ec1b9ba323a2158672) Importer(2089858483,b0f066a214c2f5e87bad3c948f4d605d)
Start importing Packages/com.unity.probuilder/Runtime/MeshOperations/ExtrudeElements.cs using Guid(caa73878d8fb64ec1b9ba323a2158672) Importer(2089858483,b0f066a214c2f5e87bad3c948f4d605d) (ScriptedImporter) -> (artifact id: '7e945a9cc38b3f83a12c9be491d3c39e') in 0.0140168 seconds
Number of updated asset objects reloaded before import = 0Number of asset objects unloaded after import = 0

========================================================================
Received Import Request.
  Time since last request: 0.000046 seconds.
  path: Packages/com.unity.probuilder/Editor Default Resources/Icons/Toolbar/d_CreatePolyShape@2x.png
  artifactKey: Guid(4bdbd36c7cd54604b9735b48bb2e315f) Importer(2089858483,b0f066a214c2f5e87bad3c948f4d605d)
Start importing Packages/com.unity.probuilder/Editor Default Resources/Icons/Toolbar/d_CreatePolyShape@2x.png using Guid(4bdbd36c7cd54604b9735b48bb2e315f) Importer(2089858483,b0f066a214c2f5e87bad3c948f4d605d) (ScriptedImporter) -> (artifact id: '42d42169ae8dd3899176553b1dc8d2d4') in 0.029171 seconds
Number of updated asset objects reloaded before import = 0Number of asset objects unloaded after import = 1

========================================================================
Received Import Request.
  Time since last request: 0.000032 seconds.
  path: Packages/com.unity.probuilder/Runtime/Shapes/Door.cs
  artifactKey: Guid(945d633938915ec42a2e6da38708d8b3) Importer(2089858483,b0f066a214c2f5e87bad3c948f4d605d)
Start importing Packages/com.unity.probuilder/Runtime/Shapes/Door.cs using Guid(945d633938915ec42a2e6da38708d8b3) Importer(2089858483,b0f066a214c2f5e87bad3c948f4d605d) (ScriptedImporter) -> (artifact id: '940b2fe64bdadfa33442afad5aea636c') in 0.0129532 seconds
Number of updated asset objects reloaded before import = 0Number of asset objects unloaded after import = 0

========================================================================
Received Import Request.
  Time since last request: 0.000083 seconds.
  path: Packages/com.unity.probuilder/Editor Default Resources/Icons/EditableMesh/d_EditableMesh.png
  artifactKey: Guid(554ec42bef6520444a25f7e2d3c26878) Importer(2089858483,b0f066a214c2f5e87bad3c948f4d605d)
Start importing Packages/com.unity.probuilder/Editor Default Resources/Icons/EditableMesh/d_EditableMesh.png using Guid(554ec42bef6520444a25f7e2d3c26878) Importer(2089858483,b0f066a214c2f5e87bad3c948f4d605d) (ScriptedImporter) -> (artifact id: '5cf53a98c35b061f0ec46a2bae4694fd') in 0.0319343 seconds
Number of updated asset objects reloaded before import = 0Number of asset objects unloaded after import = 1

========================================================================
Received Import Request.
  Time since last request: 0.000036 seconds.
  path: Packages/com.unity.probuilder/Editor Default Resources/Icons/Toolbar/Face_Triangulate_Light.png
  artifactKey: Guid(0e0121d53f5a8fa4e9049a4779cfb1ab) Importer(2089858483,b0f066a214c2f5e87bad3c948f4d605d)
Start importing Packages/com.unity.probuilder/Editor Default Resources/Icons/Toolbar/Face_Triangulate_Light.png using Guid(0e0121d53f5a8fa4e9049a4779cfb1ab) Importer(2089858483,b0f066a214c2f5e87bad3c948f4d605d) (ScriptedImporter) -> (artifact id: '44a0b42a9460754f0e333921efc483a8') in 0.0290841 seconds
Number of updated asset objects reloaded before import = 0Number of asset objects unloaded after import = 1

========================================================================
Received Import Request.
  Time since last request: 0.000037 seconds.
  path: Packages/com.unity.probuilder/Editor Default Resources/Icons/Toolbar/Edge_FillHole_Light@2x.png
  artifactKey: Guid(e03f659b26f73224097563222d918d2c) Importer(2089858483,b0f066a214c2f5e87bad3c948f4d605d)
Start importing Packages/com.unity.probuilder/Editor Default Resources/Icons/Toolbar/Edge_FillHole_Light@2x.png using Guid(e03f659b26f73224097563222d918d2c) Importer(2089858483,b0f066a214c2f5e87bad3c948f4d605d) (ScriptedImporter) -> (artifact id: '9abcd30c3af0c3d2adfff7aa3fc0d207') in 0.0269046 seconds
Number of updated asset objects reloaded before import = 0Number of asset objects unloaded after import = 1

========================================================================
Received Import Request.
  Time since last request: 0.000037 seconds.
  path: Packages/com.unity.probuilder/Editor Default Resources/Icons/Modes/d_Mode_Vertex@2x.png
  artifactKey: Guid(d3bb50fc7456dfe489b6f6684882338c) Importer(2089858483,b0f066a214c2f5e87bad3c948f4d605d)
Start importing Packages/com.unity.probuilder/Editor Default Resources/Icons/Modes/d_Mode_Vertex@2x.png using Guid(d3bb50fc7456dfe489b6f6684882338c) Importer(2089858483,b0f066a214c2f5e87bad3c948f4d605d) (ScriptedImporter) -> (artifact id: '70c3319d0506f9bfa0cc344b3b3b0461') in 0.0294662 seconds
Number of updated asset objects reloaded before import = 0Number of asset objects unloaded after import = 1

========================================================================
Received Import Request.
  Time since last request: 0.000054 seconds.
  path: Packages/com.unity.probuilder/Editor Default Resources/Icons/Toolbar/Edge_FillHole.png
  artifactKey: Guid(8af90ff5f51264541a5c2a2b24b3d0bf) Importer(2089858483,b0f066a214c2f5e87bad3c948f4d605d)
Start importing Packages/com.unity.probuilder/Editor Default Resources/Icons/Toolbar/Edge_FillHole.png using Guid(8af90ff5f51264541a5c2a2b24b3d0bf) Importer(2089858483,b0f066a214c2f5e87bad3c948f4d605d) (ScriptedImporter) -> (artifact id: '992e311108967138da6ff6c2586a19fe') in 0.0349797 seconds
Number of updated asset objects reloaded before import = 0Number of asset objects unloaded after import = 1

========================================================================
Received Import Request.
  Time since last request: 0.000025 seconds.
  path: Packages/com.unity.probuilder/Runtime/Shapes/Prism.cs
  artifactKey: Guid(90d02d4062a613d43bc5e9309ec8ae8f) Importer(2089858483,b0f066a214c2f5e87bad3c948f4d605d)
Start importing Packages/com.unity.probuilder/Runtime/Shapes/Prism.cs using Guid(90d02d4062a613d43bc5e9309ec8ae8f) Importer(2089858483,b0f066a214c2f5e87bad3c948f4d605d) (ScriptedImporter) -> (artifact id: 'e41c96f6e254f139c2e4c059216c83cd') in 0.0168328 seconds
Number of updated asset objects reloaded before import = 0Number of asset objects unloaded after import = 0

========================================================================
Received Import Request.
  Time since last request: 0.000024 seconds.
  path: Packages/com.unity.probuilder/Editor/EditorCore/EntityVisibility.cs
  artifactKey: Guid(171bb48d73467244c9487173c12e2c46) Importer(2089858483,b0f066a214c2f5e87bad3c948f4d605d)
Start importing Packages/com.unity.probuilder/Editor/EditorCore/EntityVisibility.cs using Guid(171bb48d73467244c9487173c12e2c46) Importer(2089858483,b0f066a214c2f5e87bad3c948f4d605d) (ScriptedImporter) -> (artifact id: '765c8a0da7820821ac170eb9b8c74b73') in 0.0129655 seconds
Number of updated asset objects reloaded before import = 0Number of asset objects unloaded after import = 0

========================================================================
Received Import Request.
  Time since last request: 0.000038 seconds.
  path: Packages/com.unity.probuilder/Editor Default Resources/Icons/Toolbar/Selection_SelectHole@2x.png
  artifactKey: Guid(89a5cd5eaf00bf541b3fe16e4b88c146) Importer(2089858483,b0f066a214c2f5e87bad3c948f4d605d)
Start importing Packages/com.unity.probuilder/Editor Default Resources/Icons/Toolbar/Selection_SelectHole@2x.png using Guid(89a5cd5eaf00bf541b3fe16e4b88c146) Importer(2089858483,b0f066a214c2f5e87bad3c948f4d605d) (ScriptedImporter) -> (artifact id: '7af65f4e6546260a28c79ea451ac8ee7') in 0.028971 seconds
Number of updated asset objects reloaded before import = 0Number of asset objects unloaded after import = 1

========================================================================
Received Import Request.
  Time since last request: 0.000038 seconds.
  path: Packages/com.unity.probuilder/Editor Default Resources/Icons/Toolbar/Eye_Off_Light.png
  artifactKey: Guid(cccc6eb3fc17b4849a884fe8daff10cc) Importer(2089858483,b0f066a214c2f5e87bad3c948f4d605d)
Start importing Packages/com.unity.probuilder/Editor Default Resources/Icons/Toolbar/Eye_Off_Light.png using Guid(cccc6eb3fc17b4849a884fe8daff10cc) Importer(2089858483,b0f066a214c2f5e87bad3c948f4d605d) (ScriptedImporter) -> (artifact id: 'd91d541cb153efc17a6eb137ff967308') in 0.0342315 seconds
Number of updated asset objects reloaded before import = 0Number of asset objects unloaded after import = 1

========================================================================
Received Import Request.
  Time since last request: 0.000029 seconds.
  path: Packages/com.unity.probuilder/Editor Default Resources/Icons/Tools/ShapeTool/on/Stair@2x.png
  artifactKey: Guid(d672df2ef6f6d8941988529120f24d5e) Importer(2089858483,b0f066a214c2f5e87bad3c948f4d605d)
Start importing Packages/com.unity.probuilder/Editor Default Resources/Icons/Tools/ShapeTool/on/Stair@2x.png using Guid(d672df2ef6f6d8941988529120f24d5e) Importer(2089858483,b0f066a214c2f5e87bad3c948f4d605d) (ScriptedImporter) -> (artifact id: 'dfa82f964c965dc083b228df9c984628') in 0.0296891 seconds
Number of updated asset objects reloaded before import = 0Number of asset objects unloaded after import = 1

========================================================================
Received Import Request.
  Time since last request: 0.000048 seconds.
  path: Packages/com.unity.probuilder/Editor Default Resources/Icons/Toolbar/Selection_SelectBySmoothingGroup@2x.png
  artifactKey: Guid(a86a569023f7a7b47b96da833630f7ff) Importer(2089858483,b0f066a214c2f5e87bad3c948f4d605d)
Start importing Packages/com.unity.probuilder/Editor Default Resources/Icons/Toolbar/Selection_SelectBySmoothingGroup@2x.png using Guid(a86a569023f7a7b47b96da833630f7ff) Importer(2089858483,b0f066a214c2f5e87bad3c948f4d605d) (ScriptedImporter) -> (artifact id: '26d41a45d380982d43f1c06e67b12485') in 0.0272377 seconds
Number of updated asset objects reloaded before import = 0Number of asset objects unloaded after import = 1

========================================================================
Received Import Request.
  Time since last request: 0.000024 seconds.
  path: Packages/com.unity.probuilder/Editor Default Resources/Icons/Toolbar/Face_Subdivide_Light@2x.png
  artifactKey: Guid(cbb2b226c5fbd994c89bdeaa11d80de8) Importer(2089858483,b0f066a214c2f5e87bad3c948f4d605d)
Start importing Packages/com.unity.probuilder/Editor Default Resources/Icons/Toolbar/Face_Subdivide_Light@2x.png using Guid(cbb2b226c5fbd994c89bdeaa11d80de8) Importer(2089858483,b0f066a214c2f5e87bad3c948f4d605d) (ScriptedImporter) -> (artifact id: '6c9d2ad0afec17ddef0d11812ae38eae') in 0.0259264 seconds
Number of updated asset objects reloaded before import = 0Number of asset objects unloaded after import = 1

========================================================================
Received Import Request.
  Time since last request: 0.000044 seconds.
  path: Packages/com.unity.probuilder/External/Poly2Tri/Polygon
  artifactKey: Guid(53da0e7aea43ea649a18555f801ee05e) Importer(2089858483,b0f066a214c2f5e87bad3c948f4d605d)
Start importing Packages/com.unity.probuilder/External/Poly2Tri/Polygon using Guid(53da0e7aea43ea649a18555f801ee05e) Importer(2089858483,b0f066a214c2f5e87bad3c948f4d605d) (ScriptedImporter) -> (artifact id: '57307adb0ba8faff7aa578b5dfa3ae71') in 0.0161852 seconds
Number of updated asset objects reloaded before import = 0Number of asset objects unloaded after import = 1

========================================================================
Received Import Request.
  Time since last request: 0.000075 seconds.
  path: Packages/com.unity.probuilder/Editor Default Resources/Icons/Toolbar/Selection_ShiftSubtract_Light@2x.png
  artifactKey: Guid(b02b77e0d928ad6418741e4a3e8532b2) Importer(2089858483,b0f066a214c2f5e87bad3c948f4d605d)
Start importing Packages/com.unity.probuilder/Editor Default Resources/Icons/Toolbar/Selection_ShiftSubtract_Light@2x.png using Guid(b02b77e0d928ad6418741e4a3e8532b2) Importer(2089858483,b0f066a214c2f5e87bad3c948f4d605d) (ScriptedImporter) -> (artifact id: '887fb9c25994fd964a8306979fabc63c') in 0.0401942 seconds
Number of updated asset objects reloaded before import = 0Number of asset objects unloaded after import = 1

========================================================================
Received Import Request.
  Time since last request: 0.000020 seconds.
  path: Packages/com.unity.probuilder/Editor Default Resources/Icons/Tools/ShapeTool/d_Cone@2x.png
  artifactKey: Guid(a9f7cfa92f92706438588856ddafc70b) Importer(2089858483,b0f066a214c2f5e87bad3c948f4d605d)
Start importing Packages/com.unity.probuilder/Editor Default Resources/Icons/Tools/ShapeTool/d_Cone@2x.png using Guid(a9f7cfa92f92706438588856ddafc70b) Importer(2089858483,b0f066a214c2f5e87bad3c948f4d605d) (ScriptedImporter) -> (artifact id: 'df70d3feef85f9bc2491d1de6481e229') in 0.0347693 seconds
Number of updated asset objects reloaded before import = 0Number of asset objects unloaded after import = 1

========================================================================
Received Import Request.
  Time since last request: 0.000039 seconds.
  path: Packages/com.unity.probuilder/External/Poly2Tri/Polygon/PolygonSet.cs
  artifactKey: Guid(3a73369e033539a42ae8067a8fa967c0) Importer(2089858483,b0f066a214c2f5e87bad3c948f4d605d)
Start importing Packages/com.unity.probuilder/External/Poly2Tri/Polygon/PolygonSet.cs using Guid(3a73369e033539a42ae8067a8fa967c0) Importer(2089858483,b0f066a214c2f5e87bad3c948f4d605d) (ScriptedImporter) -> (artifact id: 'd86461293e9233fd4e91458ced277827') in 0.016524 seconds
Number of updated asset objects reloaded before import = 0Number of asset objects unloaded after import = 0

========================================================================
Received Import Request.
  Time since last request: 0.000042 seconds.
  path: Packages/com.unity.probuilder/Editor Default Resources/Icons/Toolbar/d_Selection_SelectBySmoothingGroup.png
  artifactKey: Guid(eb21164897b574d6b8a0c05c9d672652) Importer(2089858483,b0f066a214c2f5e87bad3c948f4d605d)
Start importing Packages/com.unity.probuilder/Editor Default Resources/Icons/Toolbar/d_Selection_SelectBySmoothingGroup.png using Guid(eb21164897b574d6b8a0c05c9d672652) Importer(2089858483,b0f066a214c2f5e87bad3c948f4d605d) (ScriptedImporter) -> (artifact id: '73b7e9e7ed6d08f3e498512e3538f176') in 0.0275543 seconds
Number of updated asset objects reloaded before import = 0Number of asset objects unloaded after import = 1

========================================================================
Received Import Request.
  Time since last request: 0.000048 seconds.
  path: Packages/com.unity.probuilder/Editor Default Resources/Icons/Toolbar/Panel_Smoothing_Light.png
  artifactKey: Guid(cc62400beaaaca041820d3770b3ad87e) Importer(2089858483,b0f066a214c2f5e87bad3c948f4d605d)
Start importing Packages/com.unity.probuilder/Editor Default Resources/Icons/Toolbar/Panel_Smoothing_Light.png using Guid(cc62400beaaaca041820d3770b3ad87e) Importer(2089858483,b0f066a214c2f5e87bad3c948f4d605d) (ScriptedImporter) -> (artifact id: '95592a89958f39678fccefd6f5d82f6e') in 0.0289882 seconds
Number of updated asset objects reloaded before import = 0Number of asset objects unloaded after import = 1

========================================================================
Received Import Request.
  Time since last request: 0.000021 seconds.
  path: Packages/com.unity.probuilder/Editor Default Resources/Icons/Tools/ShapeTool/on/Pipe.png
  artifactKey: Guid(6c914ba40421c2d48a8c0d7ae477be8a) Importer(2089858483,b0f066a214c2f5e87bad3c948f4d605d)
Start importing Packages/com.unity.probuilder/Editor Default Resources/Icons/Tools/ShapeTool/on/Pipe.png using Guid(6c914ba40421c2d48a8c0d7ae477be8a) Importer(2089858483,b0f066a214c2f5e87bad3c948f4d605d) (ScriptedImporter) -> (artifact id: '6f7e3ee28f51df5b5dad9e838a7d4288') in 0.0321917 seconds
Number of updated asset objects reloaded before import = 0Number of asset objects unloaded after import = 1

========================================================================
Received Import Request.
  Time since last request: 0.000056 seconds.
  path: Packages/com.unity.probuilder/Runtime/Core/ColorUtility.cs
  artifactKey: Guid(98bb5d899143343ec8ccadebc268824c) Importer(2089858483,b0f066a214c2f5e87bad3c948f4d605d)
Start importing Packages/com.unity.probuilder/Runtime/Core/ColorUtility.cs using Guid(98bb5d899143343ec8ccadebc268824c) Importer(2089858483,b0f066a214c2f5e87bad3c948f4d605d) (ScriptedImporter) -> (artifact id: '909f5c70363107e2212a2a7a67aab3fc') in 0.0148318 seconds
Number of updated asset objects reloaded before import = 0Number of asset objects unloaded after import = 0

========================================================================
Received Import Request.
  Time since last request: 0.000066 seconds.
  path: Packages/com.unity.probuilder/Content/Resources
  artifactKey: Guid(681e2a77546fa4aeea345b40dae7de04) Importer(2089858483,b0f066a214c2f5e87bad3c948f4d605d)
Start importing Packages/com.unity.probuilder/Content/Resources using Guid(681e2a77546fa4aeea345b40dae7de04) Importer(2089858483,b0f066a214c2f5e87bad3c948f4d605d) (ScriptedImporter) -> (artifact id: '8f59b31ce1e0572158dc160028a1982c') in 0.0140487 seconds
Number of updated asset objects reloaded before import = 0Number of asset objects unloaded after import = 1

========================================================================
Received Import Request.
  Time since last request: 0.000036 seconds.
  path: Packages/com.unity.probuilder/Editor Default Resources/Icons/Cursors/cutCursor-add.png
  artifactKey: Guid(1b6d4baf0e317ea49b9fa6520067f80a) Importer(2089858483,b0f066a214c2f5e87bad3c948f4d605d)
Start importing Packages/com.unity.probuilder/Editor Default Resources/Icons/Cursors/cutCursor-add.png using Guid(1b6d4baf0e317ea49b9fa6520067f80a) Importer(2089858483,b0f066a214c2f5e87bad3c948f4d605d) (ScriptedImporter) -> (artifact id: '16af2ff8e57808fd8fcab00f06a9edcb') in 0.0275414 seconds
Number of updated asset objects reloaded before import = 0Number of asset objects unloaded after import = 1

========================================================================
Received Import Request.
  Time since last request: 0.000021 seconds.
  path: Packages/com.unity.probuilder/Editor Default Resources/Icons/Tools/ShapeTool/d_Plane.png
  artifactKey: Guid(1c5b74f98e6f09b44b0e980230e9e592) Importer(2089858483,b0f066a214c2f5e87bad3c948f4d605d)
Start importing Packages/com.unity.probuilder/Editor Default Resources/Icons/Tools/ShapeTool/d_Plane.png using Guid(1c5b74f98e6f09b44b0e980230e9e592) Importer(2089858483,b0f066a214c2f5e87bad3c948f4d605d) (ScriptedImporter) -> (artifact id: 'e6617bb0d76e5a03ac3c0eb38b72cb3c') in 0.0343793 seconds
Number of updated asset objects reloaded before import = 0Number of asset objects unloaded after import = 1

========================================================================
Received Import Request.
  Time since last request: 0.000052 seconds.
  path: Packages/com.unity.probuilder/Editor Default Resources/Icons/Toolbar/Face_Detach@2x.png
  artifactKey: Guid(98cafedc3608873429055e19be174f2d) Importer(2089858483,b0f066a214c2f5e87bad3c948f4d605d)
Start importing Packages/com.unity.probuilder/Editor Default Resources/Icons/Toolbar/Face_Detach@2x.png using Guid(98cafedc3608873429055e19be174f2d) Importer(2089858483,b0f066a214c2f5e87bad3c948f4d605d) (ScriptedImporter) -> (artifact id: 'f4bd73787edd297374ac95d84a3d2360') in 0.0251808 seconds
Number of updated asset objects reloaded before import = 0Number of asset objects unloaded after import = 1

========================================================================
Received Import Request.
  Time since last request: 0.000082 seconds.
  path: Packages/com.unity.probuilder/External/Poly2Tri
  artifactKey: Guid(49b84cc0fd35240458328f98dd8b6d1a) Importer(2089858483,b0f066a214c2f5e87bad3c948f4d605d)
Start importing Packages/com.unity.probuilder/External/Poly2Tri using Guid(49b84cc0fd35240458328f98dd8b6d1a) Importer(2089858483,b0f066a214c2f5e87bad3c948f4d605d) (ScriptedImporter) -> (artifact id: 'fa62858e4942497d18bd9ee0d92d1e4c') in 0.0147474 seconds
Number of updated asset objects reloaded before import = 0Number of asset objects unloaded after import = 1

========================================================================
Received Import Request.
  Time since last request: 0.000048 seconds.
  path: Packages/com.unity.probuilder/Editor Default Resources/Icons/Toolbar/Panel_Materials.png
  artifactKey: Guid(130b88294a9d04f8198229adfbce3c2c) Importer(2089858483,b0f066a214c2f5e87bad3c948f4d605d)
Start importing Packages/com.unity.probuilder/Editor Default Resources/Icons/Toolbar/Panel_Materials.png using Guid(130b88294a9d04f8198229adfbce3c2c) Importer(2089858483,b0f066a214c2f5e87bad3c948f4d605d) (ScriptedImporter) -> (artifact id: '5dbbb346cab971ac21cf15161c209c30') in 0.0294408 seconds
Number of updated asset objects reloaded before import = 0Number of asset objects unloaded after import = 1

========================================================================
Received Import Request.
  Time since last request: 0.000054 seconds.
  path: Packages/com.unity.probuilder/Content/Shader/DiffuseVertexColor.shader
  artifactKey: Guid(911130a939bf84843bcc4211c327f579) Importer(2089858483,b0f066a214c2f5e87bad3c948f4d605d)
Start importing Packages/com.unity.probuilder/Content/Shader/DiffuseVertexColor.shader using Guid(911130a939bf84843bcc4211c327f579) Importer(2089858483,b0f066a214c2f5e87bad3c948f4d605d) (ScriptedImporter) -> (artifact id: '756bece317dc121a46c0ddb51b8a8524') in 0.0214923 seconds
Number of updated asset objects reloaded before import = 0Number of asset objects unloaded after import = 1

========================================================================
Received Import Request.
  Time since last request: 0.000055 seconds.
  path: Packages/com.unity.probuilder/Editor Default Resources/Icons/UVEditor/d_camera-64x64.png
  artifactKey: Guid(90f8fdd975ce6b74f9ff13d9672b45eb) Importer(2089858483,b0f066a214c2f5e87bad3c948f4d605d)
Start importing Packages/com.unity.probuilder/Editor Default Resources/Icons/UVEditor/d_camera-64x64.png using Guid(90f8fdd975ce6b74f9ff13d9672b45eb) Importer(2089858483,b0f066a214c2f5e87bad3c948f4d605d) (ScriptedImporter) -> (artifact id: '8dd6e43c7cad05b4dbed1c2af9424cc2') in 0.0290998 seconds
Number of updated asset objects reloaded before import = 0Number of asset objects unloaded after import = 1

========================================================================
Received Import Request.
  Time since last request: 0.000079 seconds.
  path: Packages/com.unity.probuilder/External/Poly2Tri/Triangulation/Delaunay
  artifactKey: Guid(d880a3d3b580e384db43a01ff5d06326) Importer(2089858483,b0f066a214c2f5e87bad3c948f4d605d)
Start importing Packages/com.unity.probuilder/External/Poly2Tri/Triangulation/Delaunay using Guid(d880a3d3b580e384db43a01ff5d06326) Importer(2089858483,b0f066a214c2f5e87bad3c948f4d605d) (ScriptedImporter) -> (artifact id: '67e612cd29b7d62184733c31db04bc81') in 0.0139449 seconds
Number of updated asset objects reloaded before import = 0Number of asset objects unloaded after import = 1

========================================================================
Received Import Request.
  Time since last request: 0.000019 seconds.
  path: Packages/com.unity.probuilder/Editor Default Resources/Icons/Toolbar/Object_GenerateUV2_Light@2x.png
  artifactKey: Guid(e00ee37df8fd7be43b4638b34e35f0ad) Importer(2089858483,b0f066a214c2f5e87bad3c948f4d605d)
Start importing Packages/com.unity.probuilder/Editor Default Resources/Icons/Toolbar/Object_GenerateUV2_Light@2x.png using Guid(e00ee37df8fd7be43b4638b34e35f0ad) Importer(2089858483,b0f066a214c2f5e87bad3c948f4d605d) (ScriptedImporter) -> (artifact id: 'd0ad5f45912c6ca4cfd525f29150ef9f') in 0.0357498 seconds
Number of updated asset objects reloaded before import = 0Number of asset objects unloaded after import = 1

========================================================================
Received Import Request.
  Time since last request: 0.000025 seconds.
  path: Packages/com.unity.probuilder/Editor Default Resources/Icons/Toolbar/Object_Triangulate_Light.png
  artifactKey: Guid(49601b2d7db47564587228dceb500f19) Importer(2089858483,b0f066a214c2f5e87bad3c948f4d605d)
Start importing Packages/com.unity.probuilder/Editor Default Resources/Icons/Toolbar/Object_Triangulate_Light.png using Guid(49601b2d7db47564587228dceb500f19) Importer(2089858483,b0f066a214c2f5e87bad3c948f4d605d) (ScriptedImporter) -> (artifact id: 'cd3b07147f7c39bb99ee4064df61c5ea') in 0.0316952 seconds
Number of updated asset objects reloaded before import = 0Number of asset objects unloaded after import = 1

========================================================================
Received Import Request.
  Time since last request: 0.000057 seconds.
  path: Packages/com.unity.probuilder/Runtime/MeshOperations/VertexEditing.cs
  artifactKey: Guid(59e0185ce9cbd4517a2762cb16e1f690) Importer(2089858483,b0f066a214c2f5e87bad3c948f4d605d)
Start importing Packages/com.unity.probuilder/Runtime/MeshOperations/VertexEditing.cs using Guid(59e0185ce9cbd4517a2762cb16e1f690) Importer(2089858483,b0f066a214c2f5e87bad3c948f4d605d) (ScriptedImporter) -> (artifact id: '79c2260944d809f4fcb90e19b882f228') in 0.0182497 seconds
Number of updated asset objects reloaded before import = 0Number of asset objects unloaded after import = 0

========================================================================
Received Import Request.
  Time since last request: 0.000089 seconds.
  path: Packages/com.unity.probuilder/Editor/MenuActions/Geometry/CollapseVertices.cs
  artifactKey: Guid(4d1e3d0e26dcfcb438a45fbbf9f23e92) Importer(2089858483,b0f066a214c2f5e87bad3c948f4d605d)
Start importing Packages/com.unity.probuilder/Editor/MenuActions/Geometry/CollapseVertices.cs using Guid(4d1e3d0e26dcfcb438a45fbbf9f23e92) Importer(2089858483,b0f066a214c2f5e87bad3c948f4d605d) (ScriptedImporter) -> (artifact id: '55b39b71fb56d66f4db775ba41d26c1a') in 0.0159223 seconds
Number of updated asset objects reloaded before import = 0Number of asset objects unloaded after import = 0

========================================================================
Received Import Request.
  Time since last request: 0.000026 seconds.
  path: Packages/com.unity.probuilder/Editor Default Resources/Icons/Toolbar/Object_ProBuilderize_Light.png
  artifactKey: Guid(4b0ba9a815dc164428dede04e0325b87) Importer(2089858483,b0f066a214c2f5e87bad3c948f4d605d)
Start importing Packages/com.unity.probuilder/Editor Default Resources/Icons/Toolbar/Object_ProBuilderize_Light.png using Guid(4b0ba9a815dc164428dede04e0325b87) Importer(2089858483,b0f066a214c2f5e87bad3c948f4d605d) (ScriptedImporter) -> (artifact id: 'ee575c38de5876d80c674d024f14bd0a') in 0.0338565 seconds
Number of updated asset objects reloaded before import = 0Number of asset objects unloaded after import = 1

========================================================================
Received Import Request.
  Time since last request: 0.000043 seconds.
  path: Packages/com.unity.probuilder/Editor/MenuActions/Geometry/ConformFaceNormals.cs
  artifactKey: Guid(1fdc9faa599347a3b697e785ac4719b3) Importer(2089858483,b0f066a214c2f5e87bad3c948f4d605d)
Start importing Packages/com.unity.probuilder/Editor/MenuActions/Geometry/ConformFaceNormals.cs using Guid(1fdc9faa599347a3b697e785ac4719b3) Importer(2089858483,b0f066a214c2f5e87bad3c948f4d605d) (ScriptedImporter) -> (artifact id: '0e5d64ecbaf0e90c0c3d66bee7545375') in 0.0141523 seconds
Number of updated asset objects reloaded before import = 0Number of asset objects unloaded after import = 0

========================================================================
Received Import Request.
  Time since last request: 0.000029 seconds.
  path: Packages/com.unity.probuilder/Editor Default Resources/Icons/Toolbar/Face_Delete_Light.png
  artifactKey: Guid(fb5b824b0c22d5247b2d1e0f2a1895b8) Importer(2089858483,b0f066a214c2f5e87bad3c948f4d605d)
Start importing Packages/com.unity.probuilder/Editor Default Resources/Icons/Toolbar/Face_Delete_Light.png using Guid(fb5b824b0c22d5247b2d1e0f2a1895b8) Importer(2089858483,b0f066a214c2f5e87bad3c948f4d605d) (ScriptedImporter) -> (artifact id: '45e1daf524d362ea7bfde0c1cb79ef2b') in 0.0316547 seconds
Number of updated asset objects reloaded before import = 0Number of asset objects unloaded after import = 1

========================================================================
Received Import Request.
  Time since last request: 0.000073 seconds.
  path: Packages/com.unity.probuilder/Editor/MenuActions/Editors/OpenLightmapUVEditor.cs
  artifactKey: Guid(c851f089cbc73c141be8cc62b5dc057a) Importer(2089858483,b0f066a214c2f5e87bad3c948f4d605d)
Start importing Packages/com.unity.probuilder/Editor/MenuActions/Editors/OpenLightmapUVEditor.cs using Guid(c851f089cbc73c141be8cc62b5dc057a) Importer(2089858483,b0f066a214c2f5e87bad3c948f4d605d) (ScriptedImporter) -> (artifact id: '5537a106ce7e3df3ff3feefeccce561a') in 0.0153007 seconds
Number of updated asset objects reloaded before import = 0Number of asset objects unloaded after import = 0

========================================================================
Received Import Request.
  Time since last request: 0.000049 seconds.
  path: Packages/com.unity.probuilder/Content/Resources/com.unity.probuilder/Materials/FacePicker.mat
  artifactKey: Guid(5695904020f064fdab5ad265b274a616) Importer(2089858483,b0f066a214c2f5e87bad3c948f4d605d)
Start importing Packages/com.unity.probuilder/Content/Resources/com.unity.probuilder/Materials/FacePicker.mat using Guid(5695904020f064fdab5ad265b274a616) Importer(2089858483,b0f066a214c2f5e87bad3c948f4d605d) (ScriptedImporter) -> (artifact id: '52420ea6267b7b99802d2feb4c2ef962') in 0.0196482 seconds
Number of updated asset objects reloaded before import = 0Number of asset objects unloaded after import = 2

========================================================================
Received Import Request.
  Time since last request: 0.000022 seconds.
  path: Packages/com.unity.probuilder/Editor/MenuActions/Export/ExportPly.cs
  artifactKey: Guid(ac7a7f49f26f45b29857e71b0d156fff) Importer(2089858483,b0f066a214c2f5e87bad3c948f4d605d)
Start importing Packages/com.unity.probuilder/Editor/MenuActions/Export/ExportPly.cs using Guid(ac7a7f49f26f45b29857e71b0d156fff) Importer(2089858483,b0f066a214c2f5e87bad3c948f4d605d) (ScriptedImporter) -> (artifact id: 'd41ef5f7138ca502a8fe99c954abe06b') in 0.021244 seconds
Number of updated asset objects reloaded before import = 0Number of asset objects unloaded after import = 0

========================================================================
Received Import Request.
  Time since last request: 0.000033 seconds.
  path: Packages/com.unity.probuilder/Editor Default Resources/Icons/Toolbar/Object_GenerateUV2_Light.png
  artifactKey: Guid(ba1122b66d593d848ba5361a0438b39d) Importer(2089858483,b0f066a214c2f5e87bad3c948f4d605d)
Start importing Packages/com.unity.probuilder/Editor Default Resources/Icons/Toolbar/Object_GenerateUV2_Light.png using Guid(ba1122b66d593d848ba5361a0438b39d) Importer(2089858483,b0f066a214c2f5e87bad3c948f4d605d) (ScriptedImporter) -> (artifact id: 'ebc35c4cc739d4dae319e205bcc6e997') in 0.0297323 seconds
Number of updated asset objects reloaded before import = 0Number of asset objects unloaded after import = 1

========================================================================
Received Import Request.
  Time since last request: 0.000052 seconds.
  path: Packages/com.unity.probuilder/Editor/EditorCore/StripProBuilderScripts.cs
  artifactKey: Guid(0c114c138e13b8248ae37c8cf12c6979) Importer(2089858483,b0f066a214c2f5e87bad3c948f4d605d)
Start importing Packages/com.unity.probuilder/Editor/EditorCore/StripProBuilderScripts.cs using Guid(0c114c138e13b8248ae37c8cf12c6979) Importer(2089858483,b0f066a214c2f5e87bad3c948f4d605d) (ScriptedImporter) -> (artifact id: '21243f906eaabb332a743f4e0d1cfe76') in 0.0148136 seconds
Number of updated asset objects reloaded before import = 0Number of asset objects unloaded after import = 0

========================================================================
Received Import Request.
  Time since last request: 0.000046 seconds.
  path: Packages/com.unity.probuilder/Editor/MenuActions/Object/TriangulateObject.cs
  artifactKey: Guid(b3983d7c6b954ee69e23e75009a8b81d) Importer(2089858483,b0f066a214c2f5e87bad3c948f4d605d)
Start importing Packages/com.unity.probuilder/Editor/MenuActions/Object/TriangulateObject.cs using Guid(b3983d7c6b954ee69e23e75009a8b81d) Importer(2089858483,b0f066a214c2f5e87bad3c948f4d605d) (ScriptedImporter) -> (artifact id: '79277ec6448e26caf0f76b1148acd569') in 0.0146147 seconds
Number of updated asset objects reloaded before import = 0Number of asset objects unloaded after import = 0

========================================================================
Received Import Request.
  Time since last request: 0.000055 seconds.
  path: Packages/com.unity.settings-manager/Editor/SettingsDictionary.cs
  artifactKey: Guid(67c0fca06520e4f78923163f9541ba6c) Importer(2089858483,b0f066a214c2f5e87bad3c948f4d605d)
Start importing Packages/com.unity.settings-manager/Editor/SettingsDictionary.cs using Guid(67c0fca06520e4f78923163f9541ba6c) Importer(2089858483,b0f066a214c2f5e87bad3c948f4d605d) (ScriptedImporter) -> (artifact id: '4dddae28994c779ce8fc3aac66610b3b') in 0.0141703 seconds
Number of updated asset objects reloaded before import = 0Number of asset objects unloaded after import = 0

========================================================================
Received Import Request.
  Time since last request: 0.000042 seconds.
  path: Packages/com.unity.probuilder/Editor Default Resources/Icons/Tools/ShapeTool/Stairs.png
  artifactKey: Guid(e4b05266707f99b40a50fd3e83973928) Importer(2089858483,b0f066a214c2f5e87bad3c948f4d605d)
Start importing Packages/com.unity.probuilder/Editor Default Resources/Icons/Tools/ShapeTool/Stairs.png using Guid(e4b05266707f99b40a50fd3e83973928) Importer(2089858483,b0f066a214c2f5e87bad3c948f4d605d) (ScriptedImporter) -> (artifact id: '3eb475b9fca3580fff3fe17e3dc95e58') in 0.0257467 seconds
Number of updated asset objects reloaded before import = 0Number of asset objects unloaded after import = 1

========================================================================
Received Import Request.
  Time since last request: 0.000053 seconds.
  path: Packages/com.unity.probuilder/Content/Shader/TransparentOverlay.shader
  artifactKey: Guid(25b8a80cb03994c769145599929a5e97) Importer(2089858483,b0f066a214c2f5e87bad3c948f4d605d)
Start importing Packages/com.unity.probuilder/Content/Shader/TransparentOverlay.shader using Guid(25b8a80cb03994c769145599929a5e97) Importer(2089858483,b0f066a214c2f5e87bad3c948f4d605d) (ScriptedImporter) -> (artifact id: '4239dcd1cf86b66b710e9c2fe4adf069') in 0.0168032 seconds
Number of updated asset objects reloaded before import = 0Number of asset objects unloaded after import = 1

========================================================================
Received Import Request.
  Time since last request: 0.000025 seconds.
  path: Packages/com.unity.probuilder/Editor Default Resources/Icons/Toolbar/Selection_SelectHidden-ON_Light@2x.png
  artifactKey: Guid(ac091222bdef89149b2529330f1f7912) Importer(2089858483,b0f066a214c2f5e87bad3c948f4d605d)
Start importing Packages/com.unity.probuilder/Editor Default Resources/Icons/Toolbar/Selection_SelectHidden-ON_Light@2x.png using Guid(ac091222bdef89149b2529330f1f7912) Importer(2089858483,b0f066a214c2f5e87bad3c948f4d605d) (ScriptedImporter) -> (artifact id: '658a7543565c228dcd61a09c8fc2fcb7') in 0.0321534 seconds
Number of updated asset objects reloaded before import = 0Number of asset objects unloaded after import = 1

========================================================================
Received Import Request.
  Time since last request: 0.000039 seconds.
  path: Packages/com.unity.probuilder/Runtime/MeshOperations/SurfaceTopology.cs
  artifactKey: Guid(214db8084d63e06499f41c215a8547a4) Importer(2089858483,b0f066a214c2f5e87bad3c948f4d605d)
Start importing Packages/com.unity.probuilder/Runtime/MeshOperations/SurfaceTopology.cs using Guid(214db8084d63e06499f41c215a8547a4) Importer(2089858483,b0f066a214c2f5e87bad3c948f4d605d) (ScriptedImporter) -> (artifact id: '59a6c06fc07dba4f31592ba24b7b67fe') in 0.0165615 seconds
Number of updated asset objects reloaded before import = 0Number of asset objects unloaded after import = 0

========================================================================
Received Import Request.
  Time since last request: 0.000023 seconds.
  path: Packages/com.unity.probuilder/AssetIdRemapUtility/Editor/AssetIdRemapEditor.cs
  artifactKey: Guid(2fa4bbd1a7ccee24783998770d56522e) Importer(2089858483,b0f066a214c2f5e87bad3c948f4d605d)
Start importing Packages/com.unity.probuilder/AssetIdRemapUtility/Editor/AssetIdRemapEditor.cs using Guid(2fa4bbd1a7ccee24783998770d56522e) Importer(2089858483,b0f066a214c2f5e87bad3c948f4d605d) (ScriptedImporter) -> (artifact id: '6970baf07d170601f85b35af219e3f94') in 0.0209341 seconds
Number of updated asset objects reloaded before import = 0Number of asset objects unloaded after import = 0

========================================================================
Received Import Request.
  Time since last request: 0.000044 seconds.
  path: Packages/com.unity.probuilder/Editor Default Resources/Icons/Toolbar/Vert_Collapse.png
  artifactKey: Guid(c2f688b65182d524fa11dcfd771c3d80) Importer(2089858483,b0f066a214c2f5e87bad3c948f4d605d)
Start importing Packages/com.unity.probuilder/Editor Default Resources/Icons/Toolbar/Vert_Collapse.png using Guid(c2f688b65182d524fa11dcfd771c3d80) Importer(2089858483,b0f066a214c2f5e87bad3c948f4d605d) (ScriptedImporter) -> (artifact id: '2b851a2fbde8f7d7cdac7f0d72b0f74c') in 0.0382849 seconds
Number of updated asset objects reloaded before import = 0Number of asset objects unloaded after import = 1

========================================================================
Received Import Request.
  Time since last request: 0.000019 seconds.
  path: Packages/com.unity.probuilder/Editor Default Resources/Icons/Toolbar/Edge_Bevel@2x.png
  artifactKey: Guid(4db1069c5f540224a9299c9476d18ec2) Importer(2089858483,b0f066a214c2f5e87bad3c948f4d605d)
Start importing Packages/com.unity.probuilder/Editor Default Resources/Icons/Toolbar/Edge_Bevel@2x.png using Guid(4db1069c5f540224a9299c9476d18ec2) Importer(2089858483,b0f066a214c2f5e87bad3c948f4d605d) (ScriptedImporter) -> (artifact id: '7d5bbe2bd13925f36bc73413c80fd936') in 0.0417759 seconds
Number of updated asset objects reloaded before import = 0Number of asset objects unloaded after import = 1

========================================================================
Received Import Request.
  Time since last request: 0.000024 seconds.
  path: Packages/com.unity.probuilder/Editor/MenuActions/Geometry/SplitVertices.cs
  artifactKey: Guid(c339ea7067e6fcd459cb4eac2f0dafb1) Importer(2089858483,b0f066a214c2f5e87bad3c948f4d605d)
Start importing Packages/com.unity.probuilder/Editor/MenuActions/Geometry/SplitVertices.cs using Guid(c339ea7067e6fcd459cb4eac2f0dafb1) Importer(2089858483,b0f066a214c2f5e87bad3c948f4d605d) (ScriptedImporter) -> (artifact id: '97296f9c0ba804b2aaba5a2a9bab1ee8') in 0.0220992 seconds
Number of updated asset objects reloaded before import = 0Number of asset objects unloaded after import = 0

========================================================================
Received Import Request.
  Time since last request: 0.000039 seconds.
  path: Packages/com.unity.probuilder/Content/Material/Textures
  artifactKey: Guid(4f6e01a3849934e69a960a5b6a0ec949) Importer(2089858483,b0f066a214c2f5e87bad3c948f4d605d)
Start importing Packages/com.unity.probuilder/Content/Material/Textures using Guid(4f6e01a3849934e69a960a5b6a0ec949) Importer(2089858483,b0f066a214c2f5e87bad3c948f4d605d) (ScriptedImporter) -> (artifact id: '00acad40051ae9bd8ae9541679b9219b') in 0.0185473 seconds
Number of updated asset objects reloaded before import = 0Number of asset objects unloaded after import = 1

========================================================================
Received Import Request.
  Time since last request: 0.000022 seconds.
  path: Packages/com.unity.probuilder/Editor Default Resources/Icons/Modes
  artifactKey: Guid(4b466ba17cf244f07869a81321a5b21f) Importer(2089858483,b0f066a214c2f5e87bad3c948f4d605d)
Start importing Packages/com.unity.probuilder/Editor Default Resources/Icons/Modes using Guid(4b466ba17cf244f07869a81321a5b21f) Importer(2089858483,b0f066a214c2f5e87bad3c948f4d605d) (ScriptedImporter) -> (artifact id: 'b1fa98e765d1d9b9a59de5a6d0e08d3b') in 0.0173951 seconds
Number of updated asset objects reloaded before import = 0Number of asset objects unloaded after import = 1

========================================================================
Received Import Request.
  Time since last request: 0.000044 seconds.
  path: Packages/com.unity.probuilder/Content/Shader/FaceHighlight.shader
  artifactKey: Guid(6f37d9e45fbae41b386f76d3bfefec4a) Importer(2089858483,b0f066a214c2f5e87bad3c948f4d605d)
Start importing Packages/com.unity.probuilder/Content/Shader/FaceHighlight.shader using Guid(6f37d9e45fbae41b386f76d3bfefec4a) Importer(2089858483,b0f066a214c2f5e87bad3c948f4d605d) (ScriptedImporter) -> (artifact id: '3937b07e6e37f565d18b81c2925031df') in 0.014738 seconds
Number of updated asset objects reloaded before import = 0Number of asset objects unloaded after import = 1

========================================================================
Received Import Request.
  Time since last request: 0.000043 seconds.
  path: Packages/com.unity.probuilder/Runtime/Core/ProBuilderMesh.cs
  artifactKey: Guid(8233d90336aea43098adf6dbabd606a2) Importer(2089858483,b0f066a214c2f5e87bad3c948f4d605d)
Start importing Packages/com.unity.probuilder/Runtime/Core/ProBuilderMesh.cs using Guid(8233d90336aea43098adf6dbabd606a2) Importer(2089858483,b0f066a214c2f5e87bad3c948f4d605d) (ScriptedImporter) -> (artifact id: '60b26250d3559ee5743b3791f0acf38a') in 0.0152264 seconds
Number of updated asset objects reloaded before import = 0Number of asset objects unloaded after import = 1

========================================================================
Received Import Request.
  Time since last request: 0.000090 seconds.
  path: Packages/com.unity.settings-manager
  artifactKey: Guid(e5399d0c8a4c39ad88315355abddd91c) Importer(2089858483,b0f066a214c2f5e87bad3c948f4d605d)
Start importing Packages/com.unity.settings-manager using Guid(e5399d0c8a4c39ad88315355abddd91c) Importer(2089858483,b0f066a214c2f5e87bad3c948f4d605d) (ScriptedImporter) -> (artifact id: '273580f4a04805e83142d0934572d1c0') in 0.0158126 seconds
Number of updated asset objects reloaded before import = 0Number of asset objects unloaded after import = 1

========================================================================
Received Import Request.
  Time since last request: 0.000042 seconds.
  path: Packages/com.unity.probuilder/Runtime/Core/RaycastHit.cs
  artifactKey: Guid(77656e4f6ab6544caa81cbd3e5784e03) Importer(2089858483,b0f066a214c2f5e87bad3c948f4d605d)
Start importing Packages/com.unity.probuilder/Runtime/Core/RaycastHit.cs using Guid(77656e4f6ab6544caa81cbd3e5784e03) Importer(2089858483,b0f066a214c2f5e87bad3c948f4d605d) (ScriptedImporter) -> (artifact id: '8bfbb948dbd250262b0734023b76d618') in 0.0153788 seconds
Number of updated asset objects reloaded before import = 0Number of asset objects unloaded after import = 0

========================================================================
Received Import Request.
  Time since last request: 0.000030 seconds.
  path: Packages/com.unity.probuilder/Runtime/Core/Clipping.cs
  artifactKey: Guid(5c72c2f0fd523463292dc6eeb1fd7ab0) Importer(2089858483,b0f066a214c2f5e87bad3c948f4d605d)
Start importing Packages/com.unity.probuilder/Runtime/Core/Clipping.cs using Guid(5c72c2f0fd523463292dc6eeb1fd7ab0) Importer(2089858483,b0f066a214c2f5e87bad3c948f4d605d) (ScriptedImporter) -> (artifact id: '048f952e8b5e6beeb66867e1d8789c3e') in 0.0128475 seconds
Number of updated asset objects reloaded before import = 0Number of asset objects unloaded after import = 0

========================================================================
Received Import Request.
  Time since last request: 0.000038 seconds.
  path: Packages/com.unity.probuilder/Editor Default Resources/Icons/Toolbar/d_DragSelect_On.png
  artifactKey: Guid(2fcbb249046eb6042ad2072dc9c7e0b8) Importer(2089858483,b0f066a214c2f5e87bad3c948f4d605d)
Start importing Packages/com.unity.probuilder/Editor Default Resources/Icons/Toolbar/d_DragSelect_On.png using Guid(2fcbb249046eb6042ad2072dc9c7e0b8) Importer(2089858483,b0f066a214c2f5e87bad3c948f4d605d) (ScriptedImporter) -> (artifact id: 'a4e91a4b986cfda8807e1a9d343cce5f') in 0.0319729 seconds
Number of updated asset objects reloaded before import = 0Number of asset objects unloaded after import = 1

========================================================================
Received Import Request.
  Time since last request: 0.000067 seconds.
  path: Packages/com.unity.probuilder/Editor Default Resources/Icons/Toolbar/CreatePolyShape.png
  artifactKey: Guid(76b7d64620e1ffe408e6c656b3661a97) Importer(2089858483,b0f066a214c2f5e87bad3c948f4d605d)
Start importing Packages/com.unity.probuilder/Editor Default Resources/Icons/Toolbar/CreatePolyShape.png using Guid(76b7d64620e1ffe408e6c656b3661a97) Importer(2089858483,b0f066a214c2f5e87bad3c948f4d605d) (ScriptedImporter) -> (artifact id: '3b91c318294c7c33a27063cb6e5c6708') in 0.0337657 seconds
Number of updated asset objects reloaded before import = 0Number of asset objects unloaded after import = 1

========================================================================
Received Import Request.
  Time since last request: 0.000050 seconds.
  path: Packages/com.unity.probuilder/Runtime/Core/PivotPoint.cs
  artifactKey: Guid(3abdb0569285bbf4389d38655d5a90a3) Importer(2089858483,b0f066a214c2f5e87bad3c948f4d605d)
Start importing Packages/com.unity.probuilder/Runtime/Core/PivotPoint.cs using Guid(3abdb0569285bbf4389d38655d5a90a3) Importer(2089858483,b0f066a214c2f5e87bad3c948f4d605d) (ScriptedImporter) -> (artifact id: 'fdbb5846e5af338b38300a353d21ab0a') in 0.0174314 seconds
Number of updated asset objects reloaded before import = 0Number of asset objects unloaded after import = 0

========================================================================
Received Import Request.
  Time since last request: 0.000042 seconds.
  path: Packages/com.unity.probuilder/Editor Default Resources/Icons/Toolbar/Selection_SelectHidden-ON.png
  artifactKey: Guid(8c4cd3ba213d5f9459b8ff8a13e09f82) Importer(2089858483,b0f066a214c2f5e87bad3c948f4d605d)
Start importing Packages/com.unity.probuilder/Editor Default Resources/Icons/Toolbar/Selection_SelectHidden-ON.png using Guid(8c4cd3ba213d5f9459b8ff8a13e09f82) Importer(2089858483,b0f066a214c2f5e87bad3c948f4d605d) (ScriptedImporter) -> (artifact id: 'b6d7e2041df24d684a470b209ce56f51') in 0.0259034 seconds
Number of updated asset objects reloaded before import = 0Number of asset objects unloaded after import = 1

========================================================================
Received Import Request.
  Time since last request: 0.000035 seconds.
  path: Packages/com.unity.probuilder/Editor/MenuActions/Object/GenerateUV2.cs
  artifactKey: Guid(752d48e9eaa76c54ba0ff161eff2a3f2) Importer(2089858483,b0f066a214c2f5e87bad3c948f4d605d)
Start importing Packages/com.unity.probuilder/Editor/MenuActions/Object/GenerateUV2.cs using Guid(752d48e9eaa76c54ba0ff161eff2a3f2) Importer(2089858483,b0f066a214c2f5e87bad3c948f4d605d) (ScriptedImporter) -> (artifact id: '1a42a85d87356cf36f3d83cea08f7410') in 0.0141762 seconds
Number of updated asset objects reloaded before import = 0Number of asset objects unloaded after import = 0

========================================================================
Received Import Request.
  Time since last request: 0.000065 seconds.
  path: Packages/com.unity.probuilder/Editor Default Resources/Icons/Toolbar/HandleAlign_World.png
  artifactKey: Guid(07353549ad6f54463b035ea6bcc87fc8) Importer(2089858483,b0f066a214c2f5e87bad3c948f4d605d)
Start importing Packages/com.unity.probuilder/Editor Default Resources/Icons/Toolbar/HandleAlign_World.png using Guid(07353549ad6f54463b035ea6bcc87fc8) Importer(2089858483,b0f066a214c2f5e87bad3c948f4d605d) (ScriptedImporter) -> (artifact id: 'a776be596b8afb8b893c6eedc16b7b8e') in 0.0321968 seconds
Number of updated asset objects reloaded before import = 0Number of asset objects unloaded after import = 1

========================================================================
Received Import Request.
  Time since last request: 0.000050 seconds.
  path: Packages/com.unity.probuilder/Editor Default Resources/Icons/Toolbar/Object_GenerateUV2@2x.png
  artifactKey: Guid(1c27905c9fc599c43b527c5428b9daef) Importer(2089858483,b0f066a214c2f5e87bad3c948f4d605d)
Start importing Packages/com.unity.probuilder/Editor Default Resources/Icons/Toolbar/Object_GenerateUV2@2x.png using Guid(1c27905c9fc599c43b527c5428b9daef) Importer(2089858483,b0f066a214c2f5e87bad3c948f4d605d) (ScriptedImporter) -> (artifact id: '11341edc1b44699974ee01ad2a94b3ac') in 0.0285893 seconds
Number of updated asset objects reloaded before import = 0Number of asset objects unloaded after import = 1

========================================================================
Received Import Request.
  Time since last request: 0.000044 seconds.
  path: Packages/com.unity.probuilder/Editor/EditorCore/EditorToolbarLoader.cs
  artifactKey: Guid(ff8eab1edc549c8489031e8b952c1b56) Importer(2089858483,b0f066a214c2f5e87bad3c948f4d605d)
Start importing Packages/com.unity.probuilder/Editor/EditorCore/EditorToolbarLoader.cs using Guid(ff8eab1edc549c8489031e8b952c1b56) Importer(2089858483,b0f066a214c2f5e87bad3c948f4d605d) (ScriptedImporter) -> (artifact id: 'b05997368fc7682ab549408fa48fb95c') in 0.0141136 seconds
Number of updated asset objects reloaded before import = 0Number of asset objects unloaded after import = 0

========================================================================
Received Import Request.
  Time since last request: 0.000074 seconds.
  path: Packages/com.unity.probuilder/Runtime/Core/Spline.cs
  artifactKey: Guid(eba60849bb2104e85af3d2e25b022196) Importer(2089858483,b0f066a214c2f5e87bad3c948f4d605d)
Start importing Packages/com.unity.probuilder/Runtime/Core/Spline.cs using Guid(eba60849bb2104e85af3d2e25b022196) Importer(2089858483,b0f066a214c2f5e87bad3c948f4d605d) (ScriptedImporter) -> (artifact id: '0dd1c5af8898aa91b03043d57f3350b8') in 0.0133334 seconds
Number of updated asset objects reloaded before import = 0Number of asset objects unloaded after import = 0

========================================================================
Received Import Request.
  Time since last request: 0.000050 seconds.
  path: Packages/com.unity.settings-manager/Editor/ProjectUserSettings.cs
  artifactKey: Guid(30e7b5764902497297f0c9ca80bb179a) Importer(2089858483,b0f066a214c2f5e87bad3c948f4d605d)
Start importing Packages/com.unity.settings-manager/Editor/ProjectUserSettings.cs using Guid(30e7b5764902497297f0c9ca80bb179a) Importer(2089858483,b0f066a214c2f5e87bad3c948f4d605d) (ScriptedImporter) -> (artifact id: '36fe24df671d0d74db2eed22b9090820') in 0.0152198 seconds
Number of updated asset objects reloaded before import = 0Number of asset objects unloaded after import = 0

========================================================================
Received Import Request.
  Time since last request: 0.000053 seconds.
  path: Packages/com.unity.probuilder/Content/Material/Checker.mat
  artifactKey: Guid(4717b199010ca4cb3a8a7a465ec457d2) Importer(2089858483,b0f066a214c2f5e87bad3c948f4d605d)
Start importing Packages/com.unity.probuilder/Content/Material/Checker.mat using Guid(4717b199010ca4cb3a8a7a465ec457d2) Importer(2089858483,b0f066a214c2f5e87bad3c948f4d605d) (ScriptedImporter) -> (artifact id: '10a5bb85c3952ab0ace1984fe2c7d637') in 0.0262559 seconds
Number of updated asset objects reloaded before import = 0Number of asset objects unloaded after import = 1

========================================================================
Received Import Request.
  Time since last request: 0.000044 seconds.
  path: Packages/com.unity.probuilder/Editor Default Resources/Icons/Toolbar/CutTool.png
  artifactKey: Guid(f58cc0218030fd447b5f6b8be7ee8519) Importer(2089858483,b0f066a214c2f5e87bad3c948f4d605d)
Start importing Packages/com.unity.probuilder/Editor Default Resources/Icons/Toolbar/CutTool.png using Guid(f58cc0218030fd447b5f6b8be7ee8519) Importer(2089858483,b0f066a214c2f5e87bad3c948f4d605d) (ScriptedImporter) -> (artifact id: '53fa53d767ba1caf103c30743051b930') in 0.0302204 seconds
Number of updated asset objects reloaded before import = 0Number of asset objects unloaded after import = 1

========================================================================
Received Import Request.
  Time since last request: 0.000039 seconds.
  path: Packages/com.unity.probuilder/Editor Default Resources/Icons/Toolbar/CreatePolyShape@2x.png
  artifactKey: Guid(5f5e8ddd0727c4c43b8d7340194be517) Importer(2089858483,b0f066a214c2f5e87bad3c948f4d605d)
Start importing Packages/com.unity.probuilder/Editor Default Resources/Icons/Toolbar/CreatePolyShape@2x.png using Guid(5f5e8ddd0727c4c43b8d7340194be517) Importer(2089858483,b0f066a214c2f5e87bad3c948f4d605d) (ScriptedImporter) -> (artifact id: '897475d737479ffc89a4d3726c86d8fe') in 0.0331663 seconds
Number of updated asset objects reloaded before import = 0Number of asset objects unloaded after import = 1

========================================================================
Received Import Request.
  Time since last request: 0.000025 seconds.
  path: Packages/com.unity.probuilder/Editor Default Resources/Icons/Modes/Mode_Object@2x.png
  artifactKey: Guid(7ec50ad479ddc954e86348e5b760deda) Importer(2089858483,b0f066a214c2f5e87bad3c948f4d605d)
Start importing Packages/com.unity.probuilder/Editor Default Resources/Icons/Modes/Mode_Object@2x.png using Guid(7ec50ad479ddc954e86348e5b760deda) Importer(2089858483,b0f066a214c2f5e87bad3c948f4d605d) (ScriptedImporter) -> (artifact id: 'b947b3978a57a0d3139e6c37faa0291d') in 0.0354079 seconds
Number of updated asset objects reloaded before import = 0Number of asset objects unloaded after import = 1

========================================================================
Received Import Request.
  Time since last request: 0.000027 seconds.
  path: Packages/com.unity.probuilder/Editor/MenuActions/Geometry/DuplicateFaces.cs
  artifactKey: Guid(172d21c82259a0c428b3924edd908358) Importer(2089858483,b0f066a214c2f5e87bad3c948f4d605d)
Start importing Packages/com.unity.probuilder/Editor/MenuActions/Geometry/DuplicateFaces.cs using Guid(172d21c82259a0c428b3924edd908358) Importer(2089858483,b0f066a214c2f5e87bad3c948f4d605d) (ScriptedImporter) -> (artifact id: 'ba968e68f7054ab5ca9099d801998fed') in 0.0195935 seconds
Number of updated asset objects reloaded before import = 0Number of asset objects unloaded after import = 0

========================================================================
Received Import Request.
  Time since last request: 0.000022 seconds.
  path: Packages/com.unity.probuilder/Editor/EditorCore/EditorHandleDrawingScopes.cs
  artifactKey: Guid(50a4f82d9b25145fb91d03a7bef21d24) Importer(2089858483,b0f066a214c2f5e87bad3c948f4d605d)
Start importing Packages/com.unity.probuilder/Editor/EditorCore/EditorHandleDrawingScopes.cs using Guid(50a4f82d9b25145fb91d03a7bef21d24) Importer(2089858483,b0f066a214c2f5e87bad3c948f4d605d) (ScriptedImporter) -> (artifact id: '04938ff771708af3efe807710bac22ca') in 0.0163959 seconds
Number of updated asset objects reloaded before import = 0Number of asset objects unloaded after import = 0

========================================================================
Received Import Request.
  Time since last request: 0.000036 seconds.
  path: Packages/com.unity.probuilder/Editor Default Resources/Icons/Modes/Mode_Edge@2x.png
  artifactKey: Guid(ebfc53d04659c374ab1a2a808f472008) Importer(2089858483,b0f066a214c2f5e87bad3c948f4d605d)
Start importing Packages/com.unity.probuilder/Editor Default Resources/Icons/Modes/Mode_Edge@2x.png using Guid(ebfc53d04659c374ab1a2a808f472008) Importer(2089858483,b0f066a214c2f5e87bad3c948f4d605d) (ScriptedImporter) -> (artifact id: '84bd5c8ba3e869dc722e7047db1e2f91') in 0.0238657 seconds
Number of updated asset objects reloaded before import = 0Number of asset objects unloaded after import = 1

========================================================================
Received Import Request.
  Time since last request: 0.000047 seconds.
  path: Packages/com.unity.probuilder/Editor Default Resources/Icons/Toolbar/Selection_Shrink.png
  artifactKey: Guid(8cc38b3a75170440ca1a1cfa37837ed5) Importer(2089858483,b0f066a214c2f5e87bad3c948f4d605d)
Start importing Packages/com.unity.probuilder/Editor Default Resources/Icons/Toolbar/Selection_Shrink.png using Guid(8cc38b3a75170440ca1a1cfa37837ed5) Importer(2089858483,b0f066a214c2f5e87bad3c948f4d605d) (ScriptedImporter) -> (artifact id: '5a9f445d8fc6a62007481ecfedec23e5') in 0.0264362 seconds
Number of updated asset objects reloaded before import = 0Number of asset objects unloaded after import = 1

========================================================================
Received Import Request.
  Time since last request: 0.000055 seconds.
  path: Packages/com.unity.probuilder/External/CSG/Classes/VertexUtility.cs
  artifactKey: Guid(a629cb73b331b40449fd411043caf7d3) Importer(2089858483,b0f066a214c2f5e87bad3c948f4d605d)
Start importing Packages/com.unity.probuilder/External/CSG/Classes/VertexUtility.cs using Guid(a629cb73b331b40449fd411043caf7d3) Importer(2089858483,b0f066a214c2f5e87bad3c948f4d605d) (ScriptedImporter) -> (artifact id: '8b3a263e9035b47a3bffc88996ffcbd0') in 0.0152376 seconds
Number of updated asset objects reloaded before import = 0Number of asset objects unloaded after import = 0

========================================================================
Received Import Request.
  Time since last request: 0.000028 seconds.
  path: Packages/com.unity.probuilder/Editor Default Resources/Icons/Toolbar/Panel_UVEditor_Light@2x.png
  artifactKey: Guid(2070c6b54dba0214c929c89210f7f153) Importer(2089858483,b0f066a214c2f5e87bad3c948f4d605d)
Start importing Packages/com.unity.probuilder/Editor Default Resources/Icons/Toolbar/Panel_UVEditor_Light@2x.png using Guid(2070c6b54dba0214c929c89210f7f153) Importer(2089858483,b0f066a214c2f5e87bad3c948f4d605d) (ScriptedImporter) -> (artifact id: 'dfdcf5f39a3ae7874bd89374667db6d4') in 0.0352939 seconds
Number of updated asset objects reloaded before import = 0Number of asset objects unloaded after import = 1

========================================================================
Received Import Request.
  Time since last request: 0.000031 seconds.
  path: Packages/com.unity.probuilder/Editor/EditorCore/MenuToolToggle.cs
  artifactKey: Guid(75ee05acc67ed8445b569a5aab0f3cc8) Importer(2089858483,b0f066a214c2f5e87bad3c948f4d605d)
Start importing Packages/com.unity.probuilder/Editor/EditorCore/MenuToolToggle.cs using Guid(75ee05acc67ed8445b569a5aab0f3cc8) Importer(2089858483,b0f066a214c2f5e87bad3c948f4d605d) (ScriptedImporter) -> (artifact id: '114db18ae5b2a87963bcf95f3dfa122a') in 0.028648 seconds
Number of updated asset objects reloaded before import = 0Number of asset objects unloaded after import = 0

========================================================================
Received Import Request.
  Time since last request: 0.000028 seconds.
  path: Assets/!_Project/Prefabs/CosmoDron.prefab
  artifactKey: Guid(b2b545b5ca9f3fe48bb51f3bbcc7fd3f) Importer(2089858483,b0f066a214c2f5e87bad3c948f4d605d)
Start importing Assets/!_Project/Prefabs/CosmoDron.prefab using Guid(b2b545b5ca9f3fe48bb51f3bbcc7fd3f) Importer(2089858483,b0f066a214c2f5e87bad3c948f4d605d) (ScriptedImporter) -> (artifact id: 'cab0f831117a255afde4d1a052111e4b') in 0.0303716 seconds
Number of updated asset objects reloaded before import = 0Number of asset objects unloaded after import = 41

========================================================================
Received Import Request.
  Time since last request: 0.000052 seconds.
  path: Packages/com.unity.probuilder/Editor/MenuActions/Geometry/WeldVertices.cs
  artifactKey: Guid(a62bb434134faa6439b1998669525768) Importer(2089858483,b0f066a214c2f5e87bad3c948f4d605d)
Start importing Packages/com.unity.probuilder/Editor/MenuActions/Geometry/WeldVertices.cs using Guid(a62bb434134faa6439b1998669525768) Importer(2089858483,b0f066a214c2f5e87bad3c948f4d605d) (ScriptedImporter) -> (artifact id: '3fd81c2554a92457ffcb34a8fee97aaa') in 0.0163002 seconds
Number of updated asset objects reloaded before import = 0Number of asset objects unloaded after import = 0

========================================================================
Received Import Request.
  Time since last request: 0.000051 seconds.
  path: Packages/com.unity.probuilder/Editor Default Resources/Icons/Toolbar/Face_Extrude_Light@2x.png
  artifactKey: Guid(0cf49e18f570693479b5578f0e9e6d38) Importer(2089858483,b0f066a214c2f5e87bad3c948f4d605d)
Start importing Packages/com.unity.probuilder/Editor Default Resources/Icons/Toolbar/Face_Extrude_Light@2x.png using Guid(0cf49e18f570693479b5578f0e9e6d38) Importer(2089858483,b0f066a214c2f5e87bad3c948f4d605d) (ScriptedImporter) -> (artifact id: 'e1b151ffe6d8a2f123c60e0037ce2430') in 0.0257627 seconds
Number of updated asset objects reloaded before import = 0Number of asset objects unloaded after import = 1

========================================================================
Received Import Request.
  Time since last request: 0.000060 seconds.
  path: Packages/com.unity.probuilder/Editor/EditorCore/SceneDragAndDropListener.cs
  artifactKey: Guid(e72ef48ce83a1ef4c9757c374633ea12) Importer(2089858483,b0f066a214c2f5e87bad3c948f4d605d)
Start importing Packages/com.unity.probuilder/Editor/EditorCore/SceneDragAndDropListener.cs using Guid(e72ef48ce83a1ef4c9757c374633ea12) Importer(2089858483,b0f066a214c2f5e87bad3c948f4d605d) (ScriptedImporter) -> (artifact id: 'd1964534f401606229c8fcf60e673de1') in 0.018019 seconds
Number of updated asset objects reloaded before import = 0Number of asset objects unloaded after import = 0

========================================================================
Received Import Request.
  Time since last request: 0.000051 seconds.
  path: Packages/com.unity.probuilder/Editor Default Resources/Icons/Toolbar/Eye_On.png
  artifactKey: Guid(b6d07916b2876498ebc65ab5a16ed9c5) Importer(2089858483,b0f066a214c2f5e87bad3c948f4d605d)
Start importing Packages/com.unity.probuilder/Editor Default Resources/Icons/Toolbar/Eye_On.png using Guid(b6d07916b2876498ebc65ab5a16ed9c5) Importer(2089858483,b0f066a214c2f5e87bad3c948f4d605d) (ScriptedImporter) -> (artifact id: '153bd1bcf4548d8285a3247c9da5403c') in 0.0276162 seconds
Number of updated asset objects reloaded before import = 0Number of asset objects unloaded after import = 1

========================================================================
Received Import Request.
  Time since last request: 0.000023 seconds.
  path: Packages/com.unity.probuilder/Runtime/Core/SharedVertex.cs
  artifactKey: Guid(4ac8731d7c634e5489628370b54f476c) Importer(2089858483,b0f066a214c2f5e87bad3c948f4d605d)
Start importing Packages/com.unity.probuilder/Runtime/Core/SharedVertex.cs using Guid(4ac8731d7c634e5489628370b54f476c) Importer(2089858483,b0f066a214c2f5e87bad3c948f4d605d) (ScriptedImporter) -> (artifact id: '38194f7b999d22e8cfdf59f51d975719') in 0.0143711 seconds
Number of updated asset objects reloaded before import = 0Number of asset objects unloaded after import = 0

========================================================================
Received Import Request.
  Time since last request: 0.000055 seconds.
  path: Packages/com.unity.probuilder/Editor/MenuActions/Geometry/SetPivotToSelection.cs
  artifactKey: Guid(a6bc50937fe34666940ca23931be5344) Importer(2089858483,b0f066a214c2f5e87bad3c948f4d605d)
Start importing Packages/com.unity.probuilder/Editor/MenuActions/Geometry/SetPivotToSelection.cs using Guid(a6bc50937fe34666940ca23931be5344) Importer(2089858483,b0f066a214c2f5e87bad3c948f4d605d) (ScriptedImporter) -> (artifact id: 'be67c6fc60e6da4b98e648efdf53e9ec') in 0.0136237 seconds
Number of updated asset objects reloaded before import = 0Number of asset objects unloaded after import = 0

========================================================================
Received Import Request.
  Time since last request: 0.000052 seconds.
  path: Packages/com.unity.probuilder/Runtime/Core/TriggerBehaviour.cs
  artifactKey: Guid(4eb4b507ff52e40f58f68c2065e32636) Importer(2089858483,b0f066a214c2f5e87bad3c948f4d605d)
Start importing Packages/com.unity.probuilder/Runtime/Core/TriggerBehaviour.cs using Guid(4eb4b507ff52e40f58f68c2065e32636) Importer(2089858483,b0f066a214c2f5e87bad3c948f4d605d) (ScriptedImporter) -> (artifact id: 'da052f96c470fc4cff22d1fdff4a44e0') in 0.016258 seconds
Number of updated asset objects reloaded before import = 0Number of asset objects unloaded after import = 0

========================================================================
Received Import Request.
  Time since last request: 0.000023 seconds.
  path: Packages/com.unity.probuilder/External/Poly2Tri/Triangulation/TriangulationPoint.cs
  artifactKey: Guid(267c7f09b45427d4596b29d4c39055fa) Importer(2089858483,b0f066a214c2f5e87bad3c948f4d605d)
Start importing Packages/com.unity.probuilder/External/Poly2Tri/Triangulation/TriangulationPoint.cs using Guid(267c7f09b45427d4596b29d4c39055fa) Importer(2089858483,b0f066a214c2f5e87bad3c948f4d605d) (ScriptedImporter) -> (artifact id: 'abd7043ad3794507b03204895b443549') in 0.0205071 seconds
Number of updated asset objects reloaded before import = 0Number of asset objects unloaded after import = 0

========================================================================
Received Import Request.
  Time since last request: 0.000021 seconds.
  path: Packages/com.unity.probuilder/Editor Default Resources/Icons/Toolbar/Background/RoundedRect_Pressed.png
  artifactKey: Guid(cefb6a103e7404b398ec3189c6b085f8) Importer(2089858483,b0f066a214c2f5e87bad3c948f4d605d)
Start importing Packages/com.unity.probuilder/Editor Default Resources/Icons/Toolbar/Background/RoundedRect_Pressed.png using Guid(cefb6a103e7404b398ec3189c6b085f8) Importer(2089858483,b0f066a214c2f5e87bad3c948f4d605d) (ScriptedImporter) -> (artifact id: '0626da27a05cb46f38a50b1baaaf58ad') in 0.0342191 seconds
Number of updated asset objects reloaded before import = 0Number of asset objects unloaded after import = 1

========================================================================
Received Import Request.
  Time since last request: 0.000026 seconds.
  path: Packages/com.unity.probuilder/Runtime/Shapes/Stairs.cs
  artifactKey: Guid(9f685c26016f847298dc0af81e9322c3) Importer(2089858483,b0f066a214c2f5e87bad3c948f4d605d)
Start importing Packages/com.unity.probuilder/Runtime/Shapes/Stairs.cs using Guid(9f685c26016f847298dc0af81e9322c3) Importer(2089858483,b0f066a214c2f5e87bad3c948f4d605d) (ScriptedImporter) -> (artifact id: '986d2117cef5df7598a32746e7bd5855') in 0.0189762 seconds
Number of updated asset objects reloaded before import = 0Number of asset objects unloaded after import = 0

========================================================================
Received Import Request.
  Time since last request: 0.000070 seconds.
  path: Packages/com.unity.probuilder/Editor Default Resources/Icons/Toolbar/Background/RoundedRect_Pressed_Blue.png
  artifactKey: Guid(e09fae9db32a94f94873c17679666d12) Importer(2089858483,b0f066a214c2f5e87bad3c948f4d605d)
Start importing Packages/com.unity.probuilder/Editor Default Resources/Icons/Toolbar/Background/RoundedRect_Pressed_Blue.png using Guid(e09fae9db32a94f94873c17679666d12) Importer(2089858483,b0f066a214c2f5e87bad3c948f4d605d) (ScriptedImporter) -> (artifact id: '4437e931732a381240bacd17f04050f7') in 0.0263875 seconds
Number of updated asset objects reloaded before import = 0Number of asset objects unloaded after import = 1

========================================================================
Received Import Request.
  Time since last request: 0.000035 seconds.
  path: Packages/com.unity.probuilder/Editor Default Resources/Icons/Toolbar/d_CutTool@2x.png
  artifactKey: Guid(f30b8175991b2554c842a0df245dd928) Importer(2089858483,b0f066a214c2f5e87bad3c948f4d605d)
Start importing Packages/com.unity.probuilder/Editor Default Resources/Icons/Toolbar/d_CutTool@2x.png using Guid(f30b8175991b2554c842a0df245dd928) Importer(2089858483,b0f066a214c2f5e87bad3c948f4d605d) (ScriptedImporter) -> (artifact id: '9eb9291b7e84c5375879b5bc85a3de58') in 0.0361965 seconds
Number of updated asset objects reloaded before import = 0Number of asset objects unloaded after import = 1

========================================================================
Received Import Request.
  Time since last request: 0.000020 seconds.
  path: Packages/com.unity.probuilder/Editor Default Resources/Icons/Toolbar/Selection_Grow@2x.png
  artifactKey: Guid(d0520cc949528e7448192efd00173839) Importer(2089858483,b0f066a214c2f5e87bad3c948f4d605d)
Start importing Packages/com.unity.probuilder/Editor Default Resources/Icons/Toolbar/Selection_Grow@2x.png using Guid(d0520cc949528e7448192efd00173839) Importer(2089858483,b0f066a214c2f5e87bad3c948f4d605d) (ScriptedImporter) -> (artifact id: '408073430a6efba73508f92ced885bc1') in 0.0320008 seconds
Number of updated asset objects reloaded before import = 0Number of asset objects unloaded after import = 1

========================================================================
Received Import Request.
  Time since last request: 0.000023 seconds.
  path: Packages/com.unity.probuilder/Editor/EditorCore/MenuAction.cs
  artifactKey: Guid(9264fc220d4aaf645b44e788499db0db) Importer(2089858483,b0f066a214c2f5e87bad3c948f4d605d)
Start importing Packages/com.unity.probuilder/Editor/EditorCore/MenuAction.cs using Guid(9264fc220d4aaf645b44e788499db0db) Importer(2089858483,b0f066a214c2f5e87bad3c948f4d605d) (ScriptedImporter) -> (artifact id: '4041b4371ce45d8d6a81f6fc3b402f2c') in 0.0184473 seconds
Number of updated asset objects reloaded before import = 0Number of asset objects unloaded after import = 0

========================================================================
Received Import Request.
  Time since last request: 0.000036 seconds.
  path: Packages/com.unity.probuilder/Editor/MenuActions/Selection/GrowSelection.cs
  artifactKey: Guid(77b34bf9fb2a49f6a5d0d0117bcc4c46) Importer(2089858483,b0f066a214c2f5e87bad3c948f4d605d)
Start importing Packages/com.unity.probuilder/Editor/MenuActions/Selection/GrowSelection.cs using Guid(77b34bf9fb2a49f6a5d0d0117bcc4c46) Importer(2089858483,b0f066a214c2f5e87bad3c948f4d605d) (ScriptedImporter) -> (artifact id: '14755cbe0d06a01125c3d9948cb5f166') in 0.0151943 seconds
Number of updated asset objects reloaded before import = 0Number of asset objects unloaded after import = 0

========================================================================
Received Import Request.
  Time since last request: 0.000028 seconds.
  path: Packages/com.unity.probuilder/Runtime/Core/SelectionPickerSettings.cs
  artifactKey: Guid(a893ddeb6fc42463f9d81a87e03c8455) Importer(2089858483,b0f066a214c2f5e87bad3c948f4d605d)
Start importing Packages/com.unity.probuilder/Runtime/Core/SelectionPickerSettings.cs using Guid(a893ddeb6fc42463f9d81a87e03c8455) Importer(2089858483,b0f066a214c2f5e87bad3c948f4d605d) (ScriptedImporter) -> (artifact id: '22693114ddbbaa4b78a1a8fd4b5fa6f9') in 0.0166677 seconds
Number of updated asset objects reloaded before import = 0Number of asset objects unloaded after import = 0

========================================================================
Received Import Request.
  Time since last request: 0.000025 seconds.
  path: Packages/com.unity.probuilder/AssetIdRemapUtility/Editor/AssemblyInfo.cs
  artifactKey: Guid(a84ca2d947f34a09bd44bc592e22d49c) Importer(2089858483,b0f066a214c2f5e87bad3c948f4d605d)
Start importing Packages/com.unity.probuilder/AssetIdRemapUtility/Editor/AssemblyInfo.cs using Guid(a84ca2d947f34a09bd44bc592e22d49c) Importer(2089858483,b0f066a214c2f5e87bad3c948f4d605d) (ScriptedImporter) -> (artifact id: '3c647b92f290a4eae80f9e6548e3d1e7') in 0.013868 seconds
Number of updated asset objects reloaded before import = 0Number of asset objects unloaded after import = 0

========================================================================
Received Import Request.
  Time since last request: 0.000028 seconds.
  path: Packages/com.unity.probuilder/Editor Default Resources/Icons/Toolbar/Selection_SelectBySmoothingGroup_Light.png
  artifactKey: Guid(d5a87da6ffca0c74a9439e14d9a5badf) Importer(2089858483,b0f066a214c2f5e87bad3c948f4d605d)
Start importing Packages/com.unity.probuilder/Editor Default Resources/Icons/Toolbar/Selection_SelectBySmoothingGroup_Light.png using Guid(d5a87da6ffca0c74a9439e14d9a5badf) Importer(2089858483,b0f066a214c2f5e87bad3c948f4d605d) (ScriptedImporter) -> (artifact id: '2249e2c860df9e5417b30ca172e0b7f5') in 0.0305191 seconds
Number of updated asset objects reloaded before import = 0Number of asset objects unloaded after import = 1

========================================================================
Received Import Request.
  Time since last request: 0.000043 seconds.
  path: Packages/com.unity.probuilder/Editor Default Resources/Icons/Toolbar/DragSelect_On_Light.png
  artifactKey: Guid(57080be2c0fb905418e18b2523dd25b3) Importer(2089858483,b0f066a214c2f5e87bad3c948f4d605d)
Start importing Packages/com.unity.probuilder/Editor Default Resources/Icons/Toolbar/DragSelect_On_Light.png using Guid(57080be2c0fb905418e18b2523dd25b3) Importer(2089858483,b0f066a214c2f5e87bad3c948f4d605d) (ScriptedImporter) -> (artifact id: '960cc5117d343165d3c1cc48176b8df5') in 0.0276111 seconds
Number of updated asset objects reloaded before import = 0Number of asset objects unloaded after import = 1

========================================================================
Received Import Request.
  Time since last request: 0.000045 seconds.
  path: Packages/com.unity.probuilder/Editor/EditorCore/ConfigurableWindow.cs
  artifactKey: Guid(f3ab6033657acd04e93e395ba82570ef) Importer(2089858483,b0f066a214c2f5e87bad3c948f4d605d)
Start importing Packages/com.unity.probuilder/Editor/EditorCore/ConfigurableWindow.cs using Guid(f3ab6033657acd04e93e395ba82570ef) Importer(2089858483,b0f066a214c2f5e87bad3c948f4d605d) (ScriptedImporter) -> (artifact id: 'e4f8d0cc9165152986ce036e079f4724') in 0.0129068 seconds
Number of updated asset objects reloaded before import = 0Number of asset objects unloaded after import = 0

========================================================================
Received Import Request.
  Time since last request: 0.000026 seconds.
  path: Packages/com.unity.probuilder/Editor Default Resources/Icons/Tools/ShapeTool/d_Prism@2x.png
  artifactKey: Guid(4f5113172ae76bf41b6a545c149c0aca) Importer(2089858483,b0f066a214c2f5e87bad3c948f4d605d)
Start importing Packages/com.unity.probuilder/Editor Default Resources/Icons/Tools/ShapeTool/d_Prism@2x.png using Guid(4f5113172ae76bf41b6a545c149c0aca) Importer(2089858483,b0f066a214c2f5e87bad3c948f4d605d) (ScriptedImporter) -> (artifact id: 'f4c31ed968eeb8380194f81bb7c823d5') in 0.0270365 seconds
Number of updated asset objects reloaded before import = 0Number of asset objects unloaded after import = 1

========================================================================
Received Import Request.
  Time since last request: 0.000047 seconds.
  path: Packages/com.unity.probuilder/Editor Default Resources/Icons/Toolbar/Face_Delete@2x.png
  artifactKey: Guid(14483578b01598b42bd77a30434eb376) Importer(2089858483,b0f066a214c2f5e87bad3c948f4d605d)
Start importing Packages/com.unity.probuilder/Editor Default Resources/Icons/Toolbar/Face_Delete@2x.png using Guid(14483578b01598b42bd77a30434eb376) Importer(2089858483,b0f066a214c2f5e87bad3c948f4d605d) (ScriptedImporter) -> (artifact id: '518d6fb08b3f7ffa14b39cc342b1fc8e') in 0.0272226 seconds
Number of updated asset objects reloaded before import = 0Number of asset objects unloaded after import = 1

========================================================================
Received Import Request.
  Time since last request: 0.000097 seconds.
  path: Packages/com.unity.probuilder/Content/Shader/VertexShader.shader
  artifactKey: Guid(d6e5744ac426949ff8c0f02936689d4c) Importer(2089858483,b0f066a214c2f5e87bad3c948f4d605d)
Start importing Packages/com.unity.probuilder/Content/Shader/VertexShader.shader using Guid(d6e5744ac426949ff8c0f02936689d4c) Importer(2089858483,b0f066a214c2f5e87bad3c948f4d605d) (ScriptedImporter) -> (artifact id: 'd0e9777ab44f0f5a41f8fdbbbf471c57') in 0.0165355 seconds
Number of updated asset objects reloaded before import = 0Number of asset objects unloaded after import = 1

========================================================================
Received Import Request.
  Time since last request: 0.000057 seconds.
  path: Packages/com.unity.settings-manager/Editor/ISettingsRepository.cs
  artifactKey: Guid(8707cf6fb25b1438b9a0f476f93a76fe) Importer(2089858483,b0f066a214c2f5e87bad3c948f4d605d)
Start importing Packages/com.unity.settings-manager/Editor/ISettingsRepository.cs using Guid(8707cf6fb25b1438b9a0f476f93a76fe) Importer(2089858483,b0f066a214c2f5e87bad3c948f4d605d) (ScriptedImporter) -> (artifact id: 'dae0979e88b5946252c45fb6ff5a6e37') in 0.0122405 seconds
Number of updated asset objects reloaded before import = 0Number of asset objects unloaded after import = 0

========================================================================
Received Import Request.
  Time since last request: 0.000054 seconds.
  path: Packages/com.unity.probuilder/Editor/MenuActions/Export/ExportStlAscii.cs
  artifactKey: Guid(48b3897a5481441a8c9468e28fd54c53) Importer(2089858483,b0f066a214c2f5e87bad3c948f4d605d)
Start importing Packages/com.unity.probuilder/Editor/MenuActions/Export/ExportStlAscii.cs using Guid(48b3897a5481441a8c9468e28fd54c53) Importer(2089858483,b0f066a214c2f5e87bad3c948f4d605d) (ScriptedImporter) -> (artifact id: '24c93ccc2ad109423e2f9b56cb69758f') in 0.0139124 seconds
Number of updated asset objects reloaded before import = 0Number of asset objects unloaded after import = 0

========================================================================
Received Import Request.
  Time since last request: 0.000033 seconds.
  path: Packages/com.unity.probuilder/Editor/EditorCore/EntityUtility.cs
  artifactKey: Guid(4746bcae5f2c20c4db633d37d4a2901d) Importer(2089858483,b0f066a214c2f5e87bad3c948f4d605d)
Start importing Packages/com.unity.probuilder/Editor/EditorCore/EntityUtility.cs using Guid(4746bcae5f2c20c4db633d37d4a2901d) Importer(2089858483,b0f066a214c2f5e87bad3c948f4d605d) (ScriptedImporter) -> (artifact id: '803ad8f27f7a36cf6a022b4f00f08f0d') in 0.0133374 seconds
Number of updated asset objects reloaded before import = 0Number of asset objects unloaded after import = 0

========================================================================
Received Import Request.
  Time since last request: 0.000053 seconds.
  path: Packages/com.unity.probuilder/Editor Default Resources/Icons/Toolbar/DragSelect_On.png
  artifactKey: Guid(d1b9042d992dedd4e8b65adfb855aad2) Importer(2089858483,b0f066a214c2f5e87bad3c948f4d605d)
Start importing Packages/com.unity.probuilder/Editor Default Resources/Icons/Toolbar/DragSelect_On.png using Guid(d1b9042d992dedd4e8b65adfb855aad2) Importer(2089858483,b0f066a214c2f5e87bad3c948f4d605d) (ScriptedImporter) -> (artifact id: '963209f236f306e3286efd65b34be220') in 0.0350991 seconds
Number of updated asset objects reloaded before import = 0Number of asset objects unloaded after import = 1

========================================================================
Received Import Request.
  Time since last request: 0.000042 seconds.
  path: Packages/com.unity.probuilder/Editor Default Resources/Icons/Toolbar/Edge_Connect@2x.png
  artifactKey: Guid(7372e09909ab4244890a7d9f2025b5fd) Importer(2089858483,b0f066a214c2f5e87bad3c948f4d605d)
Start importing Packages/com.unity.probuilder/Editor Default Resources/Icons/Toolbar/Edge_Connect@2x.png using Guid(7372e09909ab4244890a7d9f2025b5fd) Importer(2089858483,b0f066a214c2f5e87bad3c948f4d605d) (ScriptedImporter) -> (artifact id: 'ba63b0a52ad2ebc980bdd41e86ef8525') in 0.0296611 seconds
Number of updated asset objects reloaded before import = 0Number of asset objects unloaded after import = 1

========================================================================
Received Import Request.
  Time since last request: 0.000044 seconds.
  path: Packages/com.unity.probuilder/Editor Default Resources/Icons/Toolbar/Selection_ShiftSubtract.png
  artifactKey: Guid(e22c7c7e1fedc47ab914c0bb4a724dbe) Importer(2089858483,b0f066a214c2f5e87bad3c948f4d605d)
Start importing Packages/com.unity.probuilder/Editor Default Resources/Icons/Toolbar/Selection_ShiftSubtract.png using Guid(e22c7c7e1fedc47ab914c0bb4a724dbe) Importer(2089858483,b0f066a214c2f5e87bad3c948f4d605d) (ScriptedImporter) -> (artifact id: '6b0c63ea31cee1934c37c5dbbd7c53a1') in 0.0262922 seconds
Number of updated asset objects reloaded before import = 0Number of asset objects unloaded after import = 1

========================================================================
Received Import Request.
  Time since last request: 0.000049 seconds.
  path: Packages/com.unity.probuilder/Runtime/Core/UnwrapParameters.cs
  artifactKey: Guid(ea5ea1cec364039478a51772a04726e0) Importer(2089858483,b0f066a214c2f5e87bad3c948f4d605d)
Start importing Packages/com.unity.probuilder/Runtime/Core/UnwrapParameters.cs using Guid(ea5ea1cec364039478a51772a04726e0) Importer(2089858483,b0f066a214c2f5e87bad3c948f4d605d) (ScriptedImporter) -> (artifact id: '8b6302ce9384d269b24b3ea6aedf1bed') in 0.0147373 seconds
Number of updated asset objects reloaded before import = 0Number of asset objects unloaded after import = 0

========================================================================
Received Import Request.
  Time since last request: 0.000086 seconds.
  path: Packages/com.unity.probuilder/Editor Default Resources/Icons/Toolbar/Background/RoundedRect_Normal_BlueSteel.png
  artifactKey: Guid(b48bdede2d1f84662b3e62e0897572e2) Importer(2089858483,b0f066a214c2f5e87bad3c948f4d605d)
Start importing Packages/com.unity.probuilder/Editor Default Resources/Icons/Toolbar/Background/RoundedRect_Normal_BlueSteel.png using Guid(b48bdede2d1f84662b3e62e0897572e2) Importer(2089858483,b0f066a214c2f5e87bad3c948f4d605d) (ScriptedImporter) -> (artifact id: 'dee8fa493c22918f3d84abeec969cdd6') in 0.0311156 seconds
Number of updated asset objects reloaded before import = 0Number of asset objects unloaded after import = 1

========================================================================
Received Import Request.
  Time since last request: 0.000049 seconds.
  path: Packages/com.unity.probuilder/Editor/StateMachines/ShapeState_DrawBaseShape.cs
  artifactKey: Guid(dd9d2fd81ebf44cca2949d833dd3a295) Importer(2089858483,b0f066a214c2f5e87bad3c948f4d605d)
Start importing Packages/com.unity.probuilder/Editor/StateMachines/ShapeState_DrawBaseShape.cs using Guid(dd9d2fd81ebf44cca2949d833dd3a295) Importer(2089858483,b0f066a214c2f5e87bad3c948f4d605d) (ScriptedImporter) -> (artifact id: 'f7d8b4720e330a4736bb6e293573b377') in 0.0131953 seconds
Number of updated asset objects reloaded before import = 0Number of asset objects unloaded after import = 0

========================================================================
Received Import Request.
  Time since last request: 0.000046 seconds.
  path: Packages/com.unity.probuilder/Editor Default Resources/Icons/EditableMesh/EditMeshContext.png
  artifactKey: Guid(2469ed9f8f3ade24daaec1ababb468a2) Importer(2089858483,b0f066a214c2f5e87bad3c948f4d605d)
Start importing Packages/com.unity.probuilder/Editor Default Resources/Icons/EditableMesh/EditMeshContext.png using Guid(2469ed9f8f3ade24daaec1ababb468a2) Importer(2089858483,b0f066a214c2f5e87bad3c948f4d605d) (ScriptedImporter) -> (artifact id: '3c4760afe77041cd24ab50736f1f1b7b') in 0.0280421 seconds
Number of updated asset objects reloaded before import = 0Number of asset objects unloaded after import = 1

========================================================================
Received Import Request.
  Time since last request: 0.000053 seconds.
  path: Packages/com.unity.settings-manager/Editor/FileSettingsRepository.cs
  artifactKey: Guid(0846ad73a5274e88951b2645bf7dac6c) Importer(2089858483,b0f066a214c2f5e87bad3c948f4d605d)
Start importing Packages/com.unity.settings-manager/Editor/FileSettingsRepository.cs using Guid(0846ad73a5274e88951b2645bf7dac6c) Importer(2089858483,b0f066a214c2f5e87bad3c948f4d605d) (ScriptedImporter) -> (artifact id: '669ee04d5bf6c7394dbcebcf188c718d') in 0.0137682 seconds
Number of updated asset objects reloaded before import = 0Number of asset objects unloaded after import = 0

========================================================================
Received Import Request.
  Time since last request: 0.000088 seconds.
  path: Packages/com.unity.probuilder/Editor/MenuActions/Object/ConformObjectNormals.cs
  artifactKey: Guid(916d519062254e79b6adc87200d2c142) Importer(2089858483,b0f066a214c2f5e87bad3c948f4d605d)
Start importing Packages/com.unity.probuilder/Editor/MenuActions/Object/ConformObjectNormals.cs using Guid(916d519062254e79b6adc87200d2c142) Importer(2089858483,b0f066a214c2f5e87bad3c948f4d605d) (ScriptedImporter) -> (artifact id: 'c8ff110304bfee7e3fb34b447c70004a') in 0.0136483 seconds
Number of updated asset objects reloaded before import = 0Number of asset objects unloaded after import = 0

========================================================================
Received Import Request.
  Time since last request: 0.000043 seconds.
  path: Packages/com.unity.probuilder/Editor/EditorCore/IHasPreferences.cs
  artifactKey: Guid(09802f6381a8fb2478f18a624b459ff8) Importer(2089858483,b0f066a214c2f5e87bad3c948f4d605d)
Start importing Packages/com.unity.probuilder/Editor/EditorCore/IHasPreferences.cs using Guid(09802f6381a8fb2478f18a624b459ff8) Importer(2089858483,b0f066a214c2f5e87bad3c948f4d605d) (ScriptedImporter) -> (artifact id: '062bfd0e28c24126c0f13a8afb0208b4') in 0.0155879 seconds
Number of updated asset objects reloaded before import = 0Number of asset objects unloaded after import = 0

========================================================================
Received Import Request.
  Time since last request: 0.000054 seconds.
  path: Packages/com.unity.probuilder/Editor Default Resources/Icons/Toolbar/Face_FlipTri_Light@2x.png
  artifactKey: Guid(0bcb163d185b12b4a8265ca1e0adfc44) Importer(2089858483,b0f066a214c2f5e87bad3c948f4d605d)
Start importing Packages/com.unity.probuilder/Editor Default Resources/Icons/Toolbar/Face_FlipTri_Light@2x.png using Guid(0bcb163d185b12b4a8265ca1e0adfc44) Importer(2089858483,b0f066a214c2f5e87bad3c948f4d605d) (ScriptedImporter) -> (artifact id: '24bf783f2507693eadee10da6a819af0') in 0.0289539 seconds
Number of updated asset objects reloaded before import = 0Number of asset objects unloaded after import = 1

========================================================================
Received Import Request.
  Time since last request: 0.000049 seconds.
  path: Packages/com.unity.probuilder/Editor/EditorCore/ContextClickManipulator.cs
  artifactKey: Guid(e7bacce7eace4935a5e59e52618fc826) Importer(2089858483,b0f066a214c2f5e87bad3c948f4d605d)
Start importing Packages/com.unity.probuilder/Editor/EditorCore/ContextClickManipulator.cs using Guid(e7bacce7eace4935a5e59e52618fc826) Importer(2089858483,b0f066a214c2f5e87bad3c948f4d605d) (ScriptedImporter) -> (artifact id: 'a5952a364b236d7ebdbce3cf0f9bbe3c') in 0.0143371 seconds
Number of updated asset objects reloaded before import = 0Number of asset objects unloaded after import = 0

========================================================================
Received Import Request.
  Time since last request: 0.000072 seconds.
  path: Packages/com.unity.probuilder/Editor Default Resources/Icons/Tools/ShapeTool/on/Capsule.png
  artifactKey: Guid(9e9f078afae5aef46a4883459dc1982f) Importer(2089858483,b0f066a214c2f5e87bad3c948f4d605d)
Start importing Packages/com.unity.probuilder/Editor Default Resources/Icons/Tools/ShapeTool/on/Capsule.png using Guid(9e9f078afae5aef46a4883459dc1982f) Importer(2089858483,b0f066a214c2f5e87bad3c948f4d605d) (ScriptedImporter) -> (artifact id: 'ab4d47bac05e71519840bb9824beccbe') in 0.0300712 seconds
Number of updated asset objects reloaded before import = 0Number of asset objects unloaded after import = 1

========================================================================
Received Import Request.
  Time since last request: 0.000036 seconds.
  path: Packages/com.unity.probuilder/AssetIdRemapUtility/Editor/Unity.ProBuilder.AssetIdRemapUtility.asmdef
  artifactKey: Guid(9caa7e155cb0648da84dca829b17620f) Importer(2089858483,b0f066a214c2f5e87bad3c948f4d605d)
Start importing Packages/com.unity.probuilder/AssetIdRemapUtility/Editor/Unity.ProBuilder.AssetIdRemapUtility.asmdef using Guid(9caa7e155cb0648da84dca829b17620f) Importer(2089858483,b0f066a214c2f5e87bad3c948f4d605d) (ScriptedImporter) -> (artifact id: '9cb07dd424e0568ca4ebcc42b88cca5c') in 0.0223573 seconds
Number of updated asset objects reloaded before import = 0Number of asset objects unloaded after import = 1

========================================================================
Received Import Request.
  Time since last request: 0.000027 seconds.
  path: Packages/com.unity.probuilder/Editor Default Resources/Icons/Tools/d_EditShape@2x.png
  artifactKey: Guid(762f5fc6dfcf7f647a93ab888150c530) Importer(2089858483,b0f066a214c2f5e87bad3c948f4d605d)
Start importing Packages/com.unity.probuilder/Editor Default Resources/Icons/Tools/d_EditShape@2x.png using Guid(762f5fc6dfcf7f647a93ab888150c530) Importer(2089858483,b0f066a214c2f5e87bad3c948f4d605d) (ScriptedImporter) -> (artifact id: 'c4db04797a42f32afc4dba7a33094ebd') in 0.0348651 seconds
Number of updated asset objects reloaded before import = 0Number of asset objects unloaded after import = 1

========================================================================
Received Import Request.
  Time since last request: 0.000062 seconds.
  path: Packages/com.unity.probuilder/Editor/EditorCore/EditorToolbarMenuItems.cs
  artifactKey: Guid(2e82491da45686848bf17df39975ff3c) Importer(2089858483,b0f066a214c2f5e87bad3c948f4d605d)
Start importing Packages/com.unity.probuilder/Editor/EditorCore/EditorToolbarMenuItems.cs using Guid(2e82491da45686848bf17df39975ff3c) Importer(2089858483,b0f066a214c2f5e87bad3c948f4d605d) (ScriptedImporter) -> (artifact id: '55f95135c221fb1296b4d11ce9e9fb4c') in 0.0130147 seconds
Number of updated asset objects reloaded before import = 0Number of asset objects unloaded after import = 0

========================================================================
Received Import Request.
  Time since last request: 0.000050 seconds.
  path: Packages/com.unity.probuilder/Editor Default Resources/Icons/Toolbar/Bezier_Free.png
  artifactKey: Guid(da4df1da6f6124e98950375683b8fe1b) Importer(2089858483,b0f066a214c2f5e87bad3c948f4d605d)
Start importing Packages/com.unity.probuilder/Editor Default Resources/Icons/Toolbar/Bezier_Free.png using Guid(da4df1da6f6124e98950375683b8fe1b) Importer(2089858483,b0f066a214c2f5e87bad3c948f4d605d) (ScriptedImporter) -> (artifact id: '07b97ae3bc86912b51fc97b5d114d015') in 0.0238605 seconds
Number of updated asset objects reloaded before import = 0Number of asset objects unloaded after import = 1

========================================================================
Received Import Request.
  Time since last request: 0.000021 seconds.
  path: Packages/com.unity.probuilder/Editor Default Resources/Icons/Toolbar/Background/RoundedRect_Pressed_Light.png
  artifactKey: Guid(cec5ca51877be6a4f9d61708b4c943a7) Importer(2089858483,b0f066a214c2f5e87bad3c948f4d605d)
Start importing Packages/com.unity.probuilder/Editor Default Resources/Icons/Toolbar/Background/RoundedRect_Pressed_Light.png using Guid(cec5ca51877be6a4f9d61708b4c943a7) Importer(2089858483,b0f066a214c2f5e87bad3c948f4d605d) (ScriptedImporter) -> (artifact id: '6d9482bedeb791cfe66f5d7590a83808') in 0.0304454 seconds
Number of updated asset objects reloaded before import = 0Number of asset objects unloaded after import = 1

========================================================================
Received Import Request.
  Time since last request: 0.000023 seconds.
  path: Packages/com.unity.probuilder/Editor Default Resources/Icons/Modes/ToolHandleLocal@2x.png
  artifactKey: Guid(6d8e5ce41d3447540812b8b14f77a7e6) Importer(2089858483,b0f066a214c2f5e87bad3c948f4d605d)
Start importing Packages/com.unity.probuilder/Editor Default Resources/Icons/Modes/ToolHandleLocal@2x.png using Guid(6d8e5ce41d3447540812b8b14f77a7e6) Importer(2089858483,b0f066a214c2f5e87bad3c948f4d605d) (ScriptedImporter) -> (artifact id: 'e0275c43f266a240fddaeb9e4f326657') in 0.0310357 seconds
Number of updated asset objects reloaded before import = 0Number of asset objects unloaded after import = 1

========================================================================
Received Import Request.
  Time since last request: 2.222509 seconds.
  path: Assets/!_Project/Prefabs/CosmoEnemy.prefab
  artifactKey: Guid(bd234f0b9b595714ba32b5037b499af1) Importer(2089858483,b0f066a214c2f5e87bad3c948f4d605d)
Start importing Assets/!_Project/Prefabs/CosmoEnemy.prefab using Guid(bd234f0b9b595714ba32b5037b499af1) Importer(2089858483,b0f066a214c2f5e87bad3c948f4d605d) (ScriptedImporter) -> (artifact id: 'd3dbd0af6cc3af02e8bfdbc404fb2739') in 0.0176047 seconds
Number of updated asset objects reloaded before import = 0Number of asset objects unloaded after import = 41

========================================================================
Received Import Request.
  Time since last request: 44.810597 seconds.
  path: Assets/!_Project/Prefabs/CosmoEnemy.prefab
  artifactKey: Guid(bd234f0b9b595714ba32b5037b499af1) Importer(2089858483,b0f066a214c2f5e87bad3c948f4d605d)
Start importing Assets/!_Project/Prefabs/CosmoEnemy.prefab using Guid(bd234f0b9b595714ba32b5037b499af1) Importer(2089858483,b0f066a214c2f5e87bad3c948f4d605d) (ScriptedImporter) -> (artifact id: 'f93e60917afb97eaee465c858c2b0d7c') in 0.0239004 seconds
Number of updated asset objects reloaded before import = 0Number of asset objects unloaded after import = 41

========================================================================
Received Import Request.
  Time since last request: 9.604269 seconds.
  path: Assets/!_Project/Prefabs/CosmoEnemy.prefab
  artifactKey: Guid(bd234f0b9b595714ba32b5037b499af1) Importer(2089858483,b0f066a214c2f5e87bad3c948f4d605d)
Start importing Assets/!_Project/Prefabs/CosmoEnemy.prefab using Guid(bd234f0b9b595714ba32b5037b499af1) Importer(2089858483,b0f066a214c2f5e87bad3c948f4d605d) (ScriptedImporter) -> (artifact id: '0e8c198cb89e60c9ac87246caf1a7824') in 0.0303255 seconds
Number of updated asset objects reloaded before import = 0Number of asset objects unloaded after import = 41

========================================================================
Received Import Request.
  Time since last request: 7.220006 seconds.
  path: Assets/!_Project/Prefabs/CosmoEnemy.prefab
  artifactKey: Guid(bd234f0b9b595714ba32b5037b499af1) Importer(2089858483,b0f066a214c2f5e87bad3c948f4d605d)
Start importing Assets/!_Project/Prefabs/CosmoEnemy.prefab using Guid(bd234f0b9b595714ba32b5037b499af1) Importer(2089858483,b0f066a214c2f5e87bad3c948f4d605d) (ScriptedImporter) -> (artifact id: '1a138eb65494ae08e8eb3952a7a8e487') in 0.0301251 seconds
Number of updated asset objects reloaded before import = 0Number of asset objects unloaded after import = 41

========================================================================
Received Import Request.
  Time since last request: 20.824713 seconds.
  path: Assets/!_Project/Prefabs/CosmoEnemy.prefab
  artifactKey: Guid(bd234f0b9b595714ba32b5037b499af1) Importer(2089858483,b0f066a214c2f5e87bad3c948f4d605d)
Start importing Assets/!_Project/Prefabs/CosmoEnemy.prefab using Guid(bd234f0b9b595714ba32b5037b499af1) Importer(2089858483,b0f066a214c2f5e87bad3c948f4d605d) (ScriptedImporter) -> (artifact id: '32c7377c68980cdd42e8bd6fab3d12ab') in 0.0291123 seconds
Number of updated asset objects reloaded before import = 0Number of asset objects unloaded after import = 41

========================================================================
Received Import Request.
  Time since last request: 15.677698 seconds.
  path: Assets/!_Project/Scenes/02_GameLevel.unity
  artifactKey: Guid(d9f48303c6dad8e41adf0703929f14c0) Importer(2089858483,b0f066a214c2f5e87bad3c948f4d605d)
Start importing Assets/!_Project/Scenes/02_GameLevel.unity using Guid(d9f48303c6dad8e41adf0703929f14c0) Importer(2089858483,b0f066a214c2f5e87bad3c948f4d605d) (ScriptedImporter) -> (artifact id: '3885990b6659f88257b3d37320afc8fd') in 0.0160886 seconds
Number of updated asset objects reloaded before import = 0Number of asset objects unloaded after import = 1

========================================================================
Received Import Request.
  Time since last request: 2795.366611 seconds.
  path: Assets/!_Project/Prefabs/Arena.prefab
  artifactKey: Guid(b29cf186377721e4eb33891278766d8f) Importer(815301076,1909f56bfc062723c751e8b465ee728b)
Start importing Assets/!_Project/Prefabs/Arena.prefab using Guid(b29cf186377721e4eb33891278766d8f) Importer(815301076,1909f56bfc062723c751e8b465ee728b) (PreviewImporter) -> (artifact id: 'fe948a12df0e8a60ca54336903e2f835') in 0.7014249 seconds
Number of updated asset objects reloaded before import = 0Number of asset objects unloaded after import = 29

========================================================================
Received Import Request.
  Time since last request: 0.170619 seconds.
  path: Assets/!_Project/Prefabs/Arena.prefab
  artifactKey: Guid(b29cf186377721e4eb33891278766d8f) Importer(2089858483,b0f066a214c2f5e87bad3c948f4d605d)
Start importing Assets/!_Project/Prefabs/Arena.prefab using Guid(b29cf186377721e4eb33891278766d8f) Importer(2089858483,b0f066a214c2f5e87bad3c948f4d605d) (ScriptedImporter) -> (artifact id: '428ece3dbf3ce58a4732c95b51991527') in 0.0182896 seconds
Number of updated asset objects reloaded before import = 0Number of asset objects unloaded after import = 29

========================================================================
Received Import Request.
  Time since last request: 4356.757920 seconds.
  path: Assets/Thirdparty/Shield Shader FREE/Prefabs/Shield FX_ FREE_2.prefab
  artifactKey: Guid(9663a230ea3ad294ab0de884590e32dd) Importer(815301076,1909f56bfc062723c751e8b465ee728b)
Start importing Assets/Thirdparty/Shield Shader FREE/Prefabs/Shield FX_ FREE_2.prefab using Guid(9663a230ea3ad294ab0de884590e32dd) Importer(815301076,1909f56bfc062723c751e8b465ee728b) (PreviewImporter) -> (artifact id: 'c25654cfce5feba067b1adc2e3704b26') in 0.0638732 seconds
Number of updated asset objects reloaded before import = 0Number of asset objects unloaded after import = 14

========================================================================
Received Import Request.
  Time since last request: 2.206703 seconds.
  path: Assets/Thirdparty/Shield Shader FREE/Prefabs/Shield FX_ FREE_1.prefab
  artifactKey: Guid(810ef3e8425c6e24daa3e39c2a3b7c86) Importer(815301076,1909f56bfc062723c751e8b465ee728b)
Start importing Assets/Thirdparty/Shield Shader FREE/Prefabs/Shield FX_ FREE_1.prefab using Guid(810ef3e8425c6e24daa3e39c2a3b7c86) Importer(815301076,1909f56bfc062723c751e8b465ee728b) (PreviewImporter) -> (artifact id: '190484579c9b8f1ceedeabff52bd4715') in 0.0276875 seconds
Number of updated asset objects reloaded before import = 0Number of asset objects unloaded after import = 14

========================================================================
Received Import Request.
  Time since last request: 2.369328 seconds.
  path: Assets/Thirdparty/Shield Shader FREE/Prefabs/Shield FX_ FREE_4.prefab
  artifactKey: Guid(a1b979dae55255b4d8112533c556b6e1) Importer(815301076,1909f56bfc062723c751e8b465ee728b)
Start importing Assets/Thirdparty/Shield Shader FREE/Prefabs/Shield FX_ FREE_4.prefab using Guid(a1b979dae55255b4d8112533c556b6e1) Importer(815301076,1909f56bfc062723c751e8b465ee728b) (PreviewImporter) -> (artifact id: '6638c6c009b5e8b1352c40dcc993cac4') in 0.0469569 seconds
Number of updated asset objects reloaded before import = 0Number of asset objects unloaded after import = 14

========================================================================
Received Import Request.
  Time since last request: 2.023478 seconds.
  path: Assets/Thirdparty/Shield Shader FREE/Prefabs/Shield FX_ FREE_5.prefab
  artifactKey: Guid(afd9c2ff73643f94a9489ddf2a691013) Importer(815301076,1909f56bfc062723c751e8b465ee728b)
Start importing Assets/Thirdparty/Shield Shader FREE/Prefabs/Shield FX_ FREE_5.prefab using Guid(afd9c2ff73643f94a9489ddf2a691013) Importer(815301076,1909f56bfc062723c751e8b465ee728b) (PreviewImporter) -> (artifact id: '3b1e3f804869c7a0626cb2082f80733f') in 0.0246682 seconds
Number of updated asset objects reloaded before import = 0Number of asset objects unloaded after import = 13

========================================================================
Received Import Request.
  Time since last request: 2.077861 seconds.
  path: Assets/Thirdparty/Shield Shader FREE/Prefabs/Shield FX_ FREE_6.prefab
  artifactKey: Guid(3889cd381b856c848ab293b04690c12e) Importer(815301076,1909f56bfc062723c751e8b465ee728b)
Start importing Assets/Thirdparty/Shield Shader FREE/Prefabs/Shield FX_ FREE_6.prefab using Guid(3889cd381b856c848ab293b04690c12e) Importer(815301076,1909f56bfc062723c751e8b465ee728b) (PreviewImporter) -> (artifact id: '184cfcea5b24b49b16c790d454ddec97') in 0.0257203 seconds
Number of updated asset objects reloaded before import = 0Number of asset objects unloaded after import = 14

========================================================================
Received Import Request.
  Time since last request: 1.402658 seconds.
  path: Assets/Thirdparty/Shield Shader FREE/Prefabs/Shield FX_ FREE_7.prefab
  artifactKey: Guid(2378b4a0c3f1080439606a9c137e5220) Importer(815301076,1909f56bfc062723c751e8b465ee728b)
Start importing Assets/Thirdparty/Shield Shader FREE/Prefabs/Shield FX_ FREE_7.prefab using Guid(2378b4a0c3f1080439606a9c137e5220) Importer(815301076,1909f56bfc062723c751e8b465ee728b) (PreviewImporter) -> (artifact id: 'b58b9ed8a4fb8fc305f61f92f82eca29') in 0.0256156 seconds
Number of updated asset objects reloaded before import = 0Number of asset objects unloaded after import = 14

========================================================================
Received Import Request.
  Time since last request: 1.239134 seconds.
  path: Assets/Thirdparty/Shield Shader FREE/Prefabs/Shield FX_ FREE_8.prefab
  artifactKey: Guid(1d6ed8c718c49f941858fb9bc93a6da2) Importer(815301076,1909f56bfc062723c751e8b465ee728b)
Start importing Assets/Thirdparty/Shield Shader FREE/Prefabs/Shield FX_ FREE_8.prefab using Guid(1d6ed8c718c49f941858fb9bc93a6da2) Importer(815301076,1909f56bfc062723c751e8b465ee728b) (PreviewImporter) -> (artifact id: 'c09607e5984ca1e3eac64d6336f0b3d7') in 0.0334004 seconds
Number of updated asset objects reloaded before import = 0Number of asset objects unloaded after import = 14

========================================================================
Received Import Request.
  Time since last request: 1.160061 seconds.
  path: Assets/Thirdparty/Shield Shader FREE/Prefabs/Shield FX_ FREE_9.prefab
  artifactKey: Guid(222e83b068df3794abf36646716139de) Importer(815301076,1909f56bfc062723c751e8b465ee728b)
Start importing Assets/Thirdparty/Shield Shader FREE/Prefabs/Shield FX_ FREE_9.prefab using Guid(222e83b068df3794abf36646716139de) Importer(815301076,1909f56bfc062723c751e8b465ee728b) (PreviewImporter) -> (artifact id: '35a195f5631d625ed15b280fd8b6ba75') in 0.0234527 seconds
Number of updated asset objects reloaded before import = 0Number of asset objects unloaded after import = 13

========================================================================
Received Import Request.
  Time since last request: 1.131709 seconds.
  path: Assets/Thirdparty/Shield Shader FREE/Prefabs/Sphere UV.prefab
  artifactKey: Guid(c72e1411e2e4ff84a87796edeb13556e) Importer(815301076,1909f56bfc062723c751e8b465ee728b)
Start importing Assets/Thirdparty/Shield Shader FREE/Prefabs/Sphere UV.prefab using Guid(c72e1411e2e4ff84a87796edeb13556e) Importer(815301076,1909f56bfc062723c751e8b465ee728b) (PreviewImporter) -> (artifact id: '5cb3920fa75a29bdfa721d031543227c') in 0.0246973 seconds
Number of updated asset objects reloaded before import = 0Number of asset objects unloaded after import = 13

========================================================================
Received Import Request.
  Time since last request: 0.574947 seconds.
  path: Assets/Thirdparty/Shield Shader FREE/Prefabs/Shield FX_ FREE_10.prefab
  artifactKey: Guid(a358681fa99f623489bfaa8f9690ff69) Importer(815301076,1909f56bfc062723c751e8b465ee728b)
Start importing Assets/Thirdparty/Shield Shader FREE/Prefabs/Shield FX_ FREE_10.prefab using Guid(a358681fa99f623489bfaa8f9690ff69) Importer(815301076,1909f56bfc062723c751e8b465ee728b) (PreviewImporter) -> (artifact id: '1e94ad3dec19e12abc1e1e1907fdbe7e') in 0.0321862 seconds
Number of updated asset objects reloaded before import = 0Number of asset objects unloaded after import = 14

========================================================================
Received Import Request.
  Time since last request: 383.887991 seconds.
  path: Assets/!_Project/Prefabs/PlayerBullet.prefab
  artifactKey: Guid(9a55798f911f7e5459ac5e991015299b) Importer(815301076,1909f56bfc062723c751e8b465ee728b)
Start importing Assets/!_Project/Prefabs/PlayerBullet.prefab using Guid(9a55798f911f7e5459ac5e991015299b) Importer(815301076,1909f56bfc062723c751e8b465ee728b) (PreviewImporter) -> (artifact id: 'a6d713fa859b7d0b850e625f3d66c2e7') in 0.0043321 seconds
Number of updated asset objects reloaded before import = 0Number of asset objects unloaded after import = 4

========================================================================
Received Import Request.
  Time since last request: 0.915627 seconds.
  path: Assets/!_Project/Prefabs/PlayerBullet.prefab
  artifactKey: Guid(9a55798f911f7e5459ac5e991015299b) Importer(2089858483,b0f066a214c2f5e87bad3c948f4d605d)
Start importing Assets/!_Project/Prefabs/PlayerBullet.prefab using Guid(9a55798f911f7e5459ac5e991015299b) Importer(2089858483,b0f066a214c2f5e87bad3c948f4d605d) (ScriptedImporter) -> (artifact id: '4841d8303f16ffa2be482485d1885d3e') in 0.0238148 seconds
Number of updated asset objects reloaded before import = 0Number of asset objects unloaded after import = 4

========================================================================
Received Import Request.
  Time since last request: 30.047648 seconds.
  path: Assets/!_Project/Prefabs/PlayerBullet.prefab
  artifactKey: Guid(9a55798f911f7e5459ac5e991015299b) Importer(2089858483,b0f066a214c2f5e87bad3c948f4d605d)
Start importing Assets/!_Project/Prefabs/PlayerBullet.prefab using Guid(9a55798f911f7e5459ac5e991015299b) Importer(2089858483,b0f066a214c2f5e87bad3c948f4d605d) (ScriptedImporter) -> (artifact id: 'b5b249f1a141b70035c0a8bbb38f9916') in 0.0160868 seconds
Number of updated asset objects reloaded before import = 0Number of asset objects unloaded after import = 4

========================================================================
Received Import Request.
  Time since last request: 32.274084 seconds.
  path: Assets/!_Project/Prefabs/PlayerBullet.prefab
  artifactKey: Guid(9a55798f911f7e5459ac5e991015299b) Importer(2089858483,b0f066a214c2f5e87bad3c948f4d605d)
Start importing Assets/!_Project/Prefabs/PlayerBullet.prefab using Guid(9a55798f911f7e5459ac5e991015299b) Importer(2089858483,b0f066a214c2f5e87bad3c948f4d605d) (ScriptedImporter) -> (artifact id: 'e07b9534e292dec0b5dd8cdd62b66635') in 0.0319973 seconds
Number of updated asset objects reloaded before import = 0Number of asset objects unloaded after import = 13

========================================================================
Received Import Request.
  Time since last request: 19.953708 seconds.
  path: Assets/!_Project/Prefabs/PlayerBullet.prefab
  artifactKey: Guid(9a55798f911f7e5459ac5e991015299b) Importer(2089858483,b0f066a214c2f5e87bad3c948f4d605d)
Start importing Assets/!_Project/Prefabs/PlayerBullet.prefab using Guid(9a55798f911f7e5459ac5e991015299b) Importer(2089858483,b0f066a214c2f5e87bad3c948f4d605d) (ScriptedImporter) -> (artifact id: '51921394ad8fe3f8d9cbce2648f9c522') in 0.0317923 seconds
Number of updated asset objects reloaded before import = 0Number of asset objects unloaded after import = 13

========================================================================
Received Import Request.
  Time since last request: 11.294954 seconds.
  path: Assets/!_Project/Prefabs/PlayerBullet.prefab
  artifactKey: Guid(9a55798f911f7e5459ac5e991015299b) Importer(2089858483,b0f066a214c2f5e87bad3c948f4d605d)
Start importing Assets/!_Project/Prefabs/PlayerBullet.prefab using Guid(9a55798f911f7e5459ac5e991015299b) Importer(2089858483,b0f066a214c2f5e87bad3c948f4d605d) (ScriptedImporter) -> (artifact id: 'd14a8ad3aeb03edbf4a8c937b3e91f8c') in 0.034897 seconds
Number of updated asset objects reloaded before import = 0Number of asset objects unloaded after import = 13

========================================================================
Received Import Request.
  Time since last request: 27.299897 seconds.
  path: Assets/!_Project/Prefabs/PlayerBullet.prefab
  artifactKey: Guid(9a55798f911f7e5459ac5e991015299b) Importer(2089858483,b0f066a214c2f5e87bad3c948f4d605d)
Start importing Assets/!_Project/Prefabs/PlayerBullet.prefab using Guid(9a55798f911f7e5459ac5e991015299b) Importer(2089858483,b0f066a214c2f5e87bad3c948f4d605d) (ScriptedImporter) -> (artifact id: 'b920a3f6e3b3e44c92b073e8e9f80504') in 0.0267177 seconds
Number of updated asset objects reloaded before import = 0Number of asset objects unloaded after import = 13

========================================================================
Received Import Request.
  Time since last request: 43.753190 seconds.
  path: Assets/!_Project/Prefabs/PlayerBullet.prefab
  artifactKey: Guid(9a55798f911f7e5459ac5e991015299b) Importer(2089858483,b0f066a214c2f5e87bad3c948f4d605d)
Start importing Assets/!_Project/Prefabs/PlayerBullet.prefab using Guid(9a55798f911f7e5459ac5e991015299b) Importer(2089858483,b0f066a214c2f5e87bad3c948f4d605d) (ScriptedImporter) -> (artifact id: '76fb6fe864f3423c021fa1b93e0ebeae') in 0.0309642 seconds
Number of updated asset objects reloaded before import = 0Number of asset objects unloaded after import = 13

========================================================================
Received Import Request.
  Time since last request: 122.591174 seconds.
  path: Assets/!_Project/Prefabs/EnemyBullet Variant.prefab
  artifactKey: Guid(ed5e14a864a15364eba91f0ac436d073) Importer(815301076,1909f56bfc062723c751e8b465ee728b)
Start importing Assets/!_Project/Prefabs/EnemyBullet Variant.prefab using Guid(ed5e14a864a15364eba91f0ac436d073) Importer(815301076,1909f56bfc062723c751e8b465ee728b) (PreviewImporter) -> (artifact id: '262e9b35dc46ce7c2c7f38f30504d3c2') in 0.0093048 seconds
Number of updated asset objects reloaded before import = 0Number of asset objects unloaded after import = 25

========================================================================
Received Import Request.
  Time since last request: 0.900342 seconds.
  path: Assets/!_Project/Prefabs/EnemyBullet Variant.prefab
  artifactKey: Guid(ed5e14a864a15364eba91f0ac436d073) Importer(2089858483,b0f066a214c2f5e87bad3c948f4d605d)
Start importing Assets/!_Project/Prefabs/EnemyBullet Variant.prefab using Guid(ed5e14a864a15364eba91f0ac436d073) Importer(2089858483,b0f066a214c2f5e87bad3c948f4d605d) (ScriptedImporter) -> (artifact id: '2b689d043c9fa0bddcf2e065b8d588fe') in 0.0223021 seconds
Number of updated asset objects reloaded before import = 0Number of asset objects unloaded after import = 24

========================================================================
Received Import Request.
  Time since last request: 104.838885 seconds.
  path: Assets/!_Project/Prefabs/EnemyBullet Variant.prefab
  artifactKey: Guid(ed5e14a864a15364eba91f0ac436d073) Importer(2089858483,b0f066a214c2f5e87bad3c948f4d605d)
Start importing Assets/!_Project/Prefabs/EnemyBullet Variant.prefab using Guid(ed5e14a864a15364eba91f0ac436d073) Importer(2089858483,b0f066a214c2f5e87bad3c948f4d605d) (ScriptedImporter) -> (artifact id: '2ed3307bf32d867fffdb9e4eed4bf687') in 0.0219403 seconds
Number of updated asset objects reloaded before import = 0Number of asset objects unloaded after import = 24

========================================================================
Received Import Request.
  Time since last request: 19.132678 seconds.
  path: Assets/!_Project/Prefabs/EnemyBullet Variant.prefab
  artifactKey: Guid(ed5e14a864a15364eba91f0ac436d073) Importer(815301076,1909f56bfc062723c751e8b465ee728b)
Start importing Assets/!_Project/Prefabs/EnemyBullet Variant.prefab using Guid(ed5e14a864a15364eba91f0ac436d073) Importer(815301076,1909f56bfc062723c751e8b465ee728b) (PreviewImporter) -> (artifact id: '3082fbbc4202c598dabf27304aa542e2') in 0.0095377 seconds
Number of updated asset objects reloaded before import = 0Number of asset objects unloaded after import = 25

========================================================================
Received Import Request.
  Time since last request: 90.885943 seconds.
  path: Assets/!_Project/Prefabs/CosmoDron.prefab
  artifactKey: Guid(b2b545b5ca9f3fe48bb51f3bbcc7fd3f) Importer(2089858483,b0f066a214c2f5e87bad3c948f4d605d)
Start importing Assets/!_Project/Prefabs/CosmoDron.prefab using Guid(b2b545b5ca9f3fe48bb51f3bbcc7fd3f) Importer(2089858483,b0f066a214c2f5e87bad3c948f4d605d) (ScriptedImporter) -> (artifact id: '9febed218be9a6386f69c9cf2cad34fa') in 0.0265257 seconds
Number of updated asset objects reloaded before import = 0Number of asset objects unloaded after import = 41

========================================================================
Received Import Request.
  Time since last request: 61.633761 seconds.
  path: Assets/!_Project/Prefabs/CosmoEnemy.prefab
  artifactKey: Guid(bd234f0b9b595714ba32b5037b499af1) Importer(815301076,1909f56bfc062723c751e8b465ee728b)
Start importing Assets/!_Project/Prefabs/CosmoEnemy.prefab using Guid(bd234f0b9b595714ba32b5037b499af1) Importer(815301076,1909f56bfc062723c751e8b465ee728b) (PreviewImporter) -> (artifact id: 'fd92867574fef09371e3c41f6f4aab41') in 0.0077807 seconds
Number of updated asset objects reloaded before import = 0Number of asset objects unloaded after import = 41

========================================================================
Received Import Request.
  Time since last request: 17.488329 seconds.
  path: Assets/!_Project/Prefabs/CosmoEnemy.prefab
  artifactKey: Guid(bd234f0b9b595714ba32b5037b499af1) Importer(2089858483,b0f066a214c2f5e87bad3c948f4d605d)
Start importing Assets/!_Project/Prefabs/CosmoEnemy.prefab using Guid(bd234f0b9b595714ba32b5037b499af1) Importer(2089858483,b0f066a214c2f5e87bad3c948f4d605d) (ScriptedImporter) -> (artifact id: '974df80a10c81da3b7fd546a33cd306a') in 0.0201224 seconds
Number of updated asset objects reloaded before import = 0Number of asset objects unloaded after import = 41

========================================================================
Received Import Request.
  Time since last request: 93.734052 seconds.
  path: Assets/!_Project/Prefabs/Arena.prefab
  artifactKey: Guid(b29cf186377721e4eb33891278766d8f) Importer(2089858483,b0f066a214c2f5e87bad3c948f4d605d)
Start importing Assets/!_Project/Prefabs/Arena.prefab using Guid(b29cf186377721e4eb33891278766d8f) Importer(2089858483,b0f066a214c2f5e87bad3c948f4d605d) (ScriptedImporter) -> (artifact id: 'c58872152c90b9ea0f5c8dc6f37caedc') in 0.0174798 seconds
Number of updated asset objects reloaded before import = 0Number of asset objects unloaded after import = 29

========================================================================
Received Import Request.
  Time since last request: 115.423942 seconds.
  path: Assets/!_Project/Prefabs/Arena.prefab
  artifactKey: Guid(b29cf186377721e4eb33891278766d8f) Importer(2089858483,b0f066a214c2f5e87bad3c948f4d605d)
Start importing Assets/!_Project/Prefabs/Arena.prefab using Guid(b29cf186377721e4eb33891278766d8f) Importer(2089858483,b0f066a214c2f5e87bad3c948f4d605d) (ScriptedImporter) -> (artifact id: '35505e9c433814a90181ac7b17260207') in 0.0141845 seconds
Number of updated asset objects reloaded before import = 0Number of asset objects unloaded after import = 29

========================================================================
Received Import Request.
  Time since last request: 42.184832 seconds.
  path: Assets/!_Project/Prefabs/Arena.prefab
  artifactKey: Guid(b29cf186377721e4eb33891278766d8f) Importer(2089858483,b0f066a214c2f5e87bad3c948f4d605d)
Start importing Assets/!_Project/Prefabs/Arena.prefab using Guid(b29cf186377721e4eb33891278766d8f) Importer(2089858483,b0f066a214c2f5e87bad3c948f4d605d) (ScriptedImporter) -> (artifact id: '3ab15d6736439c6565ac4b4f7e196d6f') in 0.0189591 seconds
Number of updated asset objects reloaded before import = 0Number of asset objects unloaded after import = 29

========================================================================
Received Prepare
Begin MonoManager ReloadAssembly
[Licensing::Client] Successfully resolved entitlement details
Symbol file LoadedFromMemory is not a mono symbol file
Symbol file LoadedFromMemory is not a mono symbol file
- Loaded All Assemblies, in  2.132 seconds
Refreshing native plugins compatible for Editor in 5.57 ms, found 5 plugins.
Native extension for WindowsStandalone target not found
[Package Manager] Failed to launch server process. Reason: Unity was launched with the -noUpm command-line argument
[Package Manager] Unable to send message (not connected to server process).
[Package Manager] Cannot connect to Unity Package Manager local server
Refreshing native plugins compatible for Editor in 4.96 ms, found 5 plugins.
[Package Manager] Failed to launch server process. Reason: Unity was launched with the -noUpm command-line argument
[Package Manager] Unable to send message (not connected to server process).
[Package Manager] Cannot connect to Unity Package Manager local server
[MODES] ModeService[none].Initialize
[MODES] ModeService[none].LoadModes
[Licensing::Client] Error: Code 404 while processing request (status: Found 0 entitlement groups and 0 free entitlements matching requested entitlement ids)
ScheduleIndexationOnStartup MainProcess:False IndexOnStartup:True
Mono: successfully reloaded assembly
- Finished resetting the current domain, in  2.851 seconds
Domain Reload Profiling: 4986ms
	BeginReloadAssembly (693ms)
		ExecutionOrderSort (0ms)
		DisableScriptedObjects (57ms)
		BackupInstance (0ms)
		ReleaseScriptingObjects (2ms)
		CreateAndSetChildDomain (309ms)
	RebuildCommonClasses (45ms)
	RebuildNativeTypeToScriptingClass (22ms)
	initialDomainReloadingComplete (84ms)
	LoadAllAssembliesAndSetupDomain (1290ms)
		LoadAssemblies (955ms)
		RebuildTransferFunctionScriptingTraits (0ms)
		AnalyzeDomain (507ms)
			TypeCache.Refresh (20ms)
				TypeCache.ScanAssembly (0ms)
			BuildScriptInfoCaches (467ms)
			ResolveRequiredComponents (11ms)
	FinalizeReload (2853ms)
		ReleaseScriptCaches (0ms)
		RebuildScriptCaches (0ms)
		SetupLoadedEditorAssemblies (2535ms)
			LogAssemblyErrors (0ms)
			InitializePlatformSupportModulesInManaged (2ms)
			SetLoadedEditorAssemblies (8ms)
			BeforeProcessingInitializeOnLoad (323ms)
			ProcessInitializeOnLoadAttributes (1434ms)
			ProcessInitializeOnLoadMethodAttributes (753ms)
			AfterProcessingInitializeOnLoad (12ms)
			EditorAssembliesLoaded (2ms)
		ExecutionOrderSort2 (0ms)
		AwakeInstancesAfterBackupRestoration (42ms)
Refreshing native plugins compatible for Editor in 5.30 ms, found 5 plugins.
Preloading 1 native plugins for Editor in 0.42 ms.
Unloading 82 Unused Serialized files (Serialized files now loaded: 0)
Unloading 10703 unused Assets / (22.6 MB). Loaded Objects now: 11563.
Memory consumption went from 239.8 MB to 217.2 MB.
Total: 62.180100 ms (FindLiveObjects: 2.991400 ms CreateObjectMapping: 2.688200 ms MarkObjects: 35.429800 ms  DeleteObjects: 21.067600 ms)

Prepare: number of updated asset objects reloaded= 0
========================================================================
Received Prepare
Begin MonoManager ReloadAssembly
Symbol file LoadedFromMemory is not a mono symbol file
Symbol file LoadedFromMemory is not a mono symbol file
- Loaded All Assemblies, in  1.684 seconds
Refreshing native plugins compatible for Editor in 4.52 ms, found 5 plugins.
Native extension for WindowsStandalone target not found
[Package Manager] Failed to launch server process. Reason: Unity was launched with the -noUpm command-line argument
[Package Manager] Unable to send message (not connected to server process).
[Package Manager] Cannot connect to Unity Package Manager local server
Refreshing native plugins compatible for Editor in 6.40 ms, found 5 plugins.
[Package Manager] Failed to launch server process. Reason: Unity was launched with the -noUpm command-line argument
[Package Manager] Unable to send message (not connected to server process).
[Package Manager] Cannot connect to Unity Package Manager local server
[MODES] ModeService[none].Initialize
[MODES] ModeService[none].LoadModes
[Licensing::Client] Error: Code 404 while processing request (status: Found 0 entitlement groups and 0 free entitlements matching requested entitlement ids)
ScheduleIndexationOnStartup MainProcess:False IndexOnStartup:True
Mono: successfully reloaded assembly
- Finished resetting the current domain, in  2.979 seconds
Domain Reload Profiling: 4665ms
	BeginReloadAssembly (356ms)
		ExecutionOrderSort (0ms)
		DisableScriptedObjects (10ms)
		BackupInstance (0ms)
		ReleaseScriptingObjects (0ms)
		CreateAndSetChildDomain (125ms)
	RebuildCommonClasses (43ms)
	RebuildNativeTypeToScriptingClass (15ms)
	initialDomainReloadingComplete (96ms)
	LoadAllAssembliesAndSetupDomain (1175ms)
		LoadAssemblies (736ms)
		RebuildTransferFunctionScriptingTraits (0ms)
		AnalyzeDomain (580ms)
			TypeCache.Refresh (15ms)
				TypeCache.ScanAssembly (0ms)
			BuildScriptInfoCaches (546ms)
			ResolveRequiredComponents (10ms)
	FinalizeReload (2980ms)
		ReleaseScriptCaches (0ms)
		RebuildScriptCaches (0ms)
		SetupLoadedEditorAssemblies (2663ms)
			LogAssemblyErrors (0ms)
			InitializePlatformSupportModulesInManaged (2ms)
			SetLoadedEditorAssemblies (10ms)
			BeforeProcessingInitializeOnLoad (374ms)
			ProcessInitializeOnLoadAttributes (1489ms)
			ProcessInitializeOnLoadMethodAttributes (775ms)
			AfterProcessingInitializeOnLoad (11ms)
			EditorAssembliesLoaded (2ms)
		ExecutionOrderSort2 (0ms)
		AwakeInstancesAfterBackupRestoration (30ms)
Refreshing native plugins compatible for Editor in 4.14 ms, found 5 plugins.
Preloading 1 native plugins for Editor in 0.12 ms.
Unloading 82 Unused Serialized files (Serialized files now loaded: 0)
Unloading 10701 unused Assets / (23.0 MB). Loaded Objects now: 11566.
Memory consumption went from 243.3 MB to 220.3 MB.
Total: 58.899200 ms (FindLiveObjects: 3.427400 ms CreateObjectMapping: 2.497800 ms MarkObjects: 31.511700 ms  DeleteObjects: 21.459300 ms)

Prepare: number of updated asset objects reloaded= 0
========================================================================
Received Prepare
Begin MonoManager ReloadAssembly
[Licensing::Client] Successfully resolved entitlement details
Symbol file LoadedFromMemory is not a mono symbol file
Symbol file LoadedFromMemory is not a mono symbol file
- Loaded All Assemblies, in  1.535 seconds
Refreshing native plugins compatible for Editor in 5.30 ms, found 5 plugins.
Native extension for WindowsStandalone target not found
[Package Manager] Failed to launch server process. Reason: Unity was launched with the -noUpm command-line argument
[Package Manager] Unable to send message (not connected to server process).
[Package Manager] Cannot connect to Unity Package Manager local server
Refreshing native plugins compatible for Editor in 7.79 ms, found 5 plugins.
[Package Manager] Failed to launch server process. Reason: Unity was launched with the -noUpm command-line argument
[Package Manager] Unable to send message (not connected to server process).
[Package Manager] Cannot connect to Unity Package Manager local server
[MODES] ModeService[none].Initialize
[MODES] ModeService[none].LoadModes
[Licensing::Client] Error: Code 404 while processing request (status: Found 0 entitlement groups and 0 free entitlements matching requested entitlement ids)
ScheduleIndexationOnStartup MainProcess:False IndexOnStartup:True
Mono: successfully reloaded assembly
- Finished resetting the current domain, in  2.774 seconds
Domain Reload Profiling: 4310ms
	BeginReloadAssembly (392ms)
		ExecutionOrderSort (0ms)
		DisableScriptedObjects (21ms)
		BackupInstance (0ms)
		ReleaseScriptingObjects (0ms)
		CreateAndSetChildDomain (129ms)
	RebuildCommonClasses (42ms)
	RebuildNativeTypeToScriptingClass (16ms)
	initialDomainReloadingComplete (78ms)
	LoadAllAssembliesAndSetupDomain (1008ms)
		LoadAssemblies (693ms)
		RebuildTransferFunctionScriptingTraits (0ms)
		AnalyzeDomain (453ms)
			TypeCache.Refresh (13ms)
				TypeCache.ScanAssembly (0ms)
			BuildScriptInfoCaches (419ms)
			ResolveRequiredComponents (11ms)
	FinalizeReload (2775ms)
		ReleaseScriptCaches (0ms)
		RebuildScriptCaches (0ms)
		SetupLoadedEditorAssemblies (2487ms)
			LogAssemblyErrors (0ms)
			InitializePlatformSupportModulesInManaged (2ms)
			SetLoadedEditorAssemblies (10ms)
			BeforeProcessingInitializeOnLoad (344ms)
			ProcessInitializeOnLoadAttributes (1442ms)
			ProcessInitializeOnLoadMethodAttributes (674ms)
			AfterProcessingInitializeOnLoad (12ms)
			EditorAssembliesLoaded (2ms)
		ExecutionOrderSort2 (0ms)
		AwakeInstancesAfterBackupRestoration (40ms)
Refreshing native plugins compatible for Editor in 3.64 ms, found 5 plugins.
Preloading 1 native plugins for Editor in 0.10 ms.
Unloading 82 Unused Serialized files (Serialized files now loaded: 0)
Unloading 10701 unused Assets / (23.3 MB). Loaded Objects now: 11569.
Memory consumption went from 247.0 MB to 223.7 MB.
Total: 67.473900 ms (FindLiveObjects: 3.214700 ms CreateObjectMapping: 2.519000 ms MarkObjects: 31.744700 ms  DeleteObjects: 29.992600 ms)

Prepare: number of updated asset objects reloaded= 0
========================================================================
Received Import Request.
  Time since last request: 56466.764846 seconds.
  path: Assets/!_Project/Scenes/01_MainMenu.unity
  artifactKey: Guid(99c9720ab356a0642a771bea13969a05) Importer(815301076,1909f56bfc062723c751e8b465ee728b)
Start importing Assets/!_Project/Scenes/01_MainMenu.unity using Guid(99c9720ab356a0642a771bea13969a05) Importer(815301076,1909f56bfc062723c751e8b465ee728b) (PreviewImporter) -> (artifact id: 'd7c9eae2cbfe90858b91e29f13cc65b9') in 0.0213943 seconds
Number of updated asset objects reloaded before import = 0Number of asset objects unloaded after import = 0

========================================================================
Received Import Request.
  Time since last request: 304.207033 seconds.
  path: Assets/!_Project/Scenes/02_GameLevel.unity
  artifactKey: Guid(d9f48303c6dad8e41adf0703929f14c0) Importer(815301076,1909f56bfc062723c751e8b465ee728b)
Start importing Assets/!_Project/Scenes/02_GameLevel.unity using Guid(d9f48303c6dad8e41adf0703929f14c0) Importer(815301076,1909f56bfc062723c751e8b465ee728b) (PreviewImporter) -> (artifact id: '8008b016fc5b790966f19433ee7691fa') in 0.0015799 seconds
Number of updated asset objects reloaded before import = 0Number of asset objects unloaded after import = 0

========================================================================
Received Import Request.
  Time since last request: 541.917231 seconds.
  path: Assets/!_Project/Scenes/02_GameLevel.unity
  artifactKey: Guid(d9f48303c6dad8e41adf0703929f14c0) Importer(815301076,1909f56bfc062723c751e8b465ee728b)
Start importing Assets/!_Project/Scenes/02_GameLevel.unity using Guid(d9f48303c6dad8e41adf0703929f14c0) Importer(815301076,1909f56bfc062723c751e8b465ee728b) (PreviewImporter) -> (artifact id: '9dca8b89e8a34125e859f12505fbf9eb') in 0.0015425 seconds
Number of updated asset objects reloaded before import = 0Number of asset objects unloaded after import = 0

========================================================================
Received Import Request.
  Time since last request: 137.137552 seconds.
  path: Assets/Thirdparty/Shield Shader FREE/Materials/Shield FX_10.mat
  artifactKey: Guid(cee33a37f4d23a749962887be9053bae) Importer(2089858483,b0f066a214c2f5e87bad3c948f4d605d)
Start importing Assets/Thirdparty/Shield Shader FREE/Materials/Shield FX_10.mat using Guid(cee33a37f4d23a749962887be9053bae) Importer(2089858483,b0f066a214c2f5e87bad3c948f4d605d) (ScriptedImporter) -> (artifact id: 'e89223b82cf54aebf0159ec787e6ce69') in 0.0997967 seconds
Number of updated asset objects reloaded before import = 0Number of asset objects unloaded after import = 5

========================================================================
Received Import Request.
  Time since last request: 0.000029 seconds.
  path: Assets/Thirdparty/Shield Shader FREE/Materials/Shield FX_15.mat
  artifactKey: Guid(0b8539b196da54e4995eb151de770e4e) Importer(2089858483,b0f066a214c2f5e87bad3c948f4d605d)
Start importing Assets/Thirdparty/Shield Shader FREE/Materials/Shield FX_15.mat using Guid(0b8539b196da54e4995eb151de770e4e) Importer(2089858483,b0f066a214c2f5e87bad3c948f4d605d) (ScriptedImporter) -> (artifact id: '8ce6b5b7a321e14913d9e96f98d9df47') in 0.0188518 seconds
Number of updated asset objects reloaded before import = 0Number of asset objects unloaded after import = 6

========================================================================
Received Import Request.
  Time since last request: 0.000064 seconds.
  path: Assets/!_Project/Scenes/02_GameLevel.unity
  artifactKey: Guid(d9f48303c6dad8e41adf0703929f14c0) Importer(2089858483,b0f066a214c2f5e87bad3c948f4d605d)
Start importing Assets/!_Project/Scenes/02_GameLevel.unity using Guid(d9f48303c6dad8e41adf0703929f14c0) Importer(2089858483,b0f066a214c2f5e87bad3c948f4d605d) (ScriptedImporter) -> (artifact id: '0fc56068fc3eb61c13a42d48ee29cdd3') in 0.0212692 seconds
Number of updated asset objects reloaded before import = 0Number of asset objects unloaded after import = 1

========================================================================
Received Import Request.
  Time since last request: 0.000026 seconds.
  path: Assets/Thirdparty/Shield Shader FREE/Materials/Shield FX_14 1.mat
  artifactKey: Guid(1a3bec1e7d134ae4094ba7a61aba4cef) Importer(2089858483,b0f066a214c2f5e87bad3c948f4d605d)
Start importing Assets/Thirdparty/Shield Shader FREE/Materials/Shield FX_14 1.mat using Guid(1a3bec1e7d134ae4094ba7a61aba4cef) Importer(2089858483,b0f066a214c2f5e87bad3c948f4d605d) (ScriptedImporter) -> (artifact id: 'd6a9a74c29843d5d7a64f748563192fd') in 0.0223168 seconds
Number of updated asset objects reloaded before import = 0Number of asset objects unloaded after import = 5

========================================================================
Received Import Request.
  Time since last request: 0.000046 seconds.
  path: Assets/Thirdparty/Shield Shader FREE/Materials/Shield FX_9 1.mat
  artifactKey: Guid(328b179fdeacc434da098aa5940da8ac) Importer(2089858483,b0f066a214c2f5e87bad3c948f4d605d)
Start importing Assets/Thirdparty/Shield Shader FREE/Materials/Shield FX_9 1.mat using Guid(328b179fdeacc434da098aa5940da8ac) Importer(2089858483,b0f066a214c2f5e87bad3c948f4d605d) (ScriptedImporter) -> (artifact id: 'ed0b99e54258cfb6b70913ff58621ae9') in 0.0531643 seconds
Number of updated asset objects reloaded before import = 0Number of asset objects unloaded after import = 7

========================================================================
Received Prepare
Refreshing native plugins compatible for Editor in 3.51 ms, found 5 plugins.
Preloading 1 native plugins for Editor in 0.10 ms.
Unloading 82 Unused Serialized files (Serialized files now loaded: 0)
Unloading 10682 unused Assets / (24.8 MB). Loaded Objects now: 11570.
Memory consumption went from 240.0 MB to 215.2 MB.
Total: 44.727900 ms (FindLiveObjects: 1.725400 ms CreateObjectMapping: 1.852100 ms MarkObjects: 23.239700 ms  DeleteObjects: 17.908200 ms)

Prepare: number of updated asset objects reloaded= 0
========================================================================
Received Import Request.
  Time since last request: 8.345367 seconds.
  path: Assets/!_Project/Scripts/SceneSwitcher.cs
  artifactKey: Guid(cd2cc5423c8e4c64fbc476e6bed74ecb) Importer(2089858483,b0f066a214c2f5e87bad3c948f4d605d)
Start importing Assets/!_Project/Scripts/SceneSwitcher.cs using Guid(cd2cc5423c8e4c64fbc476e6bed74ecb) Importer(2089858483,b0f066a214c2f5e87bad3c948f4d605d) (ScriptedImporter) -> (artifact id: '4b6c8b40dcc5f5997f3e7bee373dd491') in 0.0238319 seconds
Number of updated asset objects reloaded before import = 0Number of asset objects unloaded after import = 0

========================================================================
Received Prepare
Begin MonoManager ReloadAssembly
[Licensing::Client] Successfully resolved entitlement details
Symbol file LoadedFromMemory is not a mono symbol file
Symbol file LoadedFromMemory is not a mono symbol file
- Loaded All Assemblies, in  1.774 seconds
Refreshing native plugins compatible for Editor in 6.21 ms, found 5 plugins.
Native extension for WindowsStandalone target not found
[Package Manager] Failed to launch server process. Reason: Unity was launched with the -noUpm command-line argument
[Package Manager] Unable to send message (not connected to server process).
[Package Manager] Cannot connect to Unity Package Manager local server
Refreshing native plugins compatible for Editor in 5.39 ms, found 5 plugins.
[Package Manager] Failed to launch server process. Reason: Unity was launched with the -noUpm command-line argument
[Package Manager] Unable to send message (not connected to server process).
[Package Manager] Cannot connect to Unity Package Manager local server
[MODES] ModeService[none].Initialize
[MODES] ModeService[none].LoadModes
[Licensing::Client] Error: Code 404 while processing request (status: Found 0 entitlement groups and 0 free entitlements matching requested entitlement ids)
ScheduleIndexationOnStartup MainProcess:False IndexOnStartup:True
Mono: successfully reloaded assembly
- Finished resetting the current domain, in  3.391 seconds
Domain Reload Profiling: 5162ms
	BeginReloadAssembly (432ms)
		ExecutionOrderSort (0ms)
		DisableScriptedObjects (10ms)
		BackupInstance (0ms)
		ReleaseScriptingObjects (0ms)
		CreateAndSetChildDomain (171ms)
	RebuildCommonClasses (59ms)
	RebuildNativeTypeToScriptingClass (21ms)
	initialDomainReloadingComplete (89ms)
	LoadAllAssembliesAndSetupDomain (1169ms)
		LoadAssemblies (749ms)
		RebuildTransferFunctionScriptingTraits (0ms)
		AnalyzeDomain (571ms)
			TypeCache.Refresh (28ms)
				TypeCache.ScanAssembly (0ms)
			BuildScriptInfoCaches (523ms)
			ResolveRequiredComponents (12ms)
	FinalizeReload (3392ms)
		ReleaseScriptCaches (0ms)
		RebuildScriptCaches (0ms)
		SetupLoadedEditorAssemblies (2970ms)
			LogAssemblyErrors (0ms)
			InitializePlatformSupportModulesInManaged (4ms)
			SetLoadedEditorAssemblies (29ms)
			BeforeProcessingInitializeOnLoad (530ms)
			ProcessInitializeOnLoadAttributes (1630ms)
			ProcessInitializeOnLoadMethodAttributes (763ms)
			AfterProcessingInitializeOnLoad (12ms)
			EditorAssembliesLoaded (2ms)
		ExecutionOrderSort2 (0ms)
		AwakeInstancesAfterBackupRestoration (33ms)
Refreshing native plugins compatible for Editor in 6.02 ms, found 5 plugins.
Preloading 1 native plugins for Editor in 0.13 ms.
Unloading 82 Unused Serialized files (Serialized files now loaded: 0)
Unloading 10702 unused Assets / (23.7 MB). Loaded Objects now: 11573.
Memory consumption went from 239.9 MB to 216.1 MB.
Total: 72.353300 ms (FindLiveObjects: 4.014800 ms CreateObjectMapping: 4.990700 ms MarkObjects: 39.264500 ms  DeleteObjects: 24.080100 ms)

Prepare: number of updated asset objects reloaded= 0
Editor requested this worker to shutdown with reason: Scaling down because of idle timeout
AssetImportWorker is now disconnected from the server
Process exiting
Exiting without the bug reporter. Application will terminate with return code 0