[Licensing::Module] Trying to connect to existing licensing client channel...
[Licensing::IpcConnector] Successfully connected to: "LicenseClient-alexf" at "2026-09-28T09:48:29.5825305Z"
Built from '6000.3/staging' branch; Version is '6000.3.23f1 (09d2ecc7fb28) revision 643820'; Using compiler version '194234433'; Build Type 'Release'
OS: 'Windows 11  (10.0.26200) Professional' Language: 'ru' Physical Memory: 15774 MB
BatchMode: 1, IsHumanControllingUs: 0, StartBugReporterOnCrash: 0, Is64bit: 1
System  architecture: x64
Process architecture: x64
Date: 2026-09-28T09:48:29Z
[Licensing::Client] Code 10 while verifying Licensing Client signature (process Id: 17224, path: "C:/Program Files/Unity Hub/UnityLicensingClient_V1/Unity.Licensing.Client.exe")
[Licensing::Module] LicensingClient has failed validation; ignoring
[Licensing::Client] Handshaking with LicensingClient:
  Version:                 1.18.3+d7ffd15
  Session Id:              a45261b147fc4f9e91ac44ae011af28e
  Correlation Id:          a255e677bf57437d888f1699006a97f9
  External correlation Id: 3937437802314627769
  Machine Id:              +OAQAnJ7Z6ADVfkzKEIIzVA0kc8=
[Licensing::Module] Successfully connected to LicensingClient on channel: "LicenseClient-alexf" (connect: 0.00s, validation: 0.00s, handshake: 0.10s)
[Licensing::IpcConnector] Successfully connected to: "LicenseClient-alexf-notifications" at "2026-09-28T09:48:29.6907747Z"
[Licensing::Module] Licensing Background thread has ended after 0.11s

COMMAND LINE ARGUMENTS:
C:\Program Files\Unity\Hub\Editor\6000.3.23f1\Editor\Unity.exe
-adb2
-batchMode
-noUpm
-name
AssetImportWorker1
-projectPath
C:/Unity/Neon Horizon
-logFile
Logs/AssetImportWorker1.log
-srvPort
62400
-parentPid
3372
-analyticsCloudUserId
10171583763260
-analyticsCloudProjectId
9cff1019-d6d3-40b2-aea9-38e9ff936228
-analyticsLocalProjectId
966f891262f6cdc45888fa76954259a0
-editorAnalyticsEnabled
1
-cbmEditorLicense
83070d8dcec7825c34f430beb5a06e72bf3edb1c
-cbmMachineId
+OAQAnJ7Z6ADVfkzKEIIzVA0kc8=
-licensingIpc
LicenseClient-alexf
-job-worker-count
5
-background-job-worker-count
8
-gc-helper-count
1
-name
AssetImport
Successfully changed project path to: C:/Unity/Neon Horizon
C:/Unity/Neon Horizon
[UnityMemory] Configuration Parameters - Can be set up in boot.config
    "memorysetup-temp-allocator-size-nav-mesh-worker=65536"
    "memorysetup-temp-allocator-size-audio-worker=65536"
    "memorysetup-temp-allocator-size-gfx=262144"
    "memorysetup-allocator-temp-initial-block-size-main=262144"
    "memorysetup-allocator-temp-initial-block-size-worker=262144"
    "memorysetup-temp-allocator-size-background-worker=32768"
    "memorysetup-temp-allocator-size-job-worker=262144"
    "memorysetup-temp-allocator-size-preload-manager=33554432"
    "memorysetup-remapper-allocator-initial-capacity=32768"
    "memorysetup-temp-allocator-size-gi-baking-worker=262144"
    "memorysetup-temp-allocator-size-gi-baking-worker=262144"
    "memorysetup-temp-allocator-size-gi-baking-worker=262144"
    "memorysetup-temp-allocator-size-gi-baking-worker=262144"
    "memorysetup-temp-allocator-size-gi-baking-worker=262144"
    "memorysetup-bucket-allocator-granularity=16"
    "memorysetup-bucket-allocator-bucket-count=8"
    "memorysetup-bucket-allocator-block-size=33554432"
    "memorysetup-bucket-allocator-block-count=8"
    "memorysetup-main-allocator-block-size=16777216"
    "memorysetup-thread-allocator-block-size=16777216"
    "memorysetup-gfx-main-allocator-block-size=16777216"
    "memorysetup-gfx-thread-allocator-block-size=16777216"
    "memorysetup-cache-allocator-block-size=4194304"
    "memorysetup-typetree-allocator-block-size=2097152"
    "memorysetup-profiler-bucket-allocator-granularity=16"
    "memorysetup-profiler-bucket-allocator-bucket-count=8"
    "memorysetup-profiler-bucket-allocator-block-size=33554432"
    "memorysetup-profiler-bucket-allocator-block-count=8"
    "memorysetup-profiler-allocator-block-size=16777216"
    "memorysetup-profiler-editor-allocator-block-size=1048576"
    "memorysetup-temp-allocator-size-main=16777216"
    "memorysetup-job-temp-allocator-block-size=2097152"
    "memorysetup-job-temp-allocator-block-size-background=1048576"
    "memorysetup-job-temp-allocator-reduction-small-platforms=262144"
    "memorysetup-temp-allocator-size-cloud-worker=32768"
Player connection [14888]  Target information:

Player connection [14888]  * "[IP] 192.168.0.178 [Port] 0 [Flags] 2 [Guid] 3709758892 [EditorId] 3709758892 [Version] 1048832 [Id] WindowsEditor(7,WIN-OFTAFMSO75S) [Debug] 1 [PackageName] WindowsEditor [ProjectName] Editor" 

Player connection [14888] Host joined multi-casting on [225.0.0.222:54997]...
Player connection [14888] Host joined alternative multi-casting on [225.0.0.222:34997]...
JobSystem: Creating JobQueue using job-worker-count value 5
Input System module state changed to: Initialized.
[Physics::Module] Initialized fallback backend.
[Physics::Module] Id: 0xdecafbad
Library Redirect Path: Library/
[Physics::Module] Selected backend.
[Physics::Module] Name: PhysX
[Physics::Module] Id: 0xf2b8ea05
[Physics::Module] SDK Version: 4.1.2
[Physics::Module] Integration Version: 1.0.0
[Physics::Module] Threading Mode: Multi-Threaded
Refreshing native plugins compatible for Editor in 15.60 ms, found 5 plugins.
Preloading 1 native plugins for Editor in 3.31 ms.
Initialize engine version: 6000.3.23f1 (09d2ecc7fb28)
[Subsystems] Discovering subsystems at path C:/Program Files/Unity/Hub/Editor/6000.3.23f1/Editor/Data/Resources/UnitySubsystems
[Subsystems] Discovering subsystems at path C:/Unity/Neon Horizon/Assets
GfxDevice: creating device client; kGfxThreadingModeNonThreaded
d3d12: failed to query info queue interface (0x80004002).
Direct3D:
    Version:         Direct3D 12 [level 12.1]
    Renderer:        AMD Radeon (TM) Graphics (ID=0x15e7)
    Vendor:          ATI
    VRAM:            7887 MB
    App VRAM Budget: 7707 MB
    Driver:          31.0.12042.4
    Unified Memory Architecture
Initialize mono
Mono path[0] = 'C:/Program Files/Unity/Hub/Editor/6000.3.23f1/Editor/Data/Managed'
Mono path[1] = 'C:/Program Files/Unity/Hub/Editor/6000.3.23f1/Editor/Data/MonoBleedingEdge/lib/mono/unityjit-win32'
Mono config path = 'C:/Program Files/Unity/Hub/Editor/6000.3.23f1/Editor/Data/MonoBleedingEdge/etc'
Using monoOptions --debugger-agent=transport=dt_socket,embedding=1,server=y,suspend=n,address=127.0.0.1:56712
Begin MonoManager ReloadAssembly
Registering precompiled unity dll's ...
Register platform support module: C:/Program Files/Unity/Hub/Editor/6000.3.23f1/Editor/Data/PlaybackEngines/WindowsStandaloneSupport/UnityEditor.WindowsStandalone.Extensions.dll
Registered in 0.003528 seconds.
- Loaded All Assemblies, in  1.067 seconds
Native extension for WindowsStandalone target not found
Package Manager log level set to [2]
[Package Manager] Failed to launch server process. Reason: Unity was launched with the -noUpm command-line argument
[Package Manager] Unable to send message (not connected to server process).
[Package Manager] Cannot connect to Unity Package Manager local server
ScheduleIndexationOnStartup MainProcess:False IndexOnStartup:True
Mono: successfully reloaded assembly
- Finished resetting the current domain, in  0.964 seconds
Domain Reload Profiling: 2024ms
	BeginReloadAssembly (370ms)
		ExecutionOrderSort (0ms)
		DisableScriptedObjects (0ms)
		BackupInstance (0ms)
		ReleaseScriptingObjects (0ms)
		CreateAndSetChildDomain (2ms)
	RebuildCommonClasses (80ms)
	RebuildNativeTypeToScriptingClass (40ms)
	initialDomainReloadingComplete (150ms)
	LoadAllAssembliesAndSetupDomain (420ms)
		LoadAssemblies (362ms)
		RebuildTransferFunctionScriptingTraits (0ms)
		AnalyzeDomain (412ms)
			TypeCache.Refresh (408ms)
				TypeCache.ScanAssembly (377ms)
			BuildScriptInfoCaches (0ms)
			ResolveRequiredComponents (1ms)
	FinalizeReload (965ms)
		ReleaseScriptCaches (0ms)
		RebuildScriptCaches (0ms)
		SetupLoadedEditorAssemblies (849ms)
			LogAssemblyErrors (0ms)
			InitializePlatformSupportModulesInManaged (109ms)
			SetLoadedEditorAssemblies (11ms)
			BeforeProcessingInitializeOnLoad (211ms)
			ProcessInitializeOnLoadAttributes (357ms)
			ProcessInitializeOnLoadMethodAttributes (161ms)
			AfterProcessingInitializeOnLoad (0ms)
			EditorAssembliesLoaded (0ms)
		ExecutionOrderSort2 (0ms)
		AwakeInstancesAfterBackupRestoration (0ms)
[Licensing::Client] Successfully resolved entitlement details
[Licensing::Module] License group:
  Id: 10171583763260-UnityPersXXXX
  Product: Unity Personal
  Type: Assigned
  Expiration: Unlimited
Curl error 3: URL rejected: Malformed input to a URL function
========================================================================
Worker process is ready to serve import requests
Import Worker Mode flag is 0x00
Begin MonoManager ReloadAssembly
Symbol file LoadedFromMemory is not a mono symbol file
Symbol file LoadedFromMemory is not a mono symbol file
- Loaded All Assemblies, in  2.969 seconds
Refreshing native plugins compatible for Editor in 6.93 ms, found 5 plugins.
Native extension for WindowsStandalone target not found
[Package Manager] Failed to launch server process. Reason: Unity was launched with the -noUpm command-line argument
[Package Manager] Unable to send message (not connected to server process).
[Package Manager] Cannot connect to Unity Package Manager local server
Refreshing native plugins compatible for Editor in 7.25 ms, found 5 plugins.
[Package Manager] Failed to launch server process. Reason: Unity was launched with the -noUpm command-line argument
[Package Manager] Unable to send message (not connected to server process).
[Package Manager] Cannot connect to Unity Package Manager local server
[Licensing::Client] Error: Code 404 while processing request (status: Found 0 entitlement groups and 0 free entitlements matching requested entitlement ids)
ScheduleIndexationOnStartup MainProcess:False IndexOnStartup:True
Mono: successfully reloaded assembly
- Finished resetting the current domain, in  4.829 seconds
Domain Reload Profiling: 7782ms
	BeginReloadAssembly (441ms)
		ExecutionOrderSort (0ms)
		DisableScriptedObjects (16ms)
		BackupInstance (0ms)
		ReleaseScriptingObjects (0ms)
		CreateAndSetChildDomain (57ms)
	RebuildCommonClasses (95ms)
	RebuildNativeTypeToScriptingClass (45ms)
	initialDomainReloadingComplete (178ms)
	LoadAllAssembliesAndSetupDomain (2193ms)
		LoadAssemblies (1281ms)
		RebuildTransferFunctionScriptingTraits (0ms)
		AnalyzeDomain (1172ms)
			TypeCache.Refresh (959ms)
				TypeCache.ScanAssembly (914ms)
			BuildScriptInfoCaches (167ms)
			ResolveRequiredComponents (24ms)
	FinalizeReload (4830ms)
		ReleaseScriptCaches (0ms)
		RebuildScriptCaches (0ms)
		SetupLoadedEditorAssemblies (4257ms)
			LogAssemblyErrors (0ms)
			InitializePlatformSupportModulesInManaged (4ms)
			SetLoadedEditorAssemblies (15ms)
			BeforeProcessingInitializeOnLoad (609ms)
			ProcessInitializeOnLoadAttributes (2802ms)
			ProcessInitializeOnLoadMethodAttributes (801ms)
			AfterProcessingInitializeOnLoad (23ms)
			EditorAssembliesLoaded (1ms)
		ExecutionOrderSort2 (0ms)
		AwakeInstancesAfterBackupRestoration (19ms)
Launched and connected shader compiler UnityShaderCompiler.exe after 0.03 seconds
Refreshing native plugins compatible for Editor in 11.20 ms, found 5 plugins.
Preloading 1 native plugins for Editor in 0.21 ms.
Unloading 59 Unused Serialized files (Serialized files now loaded: 0)
Curl error 3: URL rejected: Malformed input to a URL function
Unloading 10310 unused Assets / (20.8 MB). Loaded Objects now: 11138.
Memory consumption went from 217.7 MB to 196.8 MB.
Total: 73.334500 ms (FindLiveObjects: 3.281300 ms CreateObjectMapping: 3.696000 ms MarkObjects: 49.342700 ms  DeleteObjects: 17.012700 ms)

========================================================================
Received Import Request.
  Time since last request: 1314373.144417 seconds.
  path: Assets/Thirdparty/Shield Shader FREE/Prefabs/Shield FX_ FREE_7.prefab
  artifactKey: Guid(2378b4a0c3f1080439606a9c137e5220) Importer(2089858483,b0f066a214c2f5e87bad3c948f4d605d)
Start importing Assets/Thirdparty/Shield Shader FREE/Prefabs/Shield FX_ FREE_7.prefab using Guid(2378b4a0c3f1080439606a9c137e5220) Importer(2089858483,b0f066a214c2f5e87bad3c948f4d605d) (ScriptedImporter) -> (artifact id: 'f72e0613324bb7e3b57774d81930d1a7') in 0.3996253 seconds
Number of updated asset objects reloaded before import = 0Number of asset objects unloaded after import = 9

========================================================================
Received Import Request.
  Time since last request: 0.000032 seconds.
  path: Assets/Thirdparty/Shield Shader FREE/Materials/Shield FX_15 1.mat
  artifactKey: Guid(5aa626b6bc618b746adf46c4381ee6d9) Importer(2089858483,b0f066a214c2f5e87bad3c948f4d605d)
Start importing Assets/Thirdparty/Shield Shader FREE/Materials/Shield FX_15 1.mat using Guid(5aa626b6bc618b746adf46c4381ee6d9) Importer(2089858483,b0f066a214c2f5e87bad3c948f4d605d) (ScriptedImporter) -> (artifact id: 'b98930d1050bd16ddf70f086aa482d1c') in 0.0738204 seconds
Number of updated asset objects reloaded before import = 0Number of asset objects unloaded after import = 6

========================================================================
Received Import Request.
  Time since last request: 0.000060 seconds.
  path: Assets/Thirdparty/Shield Shader FREE/Materials/Shield FX_18 1.mat
  artifactKey: Guid(addaa9ab39520ec46a920d71d131307c) Importer(2089858483,b0f066a214c2f5e87bad3c948f4d605d)
Start importing Assets/Thirdparty/Shield Shader FREE/Materials/Shield FX_18 1.mat using Guid(addaa9ab39520ec46a920d71d131307c) Importer(2089858483,b0f066a214c2f5e87bad3c948f4d605d) (ScriptedImporter) -> (artifact id: '7855743b92481fa3408c7317eace4ab9') in 0.0286302 seconds
Number of updated asset objects reloaded before import = 0Number of asset objects unloaded after import = 5

========================================================================
Received Import Request.
  Time since last request: 0.000036 seconds.
  path: Assets/Thirdparty/Shield Shader FREE/Materials/Shield FX_9 1.mat
  artifactKey: Guid(328b179fdeacc434da098aa5940da8ac) Importer(2089858483,b0f066a214c2f5e87bad3c948f4d605d)
Start importing Assets/Thirdparty/Shield Shader FREE/Materials/Shield FX_9 1.mat using Guid(328b179fdeacc434da098aa5940da8ac) Importer(2089858483,b0f066a214c2f5e87bad3c948f4d605d) (ScriptedImporter) -> (artifact id: 'ad7c5c83bb4df9dcf2fed76b5fd6697f') in 0.0964155 seconds
Number of updated asset objects reloaded before import = 0Number of asset objects unloaded after import = 6

========================================================================
Received Import Request.
  Time since last request: 0.000057 seconds.
  path: Assets/Thirdparty/Shield Shader FREE/Shader_Graph/Hologram_Shader.shadergraph
  artifactKey: Guid(7273ade5faebcb9448394e807492b217) Importer(2089858483,b0f066a214c2f5e87bad3c948f4d605d)
Start importing Assets/Thirdparty/Shield Shader FREE/Shader_Graph/Hologram_Shader.shadergraph using Guid(7273ade5faebcb9448394e807492b217) Importer(2089858483,b0f066a214c2f5e87bad3c948f4d605d) (ScriptedImporter) -> (artifact id: 'b705103e8081f9cc50f2beb711a411b3') in 0.0820977 seconds
Number of updated asset objects reloaded before import = 0Number of asset objects unloaded after import = 4

========================================================================
Received Import Request.
  Time since last request: 0.000085 seconds.
  path: Assets/Thirdparty/Shield Shader FREE/Textures/Checker yellow black.png
  artifactKey: Guid(66b27f6376c215242b1beae759e8a6ef) Importer(2089858483,b0f066a214c2f5e87bad3c948f4d605d)
Start importing Assets/Thirdparty/Shield Shader FREE/Textures/Checker yellow black.png using Guid(66b27f6376c215242b1beae759e8a6ef) Importer(2089858483,b0f066a214c2f5e87bad3c948f4d605d) (ScriptedImporter) -> (artifact id: '5771b56c57c99019b6bee7360bdcc2cb') in 0.1348007 seconds
Number of updated asset objects reloaded before import = 0Number of asset objects unloaded after import = 1

========================================================================
Received Import Request.
  Time since last request: 0.000039 seconds.
  path: Assets/Thirdparty/Shield Shader FREE/Meshes/Ghost.fbx
  artifactKey: Guid(3713e3e36e81a05479287b090d78634a) Importer(2089858483,b0f066a214c2f5e87bad3c948f4d605d)
Start importing Assets/Thirdparty/Shield Shader FREE/Meshes/Ghost.fbx using Guid(3713e3e36e81a05479287b090d78634a) Importer(2089858483,b0f066a214c2f5e87bad3c948f4d605d) (ScriptedImporter) -> (artifact id: '4117d2e0dfb1bb275a68133489231ca4') in 0.0979453 seconds
Number of updated asset objects reloaded before import = 0Number of asset objects unloaded after import = 52

========================================================================
Received Import Request.
  Time since last request: 0.000052 seconds.
  path: Assets/Thirdparty/Shield Shader FREE/Prefabs/Sphere UV.prefab
  artifactKey: Guid(c72e1411e2e4ff84a87796edeb13556e) Importer(2089858483,b0f066a214c2f5e87bad3c948f4d605d)
Start importing Assets/Thirdparty/Shield Shader FREE/Prefabs/Sphere UV.prefab using Guid(c72e1411e2e4ff84a87796edeb13556e) Importer(2089858483,b0f066a214c2f5e87bad3c948f4d605d) (ScriptedImporter) -> (artifact id: '7b623099fd325ef7b83f473459bd2d72') in 0.0307472 seconds
Number of updated asset objects reloaded before import = 0Number of asset objects unloaded after import = 8

========================================================================
Received Import Request.
  Time since last request: 0.000053 seconds.
  path: Assets/Thirdparty/Shield Shader FREE/Textures
  artifactKey: Guid(08d32ca81d1d5a64197364b2ec4981ff) Importer(2089858483,b0f066a214c2f5e87bad3c948f4d605d)
Start importing Assets/Thirdparty/Shield Shader FREE/Textures using Guid(08d32ca81d1d5a64197364b2ec4981ff) Importer(2089858483,b0f066a214c2f5e87bad3c948f4d605d) (ScriptedImporter) -> (artifact id: 'd07d693beb3d43fd4fbbe7e6e1e3fc16') in 0.0299131 seconds
Number of updated asset objects reloaded before import = 0Number of asset objects unloaded after import = 1

========================================================================
Received Import Request.
  Time since last request: 0.000034 seconds.
  path: Assets/Thirdparty/Shield Shader FREE/Textures/Shader/Hex Tile.png
  artifactKey: Guid(779f526675bd03543b22644b944b9c0e) Importer(2089858483,b0f066a214c2f5e87bad3c948f4d605d)
Start importing Assets/Thirdparty/Shield Shader FREE/Textures/Shader/Hex Tile.png using Guid(779f526675bd03543b22644b944b9c0e) Importer(2089858483,b0f066a214c2f5e87bad3c948f4d605d) (ScriptedImporter) -> (artifact id: 'fa220ec826b39dd0e2ae7f975b5c4593') in 0.0537959 seconds
Number of updated asset objects reloaded before import = 0Number of asset objects unloaded after import = 1

========================================================================
Received Import Request.
  Time since last request: 0.000065 seconds.
  path: Assets/Thirdparty/Shield Shader FREE/Prefabs
  artifactKey: Guid(bf730d6927250734ab6748587435590b) Importer(2089858483,b0f066a214c2f5e87bad3c948f4d605d)
Start importing Assets/Thirdparty/Shield Shader FREE/Prefabs using Guid(bf730d6927250734ab6748587435590b) Importer(2089858483,b0f066a214c2f5e87bad3c948f4d605d) (ScriptedImporter) -> (artifact id: 'e8287876e7af5ea5ccd4f81fa3e9d271') in 0.0248417 seconds
Number of updated asset objects reloaded before import = 0Number of asset objects unloaded after import = 1

========================================================================
Received Import Request.
  Time since last request: 0.000032 seconds.
  path: Assets/Thirdparty/Shield Shader FREE
  artifactKey: Guid(31697721367081c4d98877b9c23f4b53) Importer(2089858483,b0f066a214c2f5e87bad3c948f4d605d)
Start importing Assets/Thirdparty/Shield Shader FREE using Guid(31697721367081c4d98877b9c23f4b53) Importer(2089858483,b0f066a214c2f5e87bad3c948f4d605d) (ScriptedImporter) -> (artifact id: 'd70f456b6f3ba7bc503c902711fc2c2e') in 0.0287555 seconds
Number of updated asset objects reloaded before import = 0Number of asset objects unloaded after import = 1

========================================================================
Received Import Request.
  Time since last request: 0.000056 seconds.
  path: Assets/Thirdparty/Shield Shader FREE/Prefabs/Shield FX_ FREE_8.prefab
  artifactKey: Guid(1d6ed8c718c49f941858fb9bc93a6da2) Importer(2089858483,b0f066a214c2f5e87bad3c948f4d605d)
Start importing Assets/Thirdparty/Shield Shader FREE/Prefabs/Shield FX_ FREE_8.prefab using Guid(1d6ed8c718c49f941858fb9bc93a6da2) Importer(2089858483,b0f066a214c2f5e87bad3c948f4d605d) (ScriptedImporter) -> (artifact id: '1462499fc5febe373efbe030e2708d13') in 0.0384978 seconds
Number of updated asset objects reloaded before import = 0Number of asset objects unloaded after import = 9

========================================================================
Received Import Request.
  Time since last request: 0.000055 seconds.
  path: Assets/Thirdparty/Shield Shader FREE/Prefabs/Capsule.prefab
  artifactKey: Guid(c86abfae434615b42b75a210ebf0e768) Importer(2089858483,b0f066a214c2f5e87bad3c948f4d605d)
Start importing Assets/Thirdparty/Shield Shader FREE/Prefabs/Capsule.prefab using Guid(c86abfae434615b42b75a210ebf0e768) Importer(2089858483,b0f066a214c2f5e87bad3c948f4d605d) (ScriptedImporter) -> (artifact id: '8cd4c258a29a89c4d665ffc688dd661c') in 0.03898 seconds
Number of updated asset objects reloaded before import = 0Number of asset objects unloaded after import = 8

========================================================================
Received Import Request.
  Time since last request: 0.000029 seconds.
  path: Assets/Thirdparty/Shield Shader FREE/Prefabs/Shield FX_ FREE_1.prefab
  artifactKey: Guid(810ef3e8425c6e24daa3e39c2a3b7c86) Importer(2089858483,b0f066a214c2f5e87bad3c948f4d605d)
Start importing Assets/Thirdparty/Shield Shader FREE/Prefabs/Shield FX_ FREE_1.prefab using Guid(810ef3e8425c6e24daa3e39c2a3b7c86) Importer(2089858483,b0f066a214c2f5e87bad3c948f4d605d) (ScriptedImporter) -> (artifact id: 'e43c6a518eba98609def053923ffa0f6') in 0.0385517 seconds
Number of updated asset objects reloaded before import = 0Number of asset objects unloaded after import = 9

========================================================================
Received Import Request.
  Time since last request: 0.000057 seconds.
  path: Assets/Thirdparty/Shield Shader FREE/Prefabs/Ghost.prefab
  artifactKey: Guid(a172555ee9192d6409ef25cb3f65ae3b) Importer(2089858483,b0f066a214c2f5e87bad3c948f4d605d)
Start importing Assets/Thirdparty/Shield Shader FREE/Prefabs/Ghost.prefab using Guid(a172555ee9192d6409ef25cb3f65ae3b) Importer(2089858483,b0f066a214c2f5e87bad3c948f4d605d) (ScriptedImporter) -> (artifact id: '06f4929ccf39aa654092216cb2356bae') in 0.0493639 seconds
Number of updated asset objects reloaded before import = 0Number of asset objects unloaded after import = 55

========================================================================
Received Import Request.
  Time since last request: 0.000062 seconds.
  path: Assets/TextMesh Pro/Resources/Fonts & Materials/LiberationSans SDF - Fallback.asset
  artifactKey: Guid(2e498d1c8094910479dc3e1b768306a4) Importer(2089858483,b0f066a214c2f5e87bad3c948f4d605d)
Start importing Assets/TextMesh Pro/Resources/Fonts & Materials/LiberationSans SDF - Fallback.asset using Guid(2e498d1c8094910479dc3e1b768306a4) Importer(2089858483,b0f066a214c2f5e87bad3c948f4d605d) (ScriptedImporter) -> (artifact id: '6e80c1434f00f7938a087fcea12c1f0b') in 0.1333824 seconds
Number of updated asset objects reloaded before import = 0Number of asset objects unloaded after import = 5

========================================================================
Received Prepare
Begin MonoManager ReloadAssembly
[Licensing::Client] Successfully resolved entitlement details
Symbol file LoadedFromMemory is not a mono symbol file
Symbol file LoadedFromMemory is not a mono symbol file
- Loaded All Assemblies, in  3.092 seconds
Refreshing native plugins compatible for Editor in 9.66 ms, found 5 plugins.
Native extension for WindowsStandalone target not found
[Package Manager] Failed to launch server process. Reason: Unity was launched with the -noUpm command-line argument
[Package Manager] Unable to send message (not connected to server process).
[Package Manager] Cannot connect to Unity Package Manager local server
Refreshing native plugins compatible for Editor in 8.54 ms, found 5 plugins.
[Package Manager] Failed to launch server process. Reason: Unity was launched with the -noUpm command-line argument
[Package Manager] Unable to send message (not connected to server process).
[Package Manager] Cannot connect to Unity Package Manager local server
[MODES] ModeService[none].Initialize
[MODES] ModeService[none].LoadModes
[MODES] Loading mode Default (0) for mode-current-id-Neon Horizon
[Licensing::Client] Error: Code 404 while processing request (status: Found 0 entitlement groups and 0 free entitlements matching requested entitlement ids)
ScheduleIndexationOnStartup MainProcess:False IndexOnStartup:True
Mono: successfully reloaded assembly
- Finished resetting the current domain, in  4.061 seconds
Domain Reload Profiling: 7153ms
	BeginReloadAssembly (919ms)
		ExecutionOrderSort (0ms)
		DisableScriptedObjects (19ms)
		BackupInstance (0ms)
		ReleaseScriptingObjects (1ms)
		CreateAndSetChildDomain (358ms)
	RebuildCommonClasses (93ms)
	RebuildNativeTypeToScriptingClass (29ms)
	initialDomainReloadingComplete (122ms)
	LoadAllAssembliesAndSetupDomain (1928ms)
		LoadAssemblies (1222ms)
		RebuildTransferFunctionScriptingTraits (0ms)
		AnalyzeDomain (906ms)
			TypeCache.Refresh (50ms)
				TypeCache.ScanAssembly (25ms)
			BuildScriptInfoCaches (824ms)
			ResolveRequiredComponents (19ms)
	FinalizeReload (4062ms)
		ReleaseScriptCaches (0ms)
		RebuildScriptCaches (0ms)
		SetupLoadedEditorAssemblies (3648ms)
			LogAssemblyErrors (0ms)
			InitializePlatformSupportModulesInManaged (3ms)
			SetLoadedEditorAssemblies (11ms)
			BeforeProcessingInitializeOnLoad (545ms)
			ProcessInitializeOnLoadAttributes (2092ms)
			ProcessInitializeOnLoadMethodAttributes (977ms)
			AfterProcessingInitializeOnLoad (17ms)
			EditorAssembliesLoaded (1ms)
		ExecutionOrderSort2 (0ms)
		AwakeInstancesAfterBackupRestoration (34ms)
Refreshing native plugins compatible for Editor in 11.99 ms, found 5 plugins.
Preloading 1 native plugins for Editor in 0.21 ms.
Unloading 82 Unused Serialized files (Serialized files now loaded: 0)
Unloading 10702 unused Assets / (23.9 MB). Loaded Objects now: 11528.
Memory consumption went from 234.8 MB to 210.9 MB.
Total: 66.668500 ms (FindLiveObjects: 3.810000 ms CreateObjectMapping: 4.482000 ms MarkObjects: 41.217700 ms  DeleteObjects: 17.155700 ms)

Prepare: number of updated asset objects reloaded= 0
========================================================================
Received Import Request.
  Time since last request: 21257.335163 seconds.
  path: Packages/com.unity.probuilder/Editor/EditorCore/TextureRotateTool.cs
  artifactKey: Guid(85900fb5729b6db42a6e417ad0d4c0f2) Importer(2089858483,b0f066a214c2f5e87bad3c948f4d605d)
Start importing Packages/com.unity.probuilder/Editor/EditorCore/TextureRotateTool.cs using Guid(85900fb5729b6db42a6e417ad0d4c0f2) Importer(2089858483,b0f066a214c2f5e87bad3c948f4d605d) (ScriptedImporter) -> (artifact id: 'a159f577bfc9a63f424dd8ff93f53767') in 0.1148452 seconds
Number of updated asset objects reloaded before import = 0Number of asset objects unloaded after import = 0

========================================================================
Received Import Request.
  Time since last request: 0.000055 seconds.
  path: Packages/com.unity.probuilder/External/KdTree/KdTreeLib/Math/FloatMath.cs
  artifactKey: Guid(483554fdb1324da4ead26f33de2c9990) Importer(2089858483,b0f066a214c2f5e87bad3c948f4d605d)
Start importing Packages/com.unity.probuilder/External/KdTree/KdTreeLib/Math/FloatMath.cs using Guid(483554fdb1324da4ead26f33de2c9990) Importer(2089858483,b0f066a214c2f5e87bad3c948f4d605d) (ScriptedImporter) -> (artifact id: '90ff63b962a8b69a383bdf49a534f473') in 0.0159184 seconds
Number of updated asset objects reloaded before import = 0Number of asset objects unloaded after import = 0

========================================================================
Received Import Request.
  Time since last request: 0.000036 seconds.
  path: Packages/com.unity.probuilder/Editor Default Resources/Icons/Toolbar/Panel_Smoothing.png
  artifactKey: Guid(cdf1fb390ba0745ff99b8f37be0803e6) Importer(2089858483,b0f066a214c2f5e87bad3c948f4d605d)
Start importing Packages/com.unity.probuilder/Editor Default Resources/Icons/Toolbar/Panel_Smoothing.png using Guid(cdf1fb390ba0745ff99b8f37be0803e6) Importer(2089858483,b0f066a214c2f5e87bad3c948f4d605d) (ScriptedImporter) -> (artifact id: 'dc47a7fab71dac551a583cffa741445d') in 0.0987354 seconds
Number of updated asset objects reloaded before import = 0Number of asset objects unloaded after import = 1

========================================================================
Received Import Request.
  Time since last request: 0.000023 seconds.
  path: Packages/com.unity.probuilder/External/Poly2Tri/Triangulation/TriangulationConstraint.cs
  artifactKey: Guid(d42d456e720b1c5438d87059c69284bd) Importer(2089858483,b0f066a214c2f5e87bad3c948f4d605d)
Start importing Packages/com.unity.probuilder/External/Poly2Tri/Triangulation/TriangulationConstraint.cs using Guid(d42d456e720b1c5438d87059c69284bd) Importer(2089858483,b0f066a214c2f5e87bad3c948f4d605d) (ScriptedImporter) -> (artifact id: 'ad2045c847491aa66bddc8570aecb83a') in 0.0181861 seconds
Number of updated asset objects reloaded before import = 0Number of asset objects unloaded after import = 0

========================================================================
Received Import Request.
  Time since last request: 0.000031 seconds.
  path: Packages/com.unity.probuilder/Editor Default Resources/Icons/Toolbar/NewBezierSpline.png
  artifactKey: Guid(2e64adba6c17a4993b85912f715560db) Importer(2089858483,b0f066a214c2f5e87bad3c948f4d605d)
Start importing Packages/com.unity.probuilder/Editor Default Resources/Icons/Toolbar/NewBezierSpline.png using Guid(2e64adba6c17a4993b85912f715560db) Importer(2089858483,b0f066a214c2f5e87bad3c948f4d605d) (ScriptedImporter) -> (artifact id: '16fa0b7109778b9efaa8462bfc155de6') in 0.0289938 seconds
Number of updated asset objects reloaded before import = 0Number of asset objects unloaded after import = 1

========================================================================
Received Import Request.
  Time since last request: 0.000031 seconds.
  path: Packages/com.unity.probuilder/Editor/EditorCore/RepairActions.cs
  artifactKey: Guid(c2ff91a42b25c934da55ac7fa3b89db9) Importer(2089858483,b0f066a214c2f5e87bad3c948f4d605d)
Start importing Packages/com.unity.probuilder/Editor/EditorCore/RepairActions.cs using Guid(c2ff91a42b25c934da55ac7fa3b89db9) Importer(2089858483,b0f066a214c2f5e87bad3c948f4d605d) (ScriptedImporter) -> (artifact id: 'ba2160fe90760092c47cbfc55137ed7a') in 0.0194223 seconds
Number of updated asset objects reloaded before import = 0Number of asset objects unloaded after import = 0

========================================================================
Received Import Request.
  Time since last request: 0.000020 seconds.
  path: Packages/com.unity.probuilder/Editor/StateMachines/ShapeState_InitShape.cs
  artifactKey: Guid(53c376f349984575aa8d0dfd15cddc99) Importer(2089858483,b0f066a214c2f5e87bad3c948f4d605d)
Start importing Packages/com.unity.probuilder/Editor/StateMachines/ShapeState_InitShape.cs using Guid(53c376f349984575aa8d0dfd15cddc99) Importer(2089858483,b0f066a214c2f5e87bad3c948f4d605d) (ScriptedImporter) -> (artifact id: 'ef6a25c01e9abef0e54b1b2f5900f9a4') in 0.0168218 seconds
Number of updated asset objects reloaded before import = 0Number of asset objects unloaded after import = 0

========================================================================
Received Import Request.
  Time since last request: 0.000040 seconds.
  path: Packages/com.unity.probuilder/External/Poly2Tri/Polygon/Polygon.cs
  artifactKey: Guid(d563a6b12a743cf4399b92cf5366da6f) Importer(2089858483,b0f066a214c2f5e87bad3c948f4d605d)
Start importing Packages/com.unity.probuilder/External/Poly2Tri/Polygon/Polygon.cs using Guid(d563a6b12a743cf4399b92cf5366da6f) Importer(2089858483,b0f066a214c2f5e87bad3c948f4d605d) (ScriptedImporter) -> (artifact id: '806cd46983ad04d3d0e73f6bbac317d0') in 0.0178312 seconds
Number of updated asset objects reloaded before import = 0Number of asset objects unloaded after import = 0

========================================================================
Received Import Request.
  Time since last request: 0.000028 seconds.
  path: Packages/com.unity.probuilder/Runtime/Core/PreferenceDictionary.cs
  artifactKey: Guid(c04d9be0543234e9cbb340e7ee259a5c) Importer(2089858483,b0f066a214c2f5e87bad3c948f4d605d)
Start importing Packages/com.unity.probuilder/Runtime/Core/PreferenceDictionary.cs using Guid(c04d9be0543234e9cbb340e7ee259a5c) Importer(2089858483,b0f066a214c2f5e87bad3c948f4d605d) (ScriptedImporter) -> (artifact id: 'f9785fc7c3bf59e22a15ebcaa6d4bfa2') in 0.0190402 seconds
Number of updated asset objects reloaded before import = 0Number of asset objects unloaded after import = 0

========================================================================
Received Import Request.
  Time since last request: 0.000035 seconds.
  path: Packages/com.unity.probuilder/Editor/MenuActions/Selection/SelectFaceRing.cs
  artifactKey: Guid(8459d3ed1cc648cba5015df2ff4850cb) Importer(2089858483,b0f066a214c2f5e87bad3c948f4d605d)
Start importing Packages/com.unity.probuilder/Editor/MenuActions/Selection/SelectFaceRing.cs using Guid(8459d3ed1cc648cba5015df2ff4850cb) Importer(2089858483,b0f066a214c2f5e87bad3c948f4d605d) (ScriptedImporter) -> (artifact id: '22085d00997c665abde0dbe0d59d5a83') in 0.018966 seconds
Number of updated asset objects reloaded before import = 0Number of asset objects unloaded after import = 0

========================================================================
Received Import Request.
  Time since last request: 0.000028 seconds.
  path: Packages/com.unity.probuilder/Editor Default Resources/Icons/Toolbar/d_Selection_SelectHidden-OFF@2x.png
  artifactKey: Guid(03a43f336ff1ba040a9479d3813934f8) Importer(2089858483,b0f066a214c2f5e87bad3c948f4d605d)
Start importing Packages/com.unity.probuilder/Editor Default Resources/Icons/Toolbar/d_Selection_SelectHidden-OFF@2x.png using Guid(03a43f336ff1ba040a9479d3813934f8) Importer(2089858483,b0f066a214c2f5e87bad3c948f4d605d) (ScriptedImporter) -> (artifact id: 'd8433bba69ab450600bfa146167c2111') in 0.0350744 seconds
Number of updated asset objects reloaded before import = 0Number of asset objects unloaded after import = 1

========================================================================
Received Import Request.
  Time since last request: 0.000028 seconds.
  path: Packages/com.unity.probuilder/Runtime/Core/Projection.cs
  artifactKey: Guid(ac19f03e418a945ba9d37c7d32e5cecb) Importer(2089858483,b0f066a214c2f5e87bad3c948f4d605d)
Start importing Packages/com.unity.probuilder/Runtime/Core/Projection.cs using Guid(ac19f03e418a945ba9d37c7d32e5cecb) Importer(2089858483,b0f066a214c2f5e87bad3c948f4d605d) (ScriptedImporter) -> (artifact id: '02d5f03c528e870607a89a50da649b4d') in 0.0196384 seconds
Number of updated asset objects reloaded before import = 0Number of asset objects unloaded after import = 0

========================================================================
Received Import Request.
  Time since last request: 0.000031 seconds.
  path: Packages/com.unity.probuilder/Editor/MenuActions/Interaction/ToggleSelectBackFaces.cs
  artifactKey: Guid(a61c5819f2b24f3fa336247228361725) Importer(2089858483,b0f066a214c2f5e87bad3c948f4d605d)
Start importing Packages/com.unity.probuilder/Editor/MenuActions/Interaction/ToggleSelectBackFaces.cs using Guid(a61c5819f2b24f3fa336247228361725) Importer(2089858483,b0f066a214c2f5e87bad3c948f4d605d) (ScriptedImporter) -> (artifact id: '94c2f280390ad414f471ad76529924df') in 0.0146153 seconds
Number of updated asset objects reloaded before import = 0Number of asset objects unloaded after import = 0

========================================================================
Received Import Request.
  Time since last request: 0.000077 seconds.
  path: Packages/com.unity.probuilder/Editor Default Resources/Icons/EditableMesh/d_EditMeshContext@2x.png
  artifactKey: Guid(4596c014808680344b77dd12d9d870a1) Importer(2089858483,b0f066a214c2f5e87bad3c948f4d605d)
Start importing Packages/com.unity.probuilder/Editor Default Resources/Icons/EditableMesh/d_EditMeshContext@2x.png using Guid(4596c014808680344b77dd12d9d870a1) Importer(2089858483,b0f066a214c2f5e87bad3c948f4d605d) (ScriptedImporter) -> (artifact id: 'b73bff6e88ac2a69bec1c1c9f7f2c26e') in 0.0302064 seconds
Number of updated asset objects reloaded before import = 0Number of asset objects unloaded after import = 1

========================================================================
Received Import Request.
  Time since last request: 0.000051 seconds.
  path: Packages/com.unity.probuilder/Editor/MenuActions/Geometry/ExtrudeFaces.cs
  artifactKey: Guid(d790e5dd7e634bac936d5dc0e026ae20) Importer(2089858483,b0f066a214c2f5e87bad3c948f4d605d)
Start importing Packages/com.unity.probuilder/Editor/MenuActions/Geometry/ExtrudeFaces.cs using Guid(d790e5dd7e634bac936d5dc0e026ae20) Importer(2089858483,b0f066a214c2f5e87bad3c948f4d605d) (ScriptedImporter) -> (artifact id: 'dac7880a57084cb14d154274ca006b27') in 0.0153331 seconds
Number of updated asset objects reloaded before import = 0Number of asset objects unloaded after import = 0

========================================================================
Received Import Request.
  Time since last request: 0.000058 seconds.
  path: Packages/com.unity.probuilder/Editor/EditorCore/BezierSplineEditor.cs
  artifactKey: Guid(e95f50cd644f90741bb903cb56bcd67e) Importer(2089858483,b0f066a214c2f5e87bad3c948f4d605d)
Start importing Packages/com.unity.probuilder/Editor/EditorCore/BezierSplineEditor.cs using Guid(e95f50cd644f90741bb903cb56bcd67e) Importer(2089858483,b0f066a214c2f5e87bad3c948f4d605d) (ScriptedImporter) -> (artifact id: 'fe67e309865778174aca383611ba06ce') in 0.0167552 seconds
Number of updated asset objects reloaded before import = 0Number of asset objects unloaded after import = 0

========================================================================
Received Import Request.
  Time since last request: 0.000058 seconds.
  path: Packages/com.unity.probuilder/Editor Default Resources/Icons/Toolbar/CutTool_Light.png
  artifactKey: Guid(15ee07ff1ed756c4a948716fb63be13b) Importer(2089858483,b0f066a214c2f5e87bad3c948f4d605d)
Start importing Packages/com.unity.probuilder/Editor Default Resources/Icons/Toolbar/CutTool_Light.png using Guid(15ee07ff1ed756c4a948716fb63be13b) Importer(2089858483,b0f066a214c2f5e87bad3c948f4d605d) (ScriptedImporter) -> (artifact id: '9b3ec89fb74e89c60a7814e8c15b7198') in 0.0337982 seconds
Number of updated asset objects reloaded before import = 0Number of asset objects unloaded after import = 1

========================================================================
Received Import Request.
  Time since last request: 0.000081 seconds.
  path: Packages/com.unity.probuilder/Editor/EditorCore/VertexColorPalette.cs
  artifactKey: Guid(48979d80dfe00104da221c9a1d70964a) Importer(2089858483,b0f066a214c2f5e87bad3c948f4d605d)
Start importing Packages/com.unity.probuilder/Editor/EditorCore/VertexColorPalette.cs using Guid(48979d80dfe00104da221c9a1d70964a) Importer(2089858483,b0f066a214c2f5e87bad3c948f4d605d) (ScriptedImporter) -> (artifact id: '717159a1b82a4646641e3b0ada061e33') in 0.0173028 seconds
Number of updated asset objects reloaded before import = 0Number of asset objects unloaded after import = 0

========================================================================
Received Import Request.
  Time since last request: 0.000026 seconds.
  path: Packages/com.unity.settings-manager/CHANGELOG.md
  artifactKey: Guid(4774b2f29b63d2844915d86afff02b47) Importer(2089858483,b0f066a214c2f5e87bad3c948f4d605d)
Start importing Packages/com.unity.settings-manager/CHANGELOG.md using Guid(4774b2f29b63d2844915d86afff02b47) Importer(2089858483,b0f066a214c2f5e87bad3c948f4d605d) (ScriptedImporter) -> (artifact id: 'b3073f7a2e02480b71a3629c29215bac') in 0.0231852 seconds
Number of updated asset objects reloaded before import = 0Number of asset objects unloaded after import = 1

========================================================================
Received Import Request.
  Time since last request: 0.000048 seconds.
  path: Packages/com.unity.probuilder/Editor/Overlays
  artifactKey: Guid(9c881f4356a9cc24a9533ec1e7580f6c) Importer(2089858483,b0f066a214c2f5e87bad3c948f4d605d)
Start importing Packages/com.unity.probuilder/Editor/Overlays using Guid(9c881f4356a9cc24a9533ec1e7580f6c) Importer(2089858483,b0f066a214c2f5e87bad3c948f4d605d) (ScriptedImporter) -> (artifact id: '216ade841eec19ce8850936aef2e6b6e') in 0.0187265 seconds
Number of updated asset objects reloaded before import = 0Number of asset objects unloaded after import = 1

========================================================================
Received Import Request.
  Time since last request: 0.000045 seconds.
  path: Packages/com.unity.probuilder/Editor/EditorCore/UVRenderOptions.cs
  artifactKey: Guid(168b876617d5b904ab8d161bbcc20900) Importer(2089858483,b0f066a214c2f5e87bad3c948f4d605d)
Start importing Packages/com.unity.probuilder/Editor/EditorCore/UVRenderOptions.cs using Guid(168b876617d5b904ab8d161bbcc20900) Importer(2089858483,b0f066a214c2f5e87bad3c948f4d605d) (ScriptedImporter) -> (artifact id: 'cd29c9f6e95b3b7aacd11dae627e8ff2') in 0.0204367 seconds
Number of updated asset objects reloaded before import = 0Number of asset objects unloaded after import = 0

========================================================================
Received Import Request.
  Time since last request: 0.000043 seconds.
  path: Packages/com.unity.probuilder/External/KdTree/KdTreeLib/Math/ITypeMath.cs
  artifactKey: Guid(2799d938bc097b0478b150b315487a18) Importer(2089858483,b0f066a214c2f5e87bad3c948f4d605d)
Start importing Packages/com.unity.probuilder/External/KdTree/KdTreeLib/Math/ITypeMath.cs using Guid(2799d938bc097b0478b150b315487a18) Importer(2089858483,b0f066a214c2f5e87bad3c948f4d605d) (ScriptedImporter) -> (artifact id: '354d22bf052c89a64e5f50dd58d28d96') in 0.0182712 seconds
Number of updated asset objects reloaded before import = 0Number of asset objects unloaded after import = 0

========================================================================
Received Import Request.
  Time since last request: 0.000058 seconds.
  path: Packages/com.unity.probuilder/Content/Shader/Standard Vertex Color.shadergraph
  artifactKey: Guid(8547ec39534635c4289065e5c5033f43) Importer(2089858483,b0f066a214c2f5e87bad3c948f4d605d)
Start importing Packages/com.unity.probuilder/Content/Shader/Standard Vertex Color.shadergraph using Guid(8547ec39534635c4289065e5c5033f43) Importer(2089858483,b0f066a214c2f5e87bad3c948f4d605d) (ScriptedImporter) -> (artifact id: '0de4998f4ff72ad3ff079ac297296591') in 0.878332 seconds
Number of updated asset objects reloaded before import = 0Number of asset objects unloaded after import = 7

========================================================================
Received Import Request.
  Time since last request: 0.179644 seconds.
  path: Packages/com.unity.probuilder/Editor/EditorCore/ProBuilderAnalytics.cs
  artifactKey: Guid(f659ed41facdbb947a1ed57354dee7c8) Importer(2089858483,b0f066a214c2f5e87bad3c948f4d605d)
Start importing Packages/com.unity.probuilder/Editor/EditorCore/ProBuilderAnalytics.cs using Guid(f659ed41facdbb947a1ed57354dee7c8) Importer(2089858483,b0f066a214c2f5e87bad3c948f4d605d) (ScriptedImporter) -> (artifact id: 'ad9d51d39192b8cfbdb9fb15218702bf') in 0.0193475 seconds
Number of updated asset objects reloaded before import = 0Number of asset objects unloaded after import = 0

========================================================================
Received Import Request.
  Time since last request: 0.000032 seconds.
  path: Assets/!_Project/Prefabs/CosmoDron 1.prefab
  artifactKey: Guid(bd234f0b9b595714ba32b5037b499af1) Importer(815301076,1909f56bfc062723c751e8b465ee728b)
Start importing Assets/!_Project/Prefabs/CosmoDron 1.prefab using Guid(bd234f0b9b595714ba32b5037b499af1) Importer(815301076,1909f56bfc062723c751e8b465ee728b) (PreviewImporter) -> (artifact id: '155fef2aff2375ce7a8994ea058ea75a') in 0.1738788 seconds
Number of updated asset objects reloaded before import = 0Number of asset objects unloaded after import = 41

========================================================================
Received Import Request.
  Time since last request: 0.000040 seconds.
  path: Packages/com.unity.probuilder/Editor Default Resources/Icons/Toolbar/Selection_Invert_disabled.png
  artifactKey: Guid(0fe35217875224a76b74cc8207629d22) Importer(2089858483,b0f066a214c2f5e87bad3c948f4d605d)
Start importing Packages/com.unity.probuilder/Editor Default Resources/Icons/Toolbar/Selection_Invert_disabled.png using Guid(0fe35217875224a76b74cc8207629d22) Importer(2089858483,b0f066a214c2f5e87bad3c948f4d605d) (ScriptedImporter) -> (artifact id: '8aa416565c920dc9bd061b6ef9c5bf7b') in 0.0338246 seconds
Number of updated asset objects reloaded before import = 0Number of asset objects unloaded after import = 1

========================================================================
Received Import Request.
  Time since last request: 0.000046 seconds.
  path: Packages/com.unity.probuilder/Editor Default Resources/Icons/Toolbar/Object_Export_Light.png
  artifactKey: Guid(6f24ec4910d6bef4cad609d5c72cd283) Importer(2089858483,b0f066a214c2f5e87bad3c948f4d605d)
Start importing Packages/com.unity.probuilder/Editor Default Resources/Icons/Toolbar/Object_Export_Light.png using Guid(6f24ec4910d6bef4cad609d5c72cd283) Importer(2089858483,b0f066a214c2f5e87bad3c948f4d605d) (ScriptedImporter) -> (artifact id: 'e7278b2984b251be49b576108f72108a') in 0.0279458 seconds
Number of updated asset objects reloaded before import = 0Number of asset objects unloaded after import = 1

========================================================================
Received Import Request.
  Time since last request: 0.000113 seconds.
  path: Packages/com.unity.probuilder/Editor Default Resources/Icons/UVEditor/camera-64x64.png
  artifactKey: Guid(33945f703736c47498502b3fdb360955) Importer(2089858483,b0f066a214c2f5e87bad3c948f4d605d)
Start importing Packages/com.unity.probuilder/Editor Default Resources/Icons/UVEditor/camera-64x64.png using Guid(33945f703736c47498502b3fdb360955) Importer(2089858483,b0f066a214c2f5e87bad3c948f4d605d) (ScriptedImporter) -> (artifact id: '3d1bed0f9de5b7eece3bfab195f71bed') in 0.027556 seconds
Number of updated asset objects reloaded before import = 0Number of asset objects unloaded after import = 1

========================================================================
Received Import Request.
  Time since last request: 0.242218 seconds.
  path: Packages/com.unity.probuilder/Editor Default Resources/Icons/Tools/ShapeTool/d_Cone.png
  artifactKey: Guid(274355f8343c4ee429e0769f4e784abe) Importer(2089858483,b0f066a214c2f5e87bad3c948f4d605d)
Start importing Packages/com.unity.probuilder/Editor Default Resources/Icons/Tools/ShapeTool/d_Cone.png using Guid(274355f8343c4ee429e0769f4e784abe) Importer(2089858483,b0f066a214c2f5e87bad3c948f4d605d) (ScriptedImporter) -> (artifact id: 'e8a67bd7b363578a18a30895cfaff60a') in 0.0316732 seconds
Number of updated asset objects reloaded before import = 0Number of asset objects unloaded after import = 1

========================================================================
Received Import Request.
  Time since last request: 0.000056 seconds.
  path: Packages/com.unity.settings-manager/README.md
  artifactKey: Guid(561e43493ab773746acefbe0f624795e) Importer(2089858483,b0f066a214c2f5e87bad3c948f4d605d)
Start importing Packages/com.unity.settings-manager/README.md using Guid(561e43493ab773746acefbe0f624795e) Importer(2089858483,b0f066a214c2f5e87bad3c948f4d605d) (ScriptedImporter) -> (artifact id: '38e74697295f1453b4166866334e586d') in 0.0225937 seconds
Number of updated asset objects reloaded before import = 0Number of asset objects unloaded after import = 1

========================================================================
Received Import Request.
  Time since last request: 0.000056 seconds.
  path: Packages/com.unity.probuilder/Editor/EditorCore/IconUtility.cs
  artifactKey: Guid(3a9ebc9851a2d8e4c868fa97dbbb35f6) Importer(2089858483,b0f066a214c2f5e87bad3c948f4d605d)
Start importing Packages/com.unity.probuilder/Editor/EditorCore/IconUtility.cs using Guid(3a9ebc9851a2d8e4c868fa97dbbb35f6) Importer(2089858483,b0f066a214c2f5e87bad3c948f4d605d) (ScriptedImporter) -> (artifact id: '9fc3c50e2fcaf0bac1956589df400987') in 0.0162638 seconds
Number of updated asset objects reloaded before import = 0Number of asset objects unloaded after import = 0

========================================================================
Received Import Request.
  Time since last request: 0.000041 seconds.
  path: Packages/com.unity.probuilder/Editor Default Resources/Icons/Toolbar/Selection_SelectBySmoothingGroup_Light@2x.png
  artifactKey: Guid(98d8c02c10569614aafc3fe8b041f94c) Importer(2089858483,b0f066a214c2f5e87bad3c948f4d605d)
Start importing Packages/com.unity.probuilder/Editor Default Resources/Icons/Toolbar/Selection_SelectBySmoothingGroup_Light@2x.png using Guid(98d8c02c10569614aafc3fe8b041f94c) Importer(2089858483,b0f066a214c2f5e87bad3c948f4d605d) (ScriptedImporter) -> (artifact id: '3e94609f35cfcb9f618216809d536172') in 0.0350901 seconds
Number of updated asset objects reloaded before import = 0Number of asset objects unloaded after import = 1

========================================================================
Received Import Request.
  Time since last request: 0.000021 seconds.
  path: Packages/com.unity.probuilder/Runtime/Core/MeshUtility.cs
  artifactKey: Guid(3208ba508d5e047c7bd843fc986a4f7a) Importer(2089858483,b0f066a214c2f5e87bad3c948f4d605d)
Start importing Packages/com.unity.probuilder/Runtime/Core/MeshUtility.cs using Guid(3208ba508d5e047c7bd843fc986a4f7a) Importer(2089858483,b0f066a214c2f5e87bad3c948f4d605d) (ScriptedImporter) -> (artifact id: 'db611260ece105b69f0e3c9047f1bf8f') in 0.0195533 seconds
Number of updated asset objects reloaded before import = 0Number of asset objects unloaded after import = 0

========================================================================
Received Import Request.
  Time since last request: 2.068365 seconds.
  path: Packages/com.unity.probuilder/External/KdTree/LICENSE.md
  artifactKey: Guid(16add6facd81da34caaa1fc21522be87) Importer(2089858483,b0f066a214c2f5e87bad3c948f4d605d)
Start importing Packages/com.unity.probuilder/External/KdTree/LICENSE.md using Guid(16add6facd81da34caaa1fc21522be87) Importer(2089858483,b0f066a214c2f5e87bad3c948f4d605d) (ScriptedImporter) -> (artifact id: '2f99124703afd58468316796489ae38c') in 0.039484 seconds
Number of updated asset objects reloaded before import = 0Number of asset objects unloaded after import = 1

========================================================================
Received Import Request.
  Time since last request: 0.000025 seconds.
  path: Packages/com.unity.probuilder/README.md
  artifactKey: Guid(857a1f5b23431431da1c19de9d0583de) Importer(2089858483,b0f066a214c2f5e87bad3c948f4d605d)
Start importing Packages/com.unity.probuilder/README.md using Guid(857a1f5b23431431da1c19de9d0583de) Importer(2089858483,b0f066a214c2f5e87bad3c948f4d605d) (ScriptedImporter) -> (artifact id: '5852bc55c38d587023e9af681992e5a6') in 0.0242839 seconds
Number of updated asset objects reloaded before import = 0Number of asset objects unloaded after import = 1

========================================================================
Received Import Request.
  Time since last request: 0.000029 seconds.
  path: Packages/com.unity.probuilder/Editor/EditorCore/LogEditor.cs
  artifactKey: Guid(bb7d601e6d679aa4dbd856d20dda3f74) Importer(2089858483,b0f066a214c2f5e87bad3c948f4d605d)
Start importing Packages/com.unity.probuilder/Editor/EditorCore/LogEditor.cs using Guid(bb7d601e6d679aa4dbd856d20dda3f74) Importer(2089858483,b0f066a214c2f5e87bad3c948f4d605d) (ScriptedImporter) -> (artifact id: '269c34dfb4a2465dfc566efd26abecb1') in 0.0169764 seconds
Number of updated asset objects reloaded before import = 0Number of asset objects unloaded after import = 0

========================================================================
Received Import Request.
  Time since last request: 0.000055 seconds.
  path: Packages/com.unity.settings-manager/Editor/UserSettings.cs
  artifactKey: Guid(c24f57f3f3c554e51ab791526e33e337) Importer(2089858483,b0f066a214c2f5e87bad3c948f4d605d)
Start importing Packages/com.unity.settings-manager/Editor/UserSettings.cs using Guid(c24f57f3f3c554e51ab791526e33e337) Importer(2089858483,b0f066a214c2f5e87bad3c948f4d605d) (ScriptedImporter) -> (artifact id: '1675ea9a1aef829507c1d1a8968122af') in 0.0221225 seconds
Number of updated asset objects reloaded before import = 0Number of asset objects unloaded after import = 0

========================================================================
Received Import Request.
  Time since last request: 0.000043 seconds.
  path: Packages/com.unity.probuilder/Editor Default Resources/Icons/Toolbar/Selection_ShiftDifference@2x.png
  artifactKey: Guid(a8a27c823faaafe47b80cf3a11d6c097) Importer(2089858483,b0f066a214c2f5e87bad3c948f4d605d)
Start importing Packages/com.unity.probuilder/Editor Default Resources/Icons/Toolbar/Selection_ShiftDifference@2x.png using Guid(a8a27c823faaafe47b80cf3a11d6c097) Importer(2089858483,b0f066a214c2f5e87bad3c948f4d605d) (ScriptedImporter) -> (artifact id: '15577bb9dfad91aba0e8d9a48e4b075e') in 0.0310641 seconds
Number of updated asset objects reloaded before import = 0Number of asset objects unloaded after import = 1

========================================================================
Received Import Request.
  Time since last request: 0.000045 seconds.
  path: Packages/com.unity.probuilder/Editor Default Resources/Icons/Tools/ShapeTool/on/Cone.png
  artifactKey: Guid(5e6c3838482c594459dfd8d888e214b8) Importer(2089858483,b0f066a214c2f5e87bad3c948f4d605d)
Start importing Packages/com.unity.probuilder/Editor Default Resources/Icons/Tools/ShapeTool/on/Cone.png using Guid(5e6c3838482c594459dfd8d888e214b8) Importer(2089858483,b0f066a214c2f5e87bad3c948f4d605d) (ScriptedImporter) -> (artifact id: '354620e0f22daf940776a03bbad6d269') in 0.0262014 seconds
Number of updated asset objects reloaded before import = 0Number of asset objects unloaded after import = 1

========================================================================
Received Import Request.
  Time since last request: 0.273527 seconds.
  path: Packages/com.unity.probuilder/External/Poly2Tri/Triangulation/Sets/ConstrainedPointSet.cs
  artifactKey: Guid(92edb19c798910a47b4dec2660fcd96d) Importer(2089858483,b0f066a214c2f5e87bad3c948f4d605d)
Start importing Packages/com.unity.probuilder/External/Poly2Tri/Triangulation/Sets/ConstrainedPointSet.cs using Guid(92edb19c798910a47b4dec2660fcd96d) Importer(2089858483,b0f066a214c2f5e87bad3c948f4d605d) (ScriptedImporter) -> (artifact id: '2cfdc0f4ffa94042954f19a024c3af3f') in 0.022315 seconds
Number of updated asset objects reloaded before import = 0Number of asset objects unloaded after import = 0

========================================================================
Received Import Request.
  Time since last request: 0.000032 seconds.
  path: Packages/com.unity.probuilder/Content/Resources/Materials/Trigger.mat
  artifactKey: Guid(a1e97cbf2538241b691aae8243b5fb10) Importer(2089858483,b0f066a214c2f5e87bad3c948f4d605d)
Start importing Packages/com.unity.probuilder/Content/Resources/Materials/Trigger.mat using Guid(a1e97cbf2538241b691aae8243b5fb10) Importer(2089858483,b0f066a214c2f5e87bad3c948f4d605d) (ScriptedImporter) -> (artifact id: '9532ca4f03165e299a084b97b4c7a633') in 0.0471793 seconds
Number of updated asset objects reloaded before import = 0Number of asset objects unloaded after import = 2

========================================================================
Received Import Request.
  Time since last request: 0.000036 seconds.
  path: Packages/com.unity.probuilder/Runtime/MeshOperations/UV/TextureStitching.cs
  artifactKey: Guid(f5f37a0a7c6f54d4995a8f0806351e89) Importer(2089858483,b0f066a214c2f5e87bad3c948f4d605d)
Start importing Packages/com.unity.probuilder/Runtime/MeshOperations/UV/TextureStitching.cs using Guid(f5f37a0a7c6f54d4995a8f0806351e89) Importer(2089858483,b0f066a214c2f5e87bad3c948f4d605d) (ScriptedImporter) -> (artifact id: 'c4032605a174ed2d9ba95f0022a25f83') in 0.0179493 seconds
Number of updated asset objects reloaded before import = 0Number of asset objects unloaded after import = 0

========================================================================
Received Import Request.
  Time since last request: 0.000040 seconds.
  path: Packages/com.unity.probuilder/External/Poly2Tri/Triangulation/Orientation.cs
  artifactKey: Guid(6e4871d32a3aac4448c0c3f9e182f972) Importer(2089858483,b0f066a214c2f5e87bad3c948f4d605d)
Start importing Packages/com.unity.probuilder/External/Poly2Tri/Triangulation/Orientation.cs using Guid(6e4871d32a3aac4448c0c3f9e182f972) Importer(2089858483,b0f066a214c2f5e87bad3c948f4d605d) (ScriptedImporter) -> (artifact id: 'a68a7e7043efd7f4ef9f8d04f31000ad') in 0.0181999 seconds
Number of updated asset objects reloaded before import = 0Number of asset objects unloaded after import = 0

========================================================================
Received Import Request.
  Time since last request: 0.000018 seconds.
  path: Packages/com.unity.probuilder/External/Poly2Tri/Triangulation/Util/PointGenerator.cs
  artifactKey: Guid(5e41f6d30b7fa6543a40193098cf4eae) Importer(2089858483,b0f066a214c2f5e87bad3c948f4d605d)
Start importing Packages/com.unity.probuilder/External/Poly2Tri/Triangulation/Util/PointGenerator.cs using Guid(5e41f6d30b7fa6543a40193098cf4eae) Importer(2089858483,b0f066a214c2f5e87bad3c948f4d605d) (ScriptedImporter) -> (artifact id: '9454546d2d254f2af16bc54a83a9ad98') in 0.0161138 seconds
Number of updated asset objects reloaded before import = 0Number of asset objects unloaded after import = 0

========================================================================
Received Import Request.
  Time since last request: 0.000040 seconds.
  path: Packages/com.unity.probuilder/Editor/EditorCore/TextureScaleTool.cs
  artifactKey: Guid(ffea9638e10c9644aab23c2652f86279) Importer(2089858483,b0f066a214c2f5e87bad3c948f4d605d)
Start importing Packages/com.unity.probuilder/Editor/EditorCore/TextureScaleTool.cs using Guid(ffea9638e10c9644aab23c2652f86279) Importer(2089858483,b0f066a214c2f5e87bad3c948f4d605d) (ScriptedImporter) -> (artifact id: '86d0c963486ee07da5eb94c0e19efaaf') in 0.0159938 seconds
Number of updated asset objects reloaded before import = 0Number of asset objects unloaded after import = 0

========================================================================
Received Import Request.
  Time since last request: 0.320714 seconds.
  path: Packages/com.unity.probuilder/Editor Default Resources/Icons/Toolbar/Selection_Invert.png
  artifactKey: Guid(1e81779d9a73a4572971700ad1ce0fe3) Importer(2089858483,b0f066a214c2f5e87bad3c948f4d605d)
Start importing Packages/com.unity.probuilder/Editor Default Resources/Icons/Toolbar/Selection_Invert.png using Guid(1e81779d9a73a4572971700ad1ce0fe3) Importer(2089858483,b0f066a214c2f5e87bad3c948f4d605d) (ScriptedImporter) -> (artifact id: 'afd4d4f247f2b340927d1d56a6cb9c71') in 0.029995 seconds
Number of updated asset objects reloaded before import = 0Number of asset objects unloaded after import = 1

========================================================================
Received Import Request.
  Time since last request: 0.000025 seconds.
  path: Packages/com.unity.probuilder/Editor
  artifactKey: Guid(d35e819b342bb4d369b4f35599aae75f) Importer(2089858483,b0f066a214c2f5e87bad3c948f4d605d)
Start importing Packages/com.unity.probuilder/Editor using Guid(d35e819b342bb4d369b4f35599aae75f) Importer(2089858483,b0f066a214c2f5e87bad3c948f4d605d) (ScriptedImporter) -> (artifact id: '9f1cb0bca216b70a3bdc336a7b9e971d') in 0.0136346 seconds
Number of updated asset objects reloaded before import = 0Number of asset objects unloaded after import = 1

========================================================================
Received Import Request.
  Time since last request: 0.000049 seconds.
  path: Packages/com.unity.probuilder/Editor/MenuActions/Editors
  artifactKey: Guid(6e6cb02037fc4e95952dd035e688eb3d) Importer(2089858483,b0f066a214c2f5e87bad3c948f4d605d)
Start importing Packages/com.unity.probuilder/Editor/MenuActions/Editors using Guid(6e6cb02037fc4e95952dd035e688eb3d) Importer(2089858483,b0f066a214c2f5e87bad3c948f4d605d) (ScriptedImporter) -> (artifact id: '0ae0f0c888d8b41e7508cf62facd2000') in 0.0131774 seconds
Number of updated asset objects reloaded before import = 0Number of asset objects unloaded after import = 1

========================================================================
Received Import Request.
  Time since last request: 0.000043 seconds.
  path: Packages/com.unity.probuilder/Editor Default Resources/Icons/Toolbar/Face_Extrude_Light.png
  artifactKey: Guid(ae58981be1d07e9408fca76f58726c07) Importer(2089858483,b0f066a214c2f5e87bad3c948f4d605d)
Start importing Packages/com.unity.probuilder/Editor Default Resources/Icons/Toolbar/Face_Extrude_Light.png using Guid(ae58981be1d07e9408fca76f58726c07) Importer(2089858483,b0f066a214c2f5e87bad3c948f4d605d) (ScriptedImporter) -> (artifact id: '223789b6815f7e81696fdb3c65af8a00') in 0.0266028 seconds
Number of updated asset objects reloaded before import = 0Number of asset objects unloaded after import = 1

========================================================================
Received Import Request.
  Time since last request: 0.000036 seconds.
  path: Packages/com.unity.probuilder/Editor Default Resources/Icons/Toolbar/Selection_SelectByMaterial@2x.png
  artifactKey: Guid(8e76770237d443745bb1ccb17161dc35) Importer(2089858483,b0f066a214c2f5e87bad3c948f4d605d)
Start importing Packages/com.unity.probuilder/Editor Default Resources/Icons/Toolbar/Selection_SelectByMaterial@2x.png using Guid(8e76770237d443745bb1ccb17161dc35) Importer(2089858483,b0f066a214c2f5e87bad3c948f4d605d) (ScriptedImporter) -> (artifact id: '8add2d136b079d82a73be40b2ef14b11') in 0.0267941 seconds
Number of updated asset objects reloaded before import = 0Number of asset objects unloaded after import = 1

========================================================================
Received Import Request.
  Time since last request: 0.000058 seconds.
  path: Packages/com.unity.probuilder/Content/Resources/Materials/Collider.mat
  artifactKey: Guid(bbb235fff4f48426b863b36058ab66d2) Importer(2089858483,b0f066a214c2f5e87bad3c948f4d605d)
Start importing Packages/com.unity.probuilder/Content/Resources/Materials/Collider.mat using Guid(bbb235fff4f48426b863b36058ab66d2) Importer(2089858483,b0f066a214c2f5e87bad3c948f4d605d) (ScriptedImporter) -> (artifact id: 'e87840ac34cad682b7e30893ccbb8ccd') in 0.0330298 seconds
Number of updated asset objects reloaded before import = 0Number of asset objects unloaded after import = 2

========================================================================
Received Import Request.
  Time since last request: 0.306088 seconds.
  path: Packages/com.unity.probuilder/Editor/MenuActions/Interaction/ToggleHandleOrientation.cs
  artifactKey: Guid(53d27af1247a7d547aa00100fae732a0) Importer(2089858483,b0f066a214c2f5e87bad3c948f4d605d)
Start importing Packages/com.unity.probuilder/Editor/MenuActions/Interaction/ToggleHandleOrientation.cs using Guid(53d27af1247a7d547aa00100fae732a0) Importer(2089858483,b0f066a214c2f5e87bad3c948f4d605d) (ScriptedImporter) -> (artifact id: '807bb7027eb665c46962ad3165677dce') in 0.0143937 seconds
Number of updated asset objects reloaded before import = 0Number of asset objects unloaded after import = 0

========================================================================
Received Import Request.
  Time since last request: 0.000045 seconds.
  path: Packages/com.unity.probuilder/Editor Default Resources/Icons/Toolbar/Edge_InsertLoop_Light.png
  artifactKey: Guid(446ee7f8219507840966cb89686ba94c) Importer(2089858483,b0f066a214c2f5e87bad3c948f4d605d)
Start importing Packages/com.unity.probuilder/Editor Default Resources/Icons/Toolbar/Edge_InsertLoop_Light.png using Guid(446ee7f8219507840966cb89686ba94c) Importer(2089858483,b0f066a214c2f5e87bad3c948f4d605d) (ScriptedImporter) -> (artifact id: '3951f2c553fbb790dd90560233c83752') in 0.0289429 seconds
Number of updated asset objects reloaded before import = 0Number of asset objects unloaded after import = 1

========================================================================
Received Import Request.
  Time since last request: 0.000033 seconds.
  path: Packages/com.unity.probuilder/External/StlExporter/Unity.ProBuilder.Stl.asmdef
  artifactKey: Guid(b1c3ae93a8471b34fa031e31cfdd1fbb) Importer(2089858483,b0f066a214c2f5e87bad3c948f4d605d)
Start importing Packages/com.unity.probuilder/External/StlExporter/Unity.ProBuilder.Stl.asmdef using Guid(b1c3ae93a8471b34fa031e31cfdd1fbb) Importer(2089858483,b0f066a214c2f5e87bad3c948f4d605d) (ScriptedImporter) -> (artifact id: '76740f3d228a7c002eaad7420175afb5') in 0.0238785 seconds
Number of updated asset objects reloaded before import = 0Number of asset objects unloaded after import = 1

========================================================================
Received Import Request.
  Time since last request: 0.000034 seconds.
  path: Packages/com.unity.probuilder/Editor Default Resources/Icons/Tools/ShapeTool/d_Capsule@2x.png
  artifactKey: Guid(c0b6c8220ae0eb146805022faa478b5c) Importer(2089858483,b0f066a214c2f5e87bad3c948f4d605d)
Start importing Packages/com.unity.probuilder/Editor Default Resources/Icons/Tools/ShapeTool/d_Capsule@2x.png using Guid(c0b6c8220ae0eb146805022faa478b5c) Importer(2089858483,b0f066a214c2f5e87bad3c948f4d605d) (ScriptedImporter) -> (artifact id: '9dda69cd14f6af40108ffa4832b4e3a2') in 0.0303881 seconds
Number of updated asset objects reloaded before import = 0Number of asset objects unloaded after import = 1

========================================================================
Received Import Request.
  Time since last request: 0.000036 seconds.
  path: Packages/com.unity.probuilder/Editor Default Resources/Icons/Toolbar/HandleAlign_Local.png
  artifactKey: Guid(a187dcc3eec2047b38062e5def2d4dd7) Importer(2089858483,b0f066a214c2f5e87bad3c948f4d605d)
Start importing Packages/com.unity.probuilder/Editor Default Resources/Icons/Toolbar/HandleAlign_Local.png using Guid(a187dcc3eec2047b38062e5def2d4dd7) Importer(2089858483,b0f066a214c2f5e87bad3c948f4d605d) (ScriptedImporter) -> (artifact id: '3dbd9e3cdbdeb10712182f70f734f4f2') in 0.0260724 seconds
Number of updated asset objects reloaded before import = 0Number of asset objects unloaded after import = 1

========================================================================
Received Import Request.
  Time since last request: 0.378249 seconds.
  path: Packages/com.unity.probuilder/Content/Shader/LineBillboard.shader
  artifactKey: Guid(4293210a3280c4283b9872316017f1f9) Importer(2089858483,b0f066a214c2f5e87bad3c948f4d605d)
Start importing Packages/com.unity.probuilder/Content/Shader/LineBillboard.shader using Guid(4293210a3280c4283b9872316017f1f9) Importer(2089858483,b0f066a214c2f5e87bad3c948f4d605d) (ScriptedImporter) -> (artifact id: 'a4ad5f380002a8b312862e0732195bb5') in 0.0469318 seconds
Number of updated asset objects reloaded before import = 0Number of asset objects unloaded after import = 1

========================================================================
Received Import Request.
  Time since last request: 0.000026 seconds.
  path: Packages/com.unity.probuilder/Editor Default Resources/Icons/Tools/ShapeTool/d_Cylinder@2x.png
  artifactKey: Guid(3f384a15fc89c75489084a15fb091900) Importer(2089858483,b0f066a214c2f5e87bad3c948f4d605d)
Start importing Packages/com.unity.probuilder/Editor Default Resources/Icons/Tools/ShapeTool/d_Cylinder@2x.png using Guid(3f384a15fc89c75489084a15fb091900) Importer(2089858483,b0f066a214c2f5e87bad3c948f4d605d) (ScriptedImporter) -> (artifact id: '46275a37e144f2bee164869afeb3d9b0') in 0.0361479 seconds
Number of updated asset objects reloaded before import = 0Number of asset objects unloaded after import = 1

========================================================================
Received Import Request.
  Time since last request: 0.000038 seconds.
  path: Packages/com.unity.probuilder/Editor Default Resources/Icons/Tools/ShapeTool/on/Torus.png
  artifactKey: Guid(96cbec9262589a04c8f76004af23455b) Importer(2089858483,b0f066a214c2f5e87bad3c948f4d605d)
Start importing Packages/com.unity.probuilder/Editor Default Resources/Icons/Tools/ShapeTool/on/Torus.png using Guid(96cbec9262589a04c8f76004af23455b) Importer(2089858483,b0f066a214c2f5e87bad3c948f4d605d) (ScriptedImporter) -> (artifact id: 'f13e921867e5594ad7f8b19143d4ef1a') in 0.0347211 seconds
Number of updated asset objects reloaded before import = 0Number of asset objects unloaded after import = 1

========================================================================
Received Import Request.
  Time since last request: 0.000024 seconds.
  path: Packages/com.unity.probuilder/Editor/EditorCore/EditorEnum.cs
  artifactKey: Guid(2f90915a295ab524097b6e004b64d015) Importer(2089858483,b0f066a214c2f5e87bad3c948f4d605d)
Start importing Packages/com.unity.probuilder/Editor/EditorCore/EditorEnum.cs using Guid(2f90915a295ab524097b6e004b64d015) Importer(2089858483,b0f066a214c2f5e87bad3c948f4d605d) (ScriptedImporter) -> (artifact id: 'eb4dc72c5d34159f45a8de173bc7b8c7') in 0.0213451 seconds
Number of updated asset objects reloaded before import = 0Number of asset objects unloaded after import = 0

========================================================================
Received Import Request.
  Time since last request: 0.000024 seconds.
  path: Packages/com.unity.probuilder/Editor Default Resources/Icons/Toolbar/Background/RoundedRect_Normal.png
  artifactKey: Guid(b70a2a56c35a0439b9418e0aae585957) Importer(2089858483,b0f066a214c2f5e87bad3c948f4d605d)
Start importing Packages/com.unity.probuilder/Editor Default Resources/Icons/Toolbar/Background/RoundedRect_Normal.png using Guid(b70a2a56c35a0439b9418e0aae585957) Importer(2089858483,b0f066a214c2f5e87bad3c948f4d605d) (ScriptedImporter) -> (artifact id: 'aefeb398f2783059ec21089344884adb') in 0.0380447 seconds
Number of updated asset objects reloaded before import = 0Number of asset objects unloaded after import = 1

========================================================================
Received Import Request.
  Time since last request: 0.000023 seconds.
  path: Packages/com.unity.probuilder/Editor Default Resources/Icons/Toolbar/Selection_SelectHidden-OFF_Light@2x.png
  artifactKey: Guid(b17154d584643554ba9cb084bacf87c2) Importer(2089858483,b0f066a214c2f5e87bad3c948f4d605d)
Start importing Packages/com.unity.probuilder/Editor Default Resources/Icons/Toolbar/Selection_SelectHidden-OFF_Light@2x.png using Guid(b17154d584643554ba9cb084bacf87c2) Importer(2089858483,b0f066a214c2f5e87bad3c948f4d605d) (ScriptedImporter) -> (artifact id: '3017dcfab2c44e3f1b68dc0fa254673c') in 0.0372613 seconds
Number of updated asset objects reloaded before import = 0Number of asset objects unloaded after import = 1

========================================================================
Received Import Request.
  Time since last request: 0.000088 seconds.
  path: Packages/com.unity.probuilder/Editor/MenuActions/Object/MirrorObjects.cs
  artifactKey: Guid(5cf10ee5e4b44eaca6e769bf235f7f5a) Importer(2089858483,b0f066a214c2f5e87bad3c948f4d605d)
Start importing Packages/com.unity.probuilder/Editor/MenuActions/Object/MirrorObjects.cs using Guid(5cf10ee5e4b44eaca6e769bf235f7f5a) Importer(2089858483,b0f066a214c2f5e87bad3c948f4d605d) (ScriptedImporter) -> (artifact id: '2337c2d06842344fd2ca07d8fd033c90') in 0.0172845 seconds
Number of updated asset objects reloaded before import = 0Number of asset objects unloaded after import = 0

========================================================================
Received Import Request.
  Time since last request: 0.000042 seconds.
  path: Packages/com.unity.probuilder/Editor/EditorCore/PositionTool.cs
  artifactKey: Guid(b9ed23c5ac29d4227a634affc39ad4a4) Importer(2089858483,b0f066a214c2f5e87bad3c948f4d605d)
Start importing Packages/com.unity.probuilder/Editor/EditorCore/PositionTool.cs using Guid(b9ed23c5ac29d4227a634affc39ad4a4) Importer(2089858483,b0f066a214c2f5e87bad3c948f4d605d) (ScriptedImporter) -> (artifact id: '77791aac9c43947671d3cfc3627cb80b') in 0.0202267 seconds
Number of updated asset objects reloaded before import = 0Number of asset objects unloaded after import = 0

========================================================================
Received Import Request.
  Time since last request: 0.000046 seconds.
  path: Packages/com.unity.probuilder/Editor Default Resources/Icons/Toolbar/DragSelect_Off.png
  artifactKey: Guid(591b0719e0067cc46a66ac6f07d3285f) Importer(2089858483,b0f066a214c2f5e87bad3c948f4d605d)
Start importing Packages/com.unity.probuilder/Editor Default Resources/Icons/Toolbar/DragSelect_Off.png using Guid(591b0719e0067cc46a66ac6f07d3285f) Importer(2089858483,b0f066a214c2f5e87bad3c948f4d605d) (ScriptedImporter) -> (artifact id: '80dfff2a0e34e978afd56b85b7692322') in 0.0367215 seconds
Number of updated asset objects reloaded before import = 0Number of asset objects unloaded after import = 1

========================================================================
Received Import Request.
  Time since last request: 0.000034 seconds.
  path: Packages/com.unity.probuilder/Editor Default Resources/Icons/Toolbar/Vert_Collapse_Light.png
  artifactKey: Guid(3a2250abf8917df469f74d22af7be798) Importer(2089858483,b0f066a214c2f5e87bad3c948f4d605d)
Start importing Packages/com.unity.probuilder/Editor Default Resources/Icons/Toolbar/Vert_Collapse_Light.png using Guid(3a2250abf8917df469f74d22af7be798) Importer(2089858483,b0f066a214c2f5e87bad3c948f4d605d) (ScriptedImporter) -> (artifact id: '206d3732d4ecaf067f9f926dd8c9d6ce') in 0.0312528 seconds
Number of updated asset objects reloaded before import = 0Number of asset objects unloaded after import = 1

========================================================================
Received Import Request.
  Time since last request: 0.000055 seconds.
  path: Packages/com.unity.probuilder/Editor Default Resources/Icons/Toolbar/Face_ConformNormals_Light@2x.png
  artifactKey: Guid(2443b96b191289d4b92d7483553a7b56) Importer(2089858483,b0f066a214c2f5e87bad3c948f4d605d)
Start importing Packages/com.unity.probuilder/Editor Default Resources/Icons/Toolbar/Face_ConformNormals_Light@2x.png using Guid(2443b96b191289d4b92d7483553a7b56) Importer(2089858483,b0f066a214c2f5e87bad3c948f4d605d) (ScriptedImporter) -> (artifact id: '0913ddb21f22d604f5037990320b58f5') in 0.0300638 seconds
Number of updated asset objects reloaded before import = 0Number of asset objects unloaded after import = 1

========================================================================
Received Import Request.
  Time since last request: 0.000050 seconds.
  path: Packages/com.unity.probuilder/Editor/MenuActions/Object/MergeObjects.cs
  artifactKey: Guid(ffab696c539c4041848596918dd4590f) Importer(2089858483,b0f066a214c2f5e87bad3c948f4d605d)
Start importing Packages/com.unity.probuilder/Editor/MenuActions/Object/MergeObjects.cs using Guid(ffab696c539c4041848596918dd4590f) Importer(2089858483,b0f066a214c2f5e87bad3c948f4d605d) (ScriptedImporter) -> (artifact id: 'f613152932e412b61e1ba7815fd72571') in 0.0242524 seconds
Number of updated asset objects reloaded before import = 0Number of asset objects unloaded after import = 0

========================================================================
Received Import Request.
  Time since last request: 0.000043 seconds.
  path: Packages/com.unity.probuilder/Editor Default Resources/Icons/Toolbar/Object_ProBuilderize.png
  artifactKey: Guid(aa758a88ed4a5404fa8b0827990c1469) Importer(2089858483,b0f066a214c2f5e87bad3c948f4d605d)
Start importing Packages/com.unity.probuilder/Editor Default Resources/Icons/Toolbar/Object_ProBuilderize.png using Guid(aa758a88ed4a5404fa8b0827990c1469) Importer(2089858483,b0f066a214c2f5e87bad3c948f4d605d) (ScriptedImporter) -> (artifact id: 'bc3893b89b1bf69040b2bfaf1f2fc614') in 0.0318134 seconds
Number of updated asset objects reloaded before import = 0Number of asset objects unloaded after import = 1

========================================================================
Received Import Request.
  Time since last request: 0.000065 seconds.
  path: Packages/com.unity.probuilder/Editor Default Resources/Icons/Toolbar/Vert_Connect_Light.png
  artifactKey: Guid(69ae0bdc942b654498302189c776016d) Importer(2089858483,b0f066a214c2f5e87bad3c948f4d605d)
Start importing Packages/com.unity.probuilder/Editor Default Resources/Icons/Toolbar/Vert_Connect_Light.png using Guid(69ae0bdc942b654498302189c776016d) Importer(2089858483,b0f066a214c2f5e87bad3c948f4d605d) (ScriptedImporter) -> (artifact id: '91ce1f8590e3b89531ed57abfbece37e') in 0.0277064 seconds
Number of updated asset objects reloaded before import = 0Number of asset objects unloaded after import = 1

========================================================================
Received Import Request.
  Time since last request: 0.000051 seconds.
  path: Packages/com.unity.probuilder/Editor Default Resources/Icons/Toolbar/Panel_Materials@2x.png
  artifactKey: Guid(f53e9719eba325e4b8accc59316313f9) Importer(2089858483,b0f066a214c2f5e87bad3c948f4d605d)
Start importing Packages/com.unity.probuilder/Editor Default Resources/Icons/Toolbar/Panel_Materials@2x.png using Guid(f53e9719eba325e4b8accc59316313f9) Importer(2089858483,b0f066a214c2f5e87bad3c948f4d605d) (ScriptedImporter) -> (artifact id: '9b00cf42b56f7dee5fa5d81323aed751') in 0.0290755 seconds
Number of updated asset objects reloaded before import = 0Number of asset objects unloaded after import = 1

========================================================================
Received Import Request.
  Time since last request: 0.000025 seconds.
  path: Packages/com.unity.probuilder/Editor Default Resources/Icons/UVEditor/ProBuilderGUI_UV_ShowTexture_Off.png
  artifactKey: Guid(dbb4b574fd7ee40eb876528351e6f9ad) Importer(2089858483,b0f066a214c2f5e87bad3c948f4d605d)
Start importing Packages/com.unity.probuilder/Editor Default Resources/Icons/UVEditor/ProBuilderGUI_UV_ShowTexture_Off.png using Guid(dbb4b574fd7ee40eb876528351e6f9ad) Importer(2089858483,b0f066a214c2f5e87bad3c948f4d605d) (ScriptedImporter) -> (artifact id: 'd1c9371f72bb302d2ec3ddf2c66e672d') in 0.0348444 seconds
Number of updated asset objects reloaded before import = 0Number of asset objects unloaded after import = 1

========================================================================
Received Import Request.
  Time since last request: 0.000053 seconds.
  path: Packages/com.unity.probuilder/Editor Default Resources/Icons/Toolbar/Edge_Bevel.png
  artifactKey: Guid(2057d8bd1783d904cb64365af2b7982b) Importer(2089858483,b0f066a214c2f5e87bad3c948f4d605d)
Start importing Packages/com.unity.probuilder/Editor Default Resources/Icons/Toolbar/Edge_Bevel.png using Guid(2057d8bd1783d904cb64365af2b7982b) Importer(2089858483,b0f066a214c2f5e87bad3c948f4d605d) (ScriptedImporter) -> (artifact id: '23c4dff29e97dfff54cffa5a11de2b2f') in 0.0282941 seconds
Number of updated asset objects reloaded before import = 0Number of asset objects unloaded after import = 1

========================================================================
Received Import Request.
  Time since last request: 0.000024 seconds.
  path: Packages/com.unity.probuilder/Editor/MenuActions/Geometry/InsertEdgeLoop.cs
  artifactKey: Guid(d3ba8385f1f540519a3524dceb13733b) Importer(2089858483,b0f066a214c2f5e87bad3c948f4d605d)
Start importing Packages/com.unity.probuilder/Editor/MenuActions/Geometry/InsertEdgeLoop.cs using Guid(d3ba8385f1f540519a3524dceb13733b) Importer(2089858483,b0f066a214c2f5e87bad3c948f4d605d) (ScriptedImporter) -> (artifact id: '29f4f3205195400b672c7ffadc905369') in 0.0137336 seconds
Number of updated asset objects reloaded before import = 0Number of asset objects unloaded after import = 0

========================================================================
Received Import Request.
  Time since last request: 0.000040 seconds.
  path: Packages/com.unity.probuilder/Editor Default Resources/Icons/Toolbar/Object_Export@2x.png
  artifactKey: Guid(9f0f903e70030b54792ae74c186b99be) Importer(2089858483,b0f066a214c2f5e87bad3c948f4d605d)
Start importing Packages/com.unity.probuilder/Editor Default Resources/Icons/Toolbar/Object_Export@2x.png using Guid(9f0f903e70030b54792ae74c186b99be) Importer(2089858483,b0f066a214c2f5e87bad3c948f4d605d) (ScriptedImporter) -> (artifact id: '088216faea1dd12b28cfa0c5f0bcc0f9') in 0.0316653 seconds
Number of updated asset objects reloaded before import = 0Number of asset objects unloaded after import = 1

========================================================================
Received Import Request.
  Time since last request: 0.000045 seconds.
  path: Packages/com.unity.probuilder/External/Poly2Tri/Utility/FixedArray3.cs
  artifactKey: Guid(fc2e025c327cbba4ca8373dd8923ff88) Importer(2089858483,b0f066a214c2f5e87bad3c948f4d605d)
Start importing Packages/com.unity.probuilder/External/Poly2Tri/Utility/FixedArray3.cs using Guid(fc2e025c327cbba4ca8373dd8923ff88) Importer(2089858483,b0f066a214c2f5e87bad3c948f4d605d) (ScriptedImporter) -> (artifact id: '3da72f51484eca03b99c35ad232d58f5') in 0.0119512 seconds
Number of updated asset objects reloaded before import = 0Number of asset objects unloaded after import = 0

========================================================================
Received Import Request.
  Time since last request: 0.000063 seconds.
  path: Packages/com.unity.probuilder/Runtime/Core/SimpleTuple.cs
  artifactKey: Guid(af7cbb59029d2420c960fa64da335888) Importer(2089858483,b0f066a214c2f5e87bad3c948f4d605d)
Start importing Packages/com.unity.probuilder/Runtime/Core/SimpleTuple.cs using Guid(af7cbb59029d2420c960fa64da335888) Importer(2089858483,b0f066a214c2f5e87bad3c948f4d605d) (ScriptedImporter) -> (artifact id: '1881d8e0dbf1d0f7162fb25d0392465d') in 0.0146812 seconds
Number of updated asset objects reloaded before import = 0Number of asset objects unloaded after import = 0

========================================================================
Received Import Request.
  Time since last request: 0.000069 seconds.
  path: Packages/com.unity.probuilder/Editor Default Resources/Icons/Tools/ShapeTool/Door@2x.png
  artifactKey: Guid(004eed9474720524c91221e0051f47ef) Importer(2089858483,b0f066a214c2f5e87bad3c948f4d605d)
Start importing Packages/com.unity.probuilder/Editor Default Resources/Icons/Tools/ShapeTool/Door@2x.png using Guid(004eed9474720524c91221e0051f47ef) Importer(2089858483,b0f066a214c2f5e87bad3c948f4d605d) (ScriptedImporter) -> (artifact id: '8b0a92b9136884a2bffcbe373e6da2df') in 0.0258497 seconds
Number of updated asset objects reloaded before import = 0Number of asset objects unloaded after import = 1

========================================================================
Received Import Request.
  Time since last request: 0.000069 seconds.
  path: Packages/com.unity.probuilder/Editor Default Resources/Icons/Toolbar/DragSelect_Off_Light.png
  artifactKey: Guid(3baffabd1cf120a49bc4bc9f86aebe14) Importer(2089858483,b0f066a214c2f5e87bad3c948f4d605d)
Start importing Packages/com.unity.probuilder/Editor Default Resources/Icons/Toolbar/DragSelect_Off_Light.png using Guid(3baffabd1cf120a49bc4bc9f86aebe14) Importer(2089858483,b0f066a214c2f5e87bad3c948f4d605d) (ScriptedImporter) -> (artifact id: '83d6b4fe95bad3eb4239525f972b501e') in 0.032029 seconds
Number of updated asset objects reloaded before import = 0Number of asset objects unloaded after import = 1

========================================================================
Received Import Request.
  Time since last request: 0.000032 seconds.
  path: Packages/com.unity.probuilder/Editor/MenuActions/Geometry/ConnectVertices.cs
  artifactKey: Guid(c6d73444bb8cc9b468d5ff190d7de759) Importer(2089858483,b0f066a214c2f5e87bad3c948f4d605d)
Start importing Packages/com.unity.probuilder/Editor/MenuActions/Geometry/ConnectVertices.cs using Guid(c6d73444bb8cc9b468d5ff190d7de759) Importer(2089858483,b0f066a214c2f5e87bad3c948f4d605d) (ScriptedImporter) -> (artifact id: '9d9160586584c9c313ef6cb4087e4063') in 0.0164645 seconds
Number of updated asset objects reloaded before import = 0Number of asset objects unloaded after import = 0

========================================================================
Received Import Request.
  Time since last request: 0.000025 seconds.
  path: Packages/com.unity.probuilder/Editor Default Resources/Icons/Toolbar/Vert_Weld@2x.png
  artifactKey: Guid(57fde550fa665fd41a2d1b9f244312cf) Importer(2089858483,b0f066a214c2f5e87bad3c948f4d605d)
Start importing Packages/com.unity.probuilder/Editor Default Resources/Icons/Toolbar/Vert_Weld@2x.png using Guid(57fde550fa665fd41a2d1b9f244312cf) Importer(2089858483,b0f066a214c2f5e87bad3c948f4d605d) (ScriptedImporter) -> (artifact id: '755bf26c2e4784b68accf5b477cea058') in 0.0261367 seconds
Number of updated asset objects reloaded before import = 0Number of asset objects unloaded after import = 1

========================================================================
Received Import Request.
  Time since last request: 0.000029 seconds.
  path: Packages/com.unity.probuilder/Editor Default Resources/Icons/Toolbar/Selection_SelectByVertexColor_Light@2x.png
  artifactKey: Guid(f5aa3d9fd49be2e4f945fd4002df309e) Importer(2089858483,b0f066a214c2f5e87bad3c948f4d605d)
Start importing Packages/com.unity.probuilder/Editor Default Resources/Icons/Toolbar/Selection_SelectByVertexColor_Light@2x.png using Guid(f5aa3d9fd49be2e4f945fd4002df309e) Importer(2089858483,b0f066a214c2f5e87bad3c948f4d605d) (ScriptedImporter) -> (artifact id: 'ace3b1712e7e7b0fcb58fba5bbde52b1') in 0.0292331 seconds
Number of updated asset objects reloaded before import = 0Number of asset objects unloaded after import = 1

========================================================================
Received Import Request.
  Time since last request: 0.000077 seconds.
  path: Packages/com.unity.probuilder/Editor/StateMachines/ShapeState_DrawHeightShape.cs
  artifactKey: Guid(217ead35f8b54dcda0676459e0d25fdf) Importer(2089858483,b0f066a214c2f5e87bad3c948f4d605d)
Start importing Packages/com.unity.probuilder/Editor/StateMachines/ShapeState_DrawHeightShape.cs using Guid(217ead35f8b54dcda0676459e0d25fdf) Importer(2089858483,b0f066a214c2f5e87bad3c948f4d605d) (ScriptedImporter) -> (artifact id: '3d5253e360d61a48b6d5877d889a55e3') in 0.014769 seconds
Number of updated asset objects reloaded before import = 0Number of asset objects unloaded after import = 0

========================================================================
Received Import Request.
  Time since last request: 0.000034 seconds.
  path: Packages/com.unity.probuilder/Editor Default Resources/Icons/Modes/Mode_Vertex.png
  artifactKey: Guid(4461d11690c974f94b55e0295c5274eb) Importer(2089858483,b0f066a214c2f5e87bad3c948f4d605d)
Start importing Packages/com.unity.probuilder/Editor Default Resources/Icons/Modes/Mode_Vertex.png using Guid(4461d11690c974f94b55e0295c5274eb) Importer(2089858483,b0f066a214c2f5e87bad3c948f4d605d) (ScriptedImporter) -> (artifact id: '436fba0984b34d8ef07298bbb68102fe') in 0.0299622 seconds
Number of updated asset objects reloaded before import = 0Number of asset objects unloaded after import = 1

========================================================================
Received Import Request.
  Time since last request: 0.000041 seconds.
  path: Packages/com.unity.probuilder/Runtime/Shapes/Cylinder.cs
  artifactKey: Guid(3ee68c576d0d746729c62f6561e44b27) Importer(2089858483,b0f066a214c2f5e87bad3c948f4d605d)
Start importing Packages/com.unity.probuilder/Runtime/Shapes/Cylinder.cs using Guid(3ee68c576d0d746729c62f6561e44b27) Importer(2089858483,b0f066a214c2f5e87bad3c948f4d605d) (ScriptedImporter) -> (artifact id: 'ce1143da4d7a74bb69a3099fde77f7b3') in 0.0149623 seconds
Number of updated asset objects reloaded before import = 0Number of asset objects unloaded after import = 0

========================================================================
Received Import Request.
  Time since last request: 0.000029 seconds.
  path: Packages/com.unity.probuilder/Editor Default Resources/Icons/Tools/EditShape_On@2x.png
  artifactKey: Guid(0fbd5def79f3e8f4ab18307813ce1cbe) Importer(2089858483,b0f066a214c2f5e87bad3c948f4d605d)
Start importing Packages/com.unity.probuilder/Editor Default Resources/Icons/Tools/EditShape_On@2x.png using Guid(0fbd5def79f3e8f4ab18307813ce1cbe) Importer(2089858483,b0f066a214c2f5e87bad3c948f4d605d) (ScriptedImporter) -> (artifact id: '4e5003b0f27a2c9b18f333c4ee3e7f1f') in 0.0354573 seconds
Number of updated asset objects reloaded before import = 0Number of asset objects unloaded after import = 1

========================================================================
Received Import Request.
  Time since last request: 0.000042 seconds.
  path: Packages/com.unity.probuilder/Editor Default Resources/Icons/Toolbar/Object_Mirror.png
  artifactKey: Guid(f62ae14c596ce4e8baec2ac12e0325cb) Importer(2089858483,b0f066a214c2f5e87bad3c948f4d605d)
Start importing Packages/com.unity.probuilder/Editor Default Resources/Icons/Toolbar/Object_Mirror.png using Guid(f62ae14c596ce4e8baec2ac12e0325cb) Importer(2089858483,b0f066a214c2f5e87bad3c948f4d605d) (ScriptedImporter) -> (artifact id: 'b76257c85582dcd6eea1caa34817626b') in 0.0315153 seconds
Number of updated asset objects reloaded before import = 0Number of asset objects unloaded after import = 1

========================================================================
Received Import Request.
  Time since last request: 0.000036 seconds.
  path: Packages/com.unity.probuilder/Editor/MenuActions/Interaction/ToggleDragRectMode.cs
  artifactKey: Guid(19fd4a6987194c66bf04e55e19aa466b) Importer(2089858483,b0f066a214c2f5e87bad3c948f4d605d)
Start importing Packages/com.unity.probuilder/Editor/MenuActions/Interaction/ToggleDragRectMode.cs using Guid(19fd4a6987194c66bf04e55e19aa466b) Importer(2089858483,b0f066a214c2f5e87bad3c948f4d605d) (ScriptedImporter) -> (artifact id: 'bb6f4174f52c2c66a15553d5abccc095') in 0.015315 seconds
Number of updated asset objects reloaded before import = 0Number of asset objects unloaded after import = 0

========================================================================
Received Import Request.
  Time since last request: 0.000060 seconds.
  path: Packages/com.unity.probuilder/Editor Default Resources/Icons/Tools/ShapeTool/on/Sprite.png
  artifactKey: Guid(697da9bd8aab3e74c9dd8fade1457ae5) Importer(2089858483,b0f066a214c2f5e87bad3c948f4d605d)
Start importing Packages/com.unity.probuilder/Editor Default Resources/Icons/Tools/ShapeTool/on/Sprite.png using Guid(697da9bd8aab3e74c9dd8fade1457ae5) Importer(2089858483,b0f066a214c2f5e87bad3c948f4d605d) (ScriptedImporter) -> (artifact id: '906919608ab3aa2bc0240f4158fd30c0') in 0.0345619 seconds
Number of updated asset objects reloaded before import = 0Number of asset objects unloaded after import = 1

========================================================================
Received Import Request.
  Time since last request: 0.000041 seconds.
  path: Packages/com.unity.probuilder/Editor Default Resources/Icons/Toolbar/Pivot_FreezeTransform.png
  artifactKey: Guid(8f1a50f096c30e6499cfa9fcf7b91814) Importer(2089858483,b0f066a214c2f5e87bad3c948f4d605d)
Start importing Packages/com.unity.probuilder/Editor Default Resources/Icons/Toolbar/Pivot_FreezeTransform.png using Guid(8f1a50f096c30e6499cfa9fcf7b91814) Importer(2089858483,b0f066a214c2f5e87bad3c948f4d605d) (ScriptedImporter) -> (artifact id: 'de3fe6d719bac24374a5017c557ab443') in 0.0358898 seconds
Number of updated asset objects reloaded before import = 0Number of asset objects unloaded after import = 1

========================================================================
Received Import Request.
  Time since last request: 0.000074 seconds.
  path: Packages/com.unity.probuilder/Editor/EditorCore/MeshDebugTool.cs
  artifactKey: Guid(05fa18d180bd4dcea12922b6cff680e2) Importer(2089858483,b0f066a214c2f5e87bad3c948f4d605d)
Start importing Packages/com.unity.probuilder/Editor/EditorCore/MeshDebugTool.cs using Guid(05fa18d180bd4dcea12922b6cff680e2) Importer(2089858483,b0f066a214c2f5e87bad3c948f4d605d) (ScriptedImporter) -> (artifact id: 'a053cf72d9b06c789d6a63aa066c35bd') in 0.0161955 seconds
Number of updated asset objects reloaded before import = 0Number of asset objects unloaded after import = 0

========================================================================
Received Import Request.
  Time since last request: 0.000020 seconds.
  path: Packages/com.unity.probuilder/Editor Default Resources/Icons/Toolbar/Texturing_Paintbrush.png
  artifactKey: Guid(cd7a91ef87d0b4d028bf97077204fc1c) Importer(2089858483,b0f066a214c2f5e87bad3c948f4d605d)
Start importing Packages/com.unity.probuilder/Editor Default Resources/Icons/Toolbar/Texturing_Paintbrush.png using Guid(cd7a91ef87d0b4d028bf97077204fc1c) Importer(2089858483,b0f066a214c2f5e87bad3c948f4d605d) (ScriptedImporter) -> (artifact id: '1f60240a813c4ea32f8571ea4ff1fe32') in 0.0364159 seconds
Number of updated asset objects reloaded before import = 0Number of asset objects unloaded after import = 1

========================================================================
Received Import Request.
  Time since last request: 0.000022 seconds.
  path: Packages/com.unity.probuilder/Runtime/Core/SelectionPickerRendererURP.cs
  artifactKey: Guid(10d0f8b62703b4d48a0f6af6b6773163) Importer(2089858483,b0f066a214c2f5e87bad3c948f4d605d)
Start importing Packages/com.unity.probuilder/Runtime/Core/SelectionPickerRendererURP.cs using Guid(10d0f8b62703b4d48a0f6af6b6773163) Importer(2089858483,b0f066a214c2f5e87bad3c948f4d605d) (ScriptedImporter) -> (artifact id: '02d5b74cbb5046520c2b242dc1db78e7') in 0.017181 seconds
Number of updated asset objects reloaded before import = 0Number of asset objects unloaded after import = 0

========================================================================
Received Import Request.
  Time since last request: 0.000095 seconds.
  path: Packages/com.unity.probuilder/Editor/EditorCore/Version.cs
  artifactKey: Guid(c33579cdea5c8442e90e443cf7bcfee9) Importer(2089858483,b0f066a214c2f5e87bad3c948f4d605d)
Start importing Packages/com.unity.probuilder/Editor/EditorCore/Version.cs using Guid(c33579cdea5c8442e90e443cf7bcfee9) Importer(2089858483,b0f066a214c2f5e87bad3c948f4d605d) (ScriptedImporter) -> (artifact id: '70ac56463561b0d96f1f6b202b85f92d') in 0.0152308 seconds
Number of updated asset objects reloaded before import = 0Number of asset objects unloaded after import = 0

========================================================================
Received Import Request.
  Time since last request: 0.000044 seconds.
  path: Packages/com.unity.probuilder/Editor Default Resources/Icons/Toolbar/Selection_Loop_Edge_Light.png
  artifactKey: Guid(650e7d30350645344b529b2d27534473) Importer(2089858483,b0f066a214c2f5e87bad3c948f4d605d)
Start importing Packages/com.unity.probuilder/Editor Default Resources/Icons/Toolbar/Selection_Loop_Edge_Light.png using Guid(650e7d30350645344b529b2d27534473) Importer(2089858483,b0f066a214c2f5e87bad3c948f4d605d) (ScriptedImporter) -> (artifact id: '5b8e09ca8826418d90a1568b6d3f027f') in 0.0370737 seconds
Number of updated asset objects reloaded before import = 0Number of asset objects unloaded after import = 1

========================================================================
Received Import Request.
  Time since last request: 0.000055 seconds.
  path: Packages/com.unity.probuilder/External/CSG/CSG.cs
  artifactKey: Guid(136c7ff4a0ec419280b8df0d260180d0) Importer(2089858483,b0f066a214c2f5e87bad3c948f4d605d)
Start importing Packages/com.unity.probuilder/External/CSG/CSG.cs using Guid(136c7ff4a0ec419280b8df0d260180d0) Importer(2089858483,b0f066a214c2f5e87bad3c948f4d605d) (ScriptedImporter) -> (artifact id: '24feb1b1f77c3630275413af6aac6557') in 0.0178918 seconds
Number of updated asset objects reloaded before import = 0Number of asset objects unloaded after import = 0

========================================================================
Received Import Request.
  Time since last request: 0.000039 seconds.
  path: Packages/com.unity.probuilder/Editor Default Resources/Icons/Modes/d_Mode_Face@2x.png
  artifactKey: Guid(80b71c9b7db4d6d40b1209e05434d07b) Importer(2089858483,b0f066a214c2f5e87bad3c948f4d605d)
Start importing Packages/com.unity.probuilder/Editor Default Resources/Icons/Modes/d_Mode_Face@2x.png using Guid(80b71c9b7db4d6d40b1209e05434d07b) Importer(2089858483,b0f066a214c2f5e87bad3c948f4d605d) (ScriptedImporter) -> (artifact id: '534490eeb4a896511506a25dcd5bdd54') in 0.0261382 seconds
Number of updated asset objects reloaded before import = 0Number of asset objects unloaded after import = 1

========================================================================
Received Import Request.
  Time since last request: 0.000024 seconds.
  path: Packages/com.unity.probuilder/Editor Default Resources/Icons/Toolbar/Selection_ShiftDifference_Light@2x.png
  artifactKey: Guid(4bf387929dfca454cabdf521bcbd5bb0) Importer(2089858483,b0f066a214c2f5e87bad3c948f4d605d)
Start importing Packages/com.unity.probuilder/Editor Default Resources/Icons/Toolbar/Selection_ShiftDifference_Light@2x.png using Guid(4bf387929dfca454cabdf521bcbd5bb0) Importer(2089858483,b0f066a214c2f5e87bad3c948f4d605d) (ScriptedImporter) -> (artifact id: '80eb52cf19bf83000ba03ba4e7bd6082') in 0.0341666 seconds
Number of updated asset objects reloaded before import = 0Number of asset objects unloaded after import = 1

========================================================================
Received Import Request.
  Time since last request: 0.000094 seconds.
  path: Packages/com.unity.probuilder/Editor/MenuActions/Geometry/OffsetElements.cs
  artifactKey: Guid(5fb3641deade84f238d59ad03971b64c) Importer(2089858483,b0f066a214c2f5e87bad3c948f4d605d)
Start importing Packages/com.unity.probuilder/Editor/MenuActions/Geometry/OffsetElements.cs using Guid(5fb3641deade84f238d59ad03971b64c) Importer(2089858483,b0f066a214c2f5e87bad3c948f4d605d) (ScriptedImporter) -> (artifact id: '4f6b917ab56a280264b6a0ede10e381f') in 0.0157592 seconds
Number of updated asset objects reloaded before import = 0Number of asset objects unloaded after import = 0

========================================================================
Received Import Request.
  Time since last request: 0.000026 seconds.
  path: Packages/com.unity.probuilder/Editor/MenuActions
  artifactKey: Guid(e326e0ab55c74e9c9bf4ad656a17c4c0) Importer(2089858483,b0f066a214c2f5e87bad3c948f4d605d)
Start importing Packages/com.unity.probuilder/Editor/MenuActions using Guid(e326e0ab55c74e9c9bf4ad656a17c4c0) Importer(2089858483,b0f066a214c2f5e87bad3c948f4d605d) (ScriptedImporter) -> (artifact id: '3cddb25803c939820b83ae1f6f3c38a7') in 0.0188368 seconds
Number of updated asset objects reloaded before import = 0Number of asset objects unloaded after import = 1

========================================================================
Received Import Request.
  Time since last request: 0.000026 seconds.
  path: Packages/com.unity.probuilder/External/CSG/Unity.ProBuilder.Csg.asmdef
  artifactKey: Guid(26434c0544da24d83a23c99deaa60965) Importer(2089858483,b0f066a214c2f5e87bad3c948f4d605d)
Start importing Packages/com.unity.probuilder/External/CSG/Unity.ProBuilder.Csg.asmdef using Guid(26434c0544da24d83a23c99deaa60965) Importer(2089858483,b0f066a214c2f5e87bad3c948f4d605d) (ScriptedImporter) -> (artifact id: '1a4d0d7397f0079f0443ff341b4b697f') in 0.0249842 seconds
Number of updated asset objects reloaded before import = 0Number of asset objects unloaded after import = 1

========================================================================
Received Import Request.
  Time since last request: 0.000028 seconds.
  path: Packages/com.unity.probuilder/Editor/Unity.ProBuilder.Editor.asmdef
  artifactKey: Guid(03ca3ee4acaf74592bc6d299ca86aa27) Importer(2089858483,b0f066a214c2f5e87bad3c948f4d605d)
Start importing Packages/com.unity.probuilder/Editor/Unity.ProBuilder.Editor.asmdef using Guid(03ca3ee4acaf74592bc6d299ca86aa27) Importer(2089858483,b0f066a214c2f5e87bad3c948f4d605d) (ScriptedImporter) -> (artifact id: 'e47116faa54092d70da8f12ccb939476') in 0.023106 seconds
Number of updated asset objects reloaded before import = 0Number of asset objects unloaded after import = 1

========================================================================
Received Import Request.
  Time since last request: 0.000086 seconds.
  path: Packages/com.unity.probuilder/Editor Default Resources/Icons/Toolbar/Face_FlipTri@2x.png
  artifactKey: Guid(e989684cb9db0574691b12b78a2b64f0) Importer(2089858483,b0f066a214c2f5e87bad3c948f4d605d)
Start importing Packages/com.unity.probuilder/Editor Default Resources/Icons/Toolbar/Face_FlipTri@2x.png using Guid(e989684cb9db0574691b12b78a2b64f0) Importer(2089858483,b0f066a214c2f5e87bad3c948f4d605d) (ScriptedImporter) -> (artifact id: '209b8a76e250a52331beafe3a3bc69e8') in 0.0300603 seconds
Number of updated asset objects reloaded before import = 0Number of asset objects unloaded after import = 1

========================================================================
Received Import Request.
  Time since last request: 0.000041 seconds.
  path: Packages/com.unity.probuilder/Editor Default Resources/Icons/Toolbar/Selection_SelectHole.png
  artifactKey: Guid(a62fa0baeb5984366875abfc6928f551) Importer(2089858483,b0f066a214c2f5e87bad3c948f4d605d)
Start importing Packages/com.unity.probuilder/Editor Default Resources/Icons/Toolbar/Selection_SelectHole.png using Guid(a62fa0baeb5984366875abfc6928f551) Importer(2089858483,b0f066a214c2f5e87bad3c948f4d605d) (ScriptedImporter) -> (artifact id: 'f2ac6f24a2ce43b979677bf8d3f66443') in 0.0343114 seconds
Number of updated asset objects reloaded before import = 0Number of asset objects unloaded after import = 1

========================================================================
Received Import Request.
  Time since last request: 0.000019 seconds.
  path: Packages/com.unity.probuilder/Editor Default Resources/Icons/Toolbar/Selection_Grow_Light@2x.png
  artifactKey: Guid(952c770acb6f95b4b864446b77055d0c) Importer(2089858483,b0f066a214c2f5e87bad3c948f4d605d)
Start importing Packages/com.unity.probuilder/Editor Default Resources/Icons/Toolbar/Selection_Grow_Light@2x.png using Guid(952c770acb6f95b4b864446b77055d0c) Importer(2089858483,b0f066a214c2f5e87bad3c948f4d605d) (ScriptedImporter) -> (artifact id: '3a88769dd0f9fd9e03092e5348a5347b') in 0.0358228 seconds
Number of updated asset objects reloaded before import = 0Number of asset objects unloaded after import = 1

========================================================================
Received Import Request.
  Time since last request: 0.000030 seconds.
  path: Packages/com.unity.probuilder/Editor/EditorCore/ToolbarGroup.cs
  artifactKey: Guid(1edc484acd18fdb42b4421d1b707caaa) Importer(2089858483,b0f066a214c2f5e87bad3c948f4d605d)
Start importing Packages/com.unity.probuilder/Editor/EditorCore/ToolbarGroup.cs using Guid(1edc484acd18fdb42b4421d1b707caaa) Importer(2089858483,b0f066a214c2f5e87bad3c948f4d605d) (ScriptedImporter) -> (artifact id: 'aa08a8aebc0dab676a2fae20869af53f') in 0.0253472 seconds
Number of updated asset objects reloaded before import = 0Number of asset objects unloaded after import = 0

========================================================================
Received Import Request.
  Time since last request: 0.000034 seconds.
  path: Packages/com.unity.probuilder/Editor Default Resources/Icons/Toolbar/Selection_ShiftDifference.png
  artifactKey: Guid(b502e988e29114734b0025a00dcd8c16) Importer(2089858483,b0f066a214c2f5e87bad3c948f4d605d)
Start importing Packages/com.unity.probuilder/Editor Default Resources/Icons/Toolbar/Selection_ShiftDifference.png using Guid(b502e988e29114734b0025a00dcd8c16) Importer(2089858483,b0f066a214c2f5e87bad3c948f4d605d) (ScriptedImporter) -> (artifact id: 'f0a49f376e18c7de4f3d2bc7c05a31ae') in 0.0324161 seconds
Number of updated asset objects reloaded before import = 0Number of asset objects unloaded after import = 1

========================================================================
Received Import Request.
  Time since last request: 0.000040 seconds.
  path: Packages/com.unity.probuilder/Editor Default Resources/Icons/Toolbar/Face_Extrude.png
  artifactKey: Guid(02a1e52203ed7d44f9dc0c7f25d7c508) Importer(2089858483,b0f066a214c2f5e87bad3c948f4d605d)
Start importing Packages/com.unity.probuilder/Editor Default Resources/Icons/Toolbar/Face_Extrude.png using Guid(02a1e52203ed7d44f9dc0c7f25d7c508) Importer(2089858483,b0f066a214c2f5e87bad3c948f4d605d) (ScriptedImporter) -> (artifact id: '20a406e21d7444a930809b6208210001') in 0.0384512 seconds
Number of updated asset objects reloaded before import = 0Number of asset objects unloaded after import = 1

========================================================================
Received Import Request.
  Time since last request: 0.000043 seconds.
  path: Packages/com.unity.probuilder/Editor Default Resources/Icons/Toolbar/Pivot_FreezeTransform@2x.png
  artifactKey: Guid(24aab232d15e92442aec348f1fde0428) Importer(2089858483,b0f066a214c2f5e87bad3c948f4d605d)
Start importing Packages/com.unity.probuilder/Editor Default Resources/Icons/Toolbar/Pivot_FreezeTransform@2x.png using Guid(24aab232d15e92442aec348f1fde0428) Importer(2089858483,b0f066a214c2f5e87bad3c948f4d605d) (ScriptedImporter) -> (artifact id: 'ccae1b2ab2370d78e75e21abdbafcf7a') in 0.0363688 seconds
Number of updated asset objects reloaded before import = 0Number of asset objects unloaded after import = 1

========================================================================
Received Import Request.
  Time since last request: 0.000034 seconds.
  path: Packages/com.unity.probuilder/Editor Default Resources/Icons/Toolbar/Selection_Ring_Edge_Light.png
  artifactKey: Guid(aa41398eb3f49c4478c537a40ea6263d) Importer(2089858483,b0f066a214c2f5e87bad3c948f4d605d)
Start importing Packages/com.unity.probuilder/Editor Default Resources/Icons/Toolbar/Selection_Ring_Edge_Light.png using Guid(aa41398eb3f49c4478c537a40ea6263d) Importer(2089858483,b0f066a214c2f5e87bad3c948f4d605d) (ScriptedImporter) -> (artifact id: 'a5b524e4cff4240aabf8a9e468c4dadb') in 0.0331973 seconds
Number of updated asset objects reloaded before import = 0Number of asset objects unloaded after import = 1

========================================================================
Received Import Request.
  Time since last request: 0.000027 seconds.
  path: Packages/com.unity.probuilder/Runtime/Core/Normals.cs
  artifactKey: Guid(13fe1d05e56c65b4ca8c935f648e6cbb) Importer(2089858483,b0f066a214c2f5e87bad3c948f4d605d)
Start importing Packages/com.unity.probuilder/Runtime/Core/Normals.cs using Guid(13fe1d05e56c65b4ca8c935f648e6cbb) Importer(2089858483,b0f066a214c2f5e87bad3c948f4d605d) (ScriptedImporter) -> (artifact id: '69500b7126a955caf4f8c0f125e06d9d') in 0.0204464 seconds
Number of updated asset objects reloaded before import = 0Number of asset objects unloaded after import = 0

========================================================================
Received Import Request.
  Time since last request: 0.000050 seconds.
  path: Packages/com.unity.probuilder/Runtime/Core/ProBuilderMeshFunction.cs
  artifactKey: Guid(cd856323da4211845ae7b4c7a54b294f) Importer(2089858483,b0f066a214c2f5e87bad3c948f4d605d)
Start importing Packages/com.unity.probuilder/Runtime/Core/ProBuilderMeshFunction.cs using Guid(cd856323da4211845ae7b4c7a54b294f) Importer(2089858483,b0f066a214c2f5e87bad3c948f4d605d) (ScriptedImporter) -> (artifact id: '41bbe6f8c05a2e6bf8f01fe0f1f8cf7b') in 0.020924 seconds
Number of updated asset objects reloaded before import = 0Number of asset objects unloaded after import = 0

========================================================================
Received Import Request.
  Time since last request: 0.000029 seconds.
  path: Packages/com.unity.probuilder/External/CSG/Classes/Model.cs
  artifactKey: Guid(14789abc21c8f4551995149f67010e23) Importer(2089858483,b0f066a214c2f5e87bad3c948f4d605d)
Start importing Packages/com.unity.probuilder/External/CSG/Classes/Model.cs using Guid(14789abc21c8f4551995149f67010e23) Importer(2089858483,b0f066a214c2f5e87bad3c948f4d605d) (ScriptedImporter) -> (artifact id: '8092f8531f6a71dd3b296f28fd01fb81') in 0.0216879 seconds
Number of updated asset objects reloaded before import = 0Number of asset objects unloaded after import = 0

========================================================================
Received Import Request.
  Time since last request: 0.000031 seconds.
  path: Packages/com.unity.probuilder/Editor Default Resources/Icons/Tools/ShapeTool/Cylinder@2x.png
  artifactKey: Guid(44368899944ee4441966df0a1aadec68) Importer(2089858483,b0f066a214c2f5e87bad3c948f4d605d)
Start importing Packages/com.unity.probuilder/Editor Default Resources/Icons/Tools/ShapeTool/Cylinder@2x.png using Guid(44368899944ee4441966df0a1aadec68) Importer(2089858483,b0f066a214c2f5e87bad3c948f4d605d) (ScriptedImporter) -> (artifact id: '7d323cdd1e46138fc59c9c5f05f30771') in 0.0340569 seconds
Number of updated asset objects reloaded before import = 0Number of asset objects unloaded after import = 1

========================================================================
Received Import Request.
  Time since last request: 0.000034 seconds.
  path: Packages/com.unity.probuilder/Editor Default Resources/Icons/Toolbar/Edge_Subdivide_Light@2x.png
  artifactKey: Guid(0bee1e03eca9f20439f4d08904ecf460) Importer(2089858483,b0f066a214c2f5e87bad3c948f4d605d)
Start importing Packages/com.unity.probuilder/Editor Default Resources/Icons/Toolbar/Edge_Subdivide_Light@2x.png using Guid(0bee1e03eca9f20439f4d08904ecf460) Importer(2089858483,b0f066a214c2f5e87bad3c948f4d605d) (ScriptedImporter) -> (artifact id: '16bfc5432c69a3ee2f1a34a9baaa9dba') in 0.0319578 seconds
Number of updated asset objects reloaded before import = 0Number of asset objects unloaded after import = 1

========================================================================
Received Import Request.
  Time since last request: 0.000024 seconds.
  path: Packages/com.unity.probuilder/Runtime/MeshOperations/Bevel.cs
  artifactKey: Guid(158fff462a95744008bbad18ab5e029e) Importer(2089858483,b0f066a214c2f5e87bad3c948f4d605d)
Start importing Packages/com.unity.probuilder/Runtime/MeshOperations/Bevel.cs using Guid(158fff462a95744008bbad18ab5e029e) Importer(2089858483,b0f066a214c2f5e87bad3c948f4d605d) (ScriptedImporter) -> (artifact id: 'efcf5999dd3dd3ac1b1805b727d7ff52') in 0.0199527 seconds
Number of updated asset objects reloaded before import = 0Number of asset objects unloaded after import = 0

========================================================================
Received Import Request.
  Time since last request: 0.000028 seconds.
  path: Packages/com.unity.probuilder/Editor Default Resources/Icons/Toolbar/Face_Duplicate@2x.png
  artifactKey: Guid(2fd1e350c0108ca438e7b377e236531e) Importer(2089858483,b0f066a214c2f5e87bad3c948f4d605d)
Start importing Packages/com.unity.probuilder/Editor Default Resources/Icons/Toolbar/Face_Duplicate@2x.png using Guid(2fd1e350c0108ca438e7b377e236531e) Importer(2089858483,b0f066a214c2f5e87bad3c948f4d605d) (ScriptedImporter) -> (artifact id: '567ba6914d9f41e19e86445215f45a12') in 0.0340623 seconds
Number of updated asset objects reloaded before import = 0Number of asset objects unloaded after import = 1

========================================================================
Received Import Request.
  Time since last request: 0.000040 seconds.
  path: Packages/com.unity.probuilder/Editor/EditorCore/Model.cs
  artifactKey: Guid(afd663fb17a03f749915886536580b91) Importer(2089858483,b0f066a214c2f5e87bad3c948f4d605d)
Start importing Packages/com.unity.probuilder/Editor/EditorCore/Model.cs using Guid(afd663fb17a03f749915886536580b91) Importer(2089858483,b0f066a214c2f5e87bad3c948f4d605d) (ScriptedImporter) -> (artifact id: '77b049609234c8d07d0e0900bf7b2caf') in 0.0200129 seconds
Number of updated asset objects reloaded before import = 0Number of asset objects unloaded after import = 0

========================================================================
Received Import Request.
  Time since last request: 0.000019 seconds.
  path: Packages/com.unity.probuilder/Editor Default Resources/Icons/Toolbar/Face_Triangulate.png
  artifactKey: Guid(c81b119083ec94dd381aa40cfdd3384d) Importer(2089858483,b0f066a214c2f5e87bad3c948f4d605d)
Start importing Packages/com.unity.probuilder/Editor Default Resources/Icons/Toolbar/Face_Triangulate.png using Guid(c81b119083ec94dd381aa40cfdd3384d) Importer(2089858483,b0f066a214c2f5e87bad3c948f4d605d) (ScriptedImporter) -> (artifact id: '374b3581e661e5fa3a36d2e7ee352929') in 0.0342028 seconds
Number of updated asset objects reloaded before import = 0Number of asset objects unloaded after import = 1

========================================================================
Received Import Request.
  Time since last request: 0.000024 seconds.
  path: Packages/com.unity.probuilder/Editor Default Resources/Icons/Toolbar/RoundedBorder.png
  artifactKey: Guid(ac9e13c8802f74529be37e5cf1150360) Importer(2089858483,b0f066a214c2f5e87bad3c948f4d605d)
Start importing Packages/com.unity.probuilder/Editor Default Resources/Icons/Toolbar/RoundedBorder.png using Guid(ac9e13c8802f74529be37e5cf1150360) Importer(2089858483,b0f066a214c2f5e87bad3c948f4d605d) (ScriptedImporter) -> (artifact id: '04f8f81b2132e99016eb59acf9bf1e2c') in 0.0309149 seconds
Number of updated asset objects reloaded before import = 0Number of asset objects unloaded after import = 1

========================================================================
Received Import Request.
  Time since last request: 0.000028 seconds.
  path: Packages/com.unity.probuilder/Editor/EditorCore/SelectionUtility.cs
  artifactKey: Guid(72b3f039440c77d4694f2f4e12ab229a) Importer(2089858483,b0f066a214c2f5e87bad3c948f4d605d)
Start importing Packages/com.unity.probuilder/Editor/EditorCore/SelectionUtility.cs using Guid(72b3f039440c77d4694f2f4e12ab229a) Importer(2089858483,b0f066a214c2f5e87bad3c948f4d605d) (ScriptedImporter) -> (artifact id: '3bdc3f80f45ec6c90e4fcf0b18175dbe') in 0.0214135 seconds
Number of updated asset objects reloaded before import = 0Number of asset objects unloaded after import = 0

========================================================================
Received Import Request.
  Time since last request: 0.000048 seconds.
  path: Packages/com.unity.probuilder/Runtime/MeshOperations/ConnectElements.cs
  artifactKey: Guid(081df46fba1da4194b5f8c7fa73446e0) Importer(2089858483,b0f066a214c2f5e87bad3c948f4d605d)
Start importing Packages/com.unity.probuilder/Runtime/MeshOperations/ConnectElements.cs using Guid(081df46fba1da4194b5f8c7fa73446e0) Importer(2089858483,b0f066a214c2f5e87bad3c948f4d605d) (ScriptedImporter) -> (artifact id: 'e4de756c110e7bfc62322a3c4bdc71ed') in 0.0189061 seconds
Number of updated asset objects reloaded before import = 0Number of asset objects unloaded after import = 0

========================================================================
Received Import Request.
  Time since last request: 0.000027 seconds.
  path: Packages/com.unity.probuilder/Editor Default Resources/Icons/Tools/ShapeTool/on/Cube@2x.png
  artifactKey: Guid(c7e3a2b043c8a6b44bd8465e00e4baff) Importer(2089858483,b0f066a214c2f5e87bad3c948f4d605d)
Start importing Packages/com.unity.probuilder/Editor Default Resources/Icons/Tools/ShapeTool/on/Cube@2x.png using Guid(c7e3a2b043c8a6b44bd8465e00e4baff) Importer(2089858483,b0f066a214c2f5e87bad3c948f4d605d) (ScriptedImporter) -> (artifact id: '368eb0a3182d83927b32aee7018cc572') in 0.0289316 seconds
Number of updated asset objects reloaded before import = 0Number of asset objects unloaded after import = 1

========================================================================
Received Import Request.
  Time since last request: 0.000046 seconds.
  path: Packages/com.unity.probuilder/Editor/EditorCore/PlyExporter.cs
  artifactKey: Guid(9d65f00b82160e14fb2ab9bb2d2108ae) Importer(2089858483,b0f066a214c2f5e87bad3c948f4d605d)
Start importing Packages/com.unity.probuilder/Editor/EditorCore/PlyExporter.cs using Guid(9d65f00b82160e14fb2ab9bb2d2108ae) Importer(2089858483,b0f066a214c2f5e87bad3c948f4d605d) (ScriptedImporter) -> (artifact id: 'b73217886ae0d6c007f09855fe92f75b') in 0.0193225 seconds
Number of updated asset objects reloaded before import = 0Number of asset objects unloaded after import = 0

========================================================================
Received Import Request.
  Time since last request: 0.000044 seconds.
  path: Packages/com.unity.probuilder/Editor Default Resources/Icons/Toolbar/Selection_Loop_Face_Light.png
  artifactKey: Guid(ad2bfe533e604764a8375b5aeec2f1bb) Importer(2089858483,b0f066a214c2f5e87bad3c948f4d605d)
Start importing Packages/com.unity.probuilder/Editor Default Resources/Icons/Toolbar/Selection_Loop_Face_Light.png using Guid(ad2bfe533e604764a8375b5aeec2f1bb) Importer(2089858483,b0f066a214c2f5e87bad3c948f4d605d) (ScriptedImporter) -> (artifact id: 'dfb50b8a78c5fcae985b667069cc98a0') in 0.0364041 seconds
Number of updated asset objects reloaded before import = 0Number of asset objects unloaded after import = 1

========================================================================
Received Import Request.
  Time since last request: 0.000085 seconds.
  path: Packages/com.unity.probuilder/Editor/EditorCore/ProBuilderMenuActionAttribute.cs
  artifactKey: Guid(bed1bc9741072a14ebe8da808930d75b) Importer(2089858483,b0f066a214c2f5e87bad3c948f4d605d)
Start importing Packages/com.unity.probuilder/Editor/EditorCore/ProBuilderMenuActionAttribute.cs using Guid(bed1bc9741072a14ebe8da808930d75b) Importer(2089858483,b0f066a214c2f5e87bad3c948f4d605d) (ScriptedImporter) -> (artifact id: 'fd4c6c1d4cf2034dad21171cb31e9103') in 0.0184705 seconds
Number of updated asset objects reloaded before import = 0Number of asset objects unloaded after import = 0

========================================================================
Received Import Request.
  Time since last request: 0.000037 seconds.
  path: Packages/com.unity.probuilder/Runtime/Core/VectorHash.cs
  artifactKey: Guid(4e5c2292defe6460881281240c415f3d) Importer(2089858483,b0f066a214c2f5e87bad3c948f4d605d)
Start importing Packages/com.unity.probuilder/Runtime/Core/VectorHash.cs using Guid(4e5c2292defe6460881281240c415f3d) Importer(2089858483,b0f066a214c2f5e87bad3c948f4d605d) (ScriptedImporter) -> (artifact id: 'a80db774da3c4715dac5cca33ffa7ccc') in 0.0153652 seconds
Number of updated asset objects reloaded before import = 0Number of asset objects unloaded after import = 0

========================================================================
Received Import Request.
  Time since last request: 0.000047 seconds.
  path: Packages/com.unity.probuilder/Editor/EditorCore/ProbuilderMoveTool.cs
  artifactKey: Guid(a9809eb838f424cce87ddc1b066c4f1a) Importer(2089858483,b0f066a214c2f5e87bad3c948f4d605d)
Start importing Packages/com.unity.probuilder/Editor/EditorCore/ProbuilderMoveTool.cs using Guid(a9809eb838f424cce87ddc1b066c4f1a) Importer(2089858483,b0f066a214c2f5e87bad3c948f4d605d) (ScriptedImporter) -> (artifact id: '0b6f19ebde9f7c484cfa71a917a89c3a') in 0.0213248 seconds
Number of updated asset objects reloaded before import = 0Number of asset objects unloaded after import = 0

========================================================================
Received Import Request.
  Time since last request: 0.000033 seconds.
  path: Packages/com.unity.probuilder/Editor/EditorCore/EditorHandleDrawing.cs
  artifactKey: Guid(5abceb5fc06c0954682d5b5addb0c3d4) Importer(2089858483,b0f066a214c2f5e87bad3c948f4d605d)
Start importing Packages/com.unity.probuilder/Editor/EditorCore/EditorHandleDrawing.cs using Guid(5abceb5fc06c0954682d5b5addb0c3d4) Importer(2089858483,b0f066a214c2f5e87bad3c948f4d605d) (ScriptedImporter) -> (artifact id: '9d19a275db3cf865814bb9d84f04d8a5') in 0.0195903 seconds
Number of updated asset objects reloaded before import = 0Number of asset objects unloaded after import = 0

========================================================================
Received Import Request.
  Time since last request: 0.000041 seconds.
  path: Packages/com.unity.probuilder/Runtime/Core/UvAutoManualConversion.cs
  artifactKey: Guid(2abd1512cbef74d89a4b0793e3ec970b) Importer(2089858483,b0f066a214c2f5e87bad3c948f4d605d)
Start importing Packages/com.unity.probuilder/Runtime/Core/UvAutoManualConversion.cs using Guid(2abd1512cbef74d89a4b0793e3ec970b) Importer(2089858483,b0f066a214c2f5e87bad3c948f4d605d) (ScriptedImporter) -> (artifact id: '283bc27d0c577677792f96ac5ebbd8ee') in 0.0162597 seconds
Number of updated asset objects reloaded before import = 0Number of asset objects unloaded after import = 0

========================================================================
Received Import Request.
  Time since last request: 0.000028 seconds.
  path: Packages/com.unity.probuilder/Runtime/Core/Edge.cs
  artifactKey: Guid(563a1db348c114475a2d8289cc3e5a84) Importer(2089858483,b0f066a214c2f5e87bad3c948f4d605d)
Start importing Packages/com.unity.probuilder/Runtime/Core/Edge.cs using Guid(563a1db348c114475a2d8289cc3e5a84) Importer(2089858483,b0f066a214c2f5e87bad3c948f4d605d) (ScriptedImporter) -> (artifact id: 'bc72579fb3d12da258336ad6423800e8') in 0.0175429 seconds
Number of updated asset objects reloaded before import = 0Number of asset objects unloaded after import = 0

========================================================================
Received Import Request.
  Time since last request: 0.000021 seconds.
  path: Packages/com.unity.probuilder/Runtime/Shapes/Plane.cs
  artifactKey: Guid(c15f177c3bca7664dba95c24a470e354) Importer(2089858483,b0f066a214c2f5e87bad3c948f4d605d)
Start importing Packages/com.unity.probuilder/Runtime/Shapes/Plane.cs using Guid(c15f177c3bca7664dba95c24a470e354) Importer(2089858483,b0f066a214c2f5e87bad3c948f4d605d) (ScriptedImporter) -> (artifact id: '530a345bbfc613d33301b28afa509d30') in 0.0185038 seconds
Number of updated asset objects reloaded before import = 0Number of asset objects unloaded after import = 0

========================================================================
Received Import Request.
  Time since last request: 0.000030 seconds.
  path: Packages/com.unity.probuilder/Editor Default Resources/Icons/Toolbar/Selection_ShiftAdd_Light@2x.png
  artifactKey: Guid(94f59db592833b944a84af2871b48411) Importer(2089858483,b0f066a214c2f5e87bad3c948f4d605d)
Start importing Packages/com.unity.probuilder/Editor Default Resources/Icons/Toolbar/Selection_ShiftAdd_Light@2x.png using Guid(94f59db592833b944a84af2871b48411) Importer(2089858483,b0f066a214c2f5e87bad3c948f4d605d) (ScriptedImporter) -> (artifact id: '4781897fa1f5c42edcc3f72c2fb243da') in 0.0344166 seconds
Number of updated asset objects reloaded before import = 0Number of asset objects unloaded after import = 1

========================================================================
Received Import Request.
  Time since last request: 0.000089 seconds.
  path: Packages/com.unity.probuilder/Content/Resources/com.unity.probuilder/Materials/FacePickerURP.mat
  artifactKey: Guid(0143c5b21b48c1643bc5417c60bbf848) Importer(2089858483,b0f066a214c2f5e87bad3c948f4d605d)
Start importing Packages/com.unity.probuilder/Content/Resources/com.unity.probuilder/Materials/FacePickerURP.mat using Guid(0143c5b21b48c1643bc5417c60bbf848) Importer(2089858483,b0f066a214c2f5e87bad3c948f4d605d) (ScriptedImporter) -> (artifact id: 'f67e8cd432187986508a1907603e48e1') in 0.0311558 seconds
Number of updated asset objects reloaded before import = 0Number of asset objects unloaded after import = 3

========================================================================
Received Import Request.
  Time since last request: 0.000035 seconds.
  path: Packages/com.unity.probuilder/External/KdTree/KdTreeLib/KdTreeNode.cs
  artifactKey: Guid(908a5a36f516c3048abadede5920d5d7) Importer(2089858483,b0f066a214c2f5e87bad3c948f4d605d)
Start importing Packages/com.unity.probuilder/External/KdTree/KdTreeLib/KdTreeNode.cs using Guid(908a5a36f516c3048abadede5920d5d7) Importer(2089858483,b0f066a214c2f5e87bad3c948f4d605d) (ScriptedImporter) -> (artifact id: 'b62a12b9c65790d49bfe1625c7e40fc3') in 0.0148268 seconds
Number of updated asset objects reloaded before import = 0Number of asset objects unloaded after import = 0

========================================================================
Received Import Request.
  Time since last request: 0.000037 seconds.
  path: Packages/com.unity.probuilder/Editor/MenuActions/Geometry/FlipFaceEdge.cs
  artifactKey: Guid(4e7e1880876747d1823604bc506e3772) Importer(2089858483,b0f066a214c2f5e87bad3c948f4d605d)
Start importing Packages/com.unity.probuilder/Editor/MenuActions/Geometry/FlipFaceEdge.cs using Guid(4e7e1880876747d1823604bc506e3772) Importer(2089858483,b0f066a214c2f5e87bad3c948f4d605d) (ScriptedImporter) -> (artifact id: '5939358aadaa9fd0dd44c41a836e29d0') in 0.0170331 seconds
Number of updated asset objects reloaded before import = 0Number of asset objects unloaded after import = 0

========================================================================
Received Import Request.
  Time since last request: 0.000037 seconds.
  path: Packages/com.unity.probuilder/Editor Default Resources/Icons/Tools/ShapeTool/on/Cube.png
  artifactKey: Guid(bbee0221ac5d21044bc532e5b70f3596) Importer(2089858483,b0f066a214c2f5e87bad3c948f4d605d)
Start importing Packages/com.unity.probuilder/Editor Default Resources/Icons/Tools/ShapeTool/on/Cube.png using Guid(bbee0221ac5d21044bc532e5b70f3596) Importer(2089858483,b0f066a214c2f5e87bad3c948f4d605d) (ScriptedImporter) -> (artifact id: '5cd711e09660bfe49cc2952e6db8d53a') in 0.0368462 seconds
Number of updated asset objects reloaded before import = 0Number of asset objects unloaded after import = 1

========================================================================
Received Import Request.
  Time since last request: 0.000051 seconds.
  path: Packages/com.unity.probuilder/Editor Default Resources/Icons/Toolbar/Background
  artifactKey: Guid(cbdba146addc1410f8579e4d7691a480) Importer(2089858483,b0f066a214c2f5e87bad3c948f4d605d)
Start importing Packages/com.unity.probuilder/Editor Default Resources/Icons/Toolbar/Background using Guid(cbdba146addc1410f8579e4d7691a480) Importer(2089858483,b0f066a214c2f5e87bad3c948f4d605d) (ScriptedImporter) -> (artifact id: 'c61179fc585f2b4a992877176ce60bd3') in 0.0192023 seconds
Number of updated asset objects reloaded before import = 0Number of asset objects unloaded after import = 1

========================================================================
Received Import Request.
  Time since last request: 0.000047 seconds.
  path: Packages/com.unity.probuilder/Editor Default Resources/Icons/Toolbar/AddShape.png
  artifactKey: Guid(ad7f37372fed2c1409fbedb3663f58aa) Importer(2089858483,b0f066a214c2f5e87bad3c948f4d605d)
Start importing Packages/com.unity.probuilder/Editor Default Resources/Icons/Toolbar/AddShape.png using Guid(ad7f37372fed2c1409fbedb3663f58aa) Importer(2089858483,b0f066a214c2f5e87bad3c948f4d605d) (ScriptedImporter) -> (artifact id: 'b43147df77eaca551e18aa4e15d36a13') in 0.0308979 seconds
Number of updated asset objects reloaded before import = 0Number of asset objects unloaded after import = 1

========================================================================
Received Import Request.
  Time since last request: 0.000020 seconds.
  path: Packages/com.unity.probuilder/Editor Default Resources/Icons/Modes/d_ToolHandleLocal@2x.png
  artifactKey: Guid(f15fac90fed72b7478e38d1c7eb538ea) Importer(2089858483,b0f066a214c2f5e87bad3c948f4d605d)
Start importing Packages/com.unity.probuilder/Editor Default Resources/Icons/Modes/d_ToolHandleLocal@2x.png using Guid(f15fac90fed72b7478e38d1c7eb538ea) Importer(2089858483,b0f066a214c2f5e87bad3c948f4d605d) (ScriptedImporter) -> (artifact id: '7520ae4489b063d25cd4de3bddff48f9') in 0.0330958 seconds
Number of updated asset objects reloaded before import = 0Number of asset objects unloaded after import = 1

========================================================================
Received Import Request.
  Time since last request: 0.000028 seconds.
  path: Packages/com.unity.probuilder/Runtime/MeshOperations/MeshImporter.cs
  artifactKey: Guid(5963564d485624ab6ad4547f9451dbe6) Importer(2089858483,b0f066a214c2f5e87bad3c948f4d605d)
Start importing Packages/com.unity.probuilder/Runtime/MeshOperations/MeshImporter.cs using Guid(5963564d485624ab6ad4547f9451dbe6) Importer(2089858483,b0f066a214c2f5e87bad3c948f4d605d) (ScriptedImporter) -> (artifact id: '4651980abf2bd9c453e46ad0ac1f4b66') in 0.0170196 seconds
Number of updated asset objects reloaded before import = 0Number of asset objects unloaded after import = 0

========================================================================
Received Import Request.
  Time since last request: 0.000048 seconds.
  path: Packages/com.unity.settings-manager/Tests/Editor/SettingsTestBase.cs
  artifactKey: Guid(f7e6fc076c9242b19d42a4b2cc9d0507) Importer(2089858483,b0f066a214c2f5e87bad3c948f4d605d)
Start importing Packages/com.unity.settings-manager/Tests/Editor/SettingsTestBase.cs using Guid(f7e6fc076c9242b19d42a4b2cc9d0507) Importer(2089858483,b0f066a214c2f5e87bad3c948f4d605d) (ScriptedImporter) -> (artifact id: 'c46bc031b569bf551a5dc81897092988') in 0.0166896 seconds
Number of updated asset objects reloaded before import = 0Number of asset objects unloaded after import = 0

========================================================================
Received Import Request.
  Time since last request: 0.000048 seconds.
  path: Packages/com.unity.probuilder/Editor Default Resources/Icons/Toolbar/Selection_Ring_Face_Light@2x.png
  artifactKey: Guid(2f09021f11a62f44bac30c5842effe30) Importer(2089858483,b0f066a214c2f5e87bad3c948f4d605d)
Start importing Packages/com.unity.probuilder/Editor Default Resources/Icons/Toolbar/Selection_Ring_Face_Light@2x.png using Guid(2f09021f11a62f44bac30c5842effe30) Importer(2089858483,b0f066a214c2f5e87bad3c948f4d605d) (ScriptedImporter) -> (artifact id: 'fdf9a2130725d7910be53e0dc173ff00') in 0.0365691 seconds
Number of updated asset objects reloaded before import = 0Number of asset objects unloaded after import = 1

========================================================================
Received Import Request.
  Time since last request: 0.000046 seconds.
  path: Packages/com.unity.probuilder/External/Poly2Tri/Triangulation/Util/PolygonGenerator.cs
  artifactKey: Guid(9652f5ea32e3966499300efa0597ba92) Importer(2089858483,b0f066a214c2f5e87bad3c948f4d605d)
Start importing Packages/com.unity.probuilder/External/Poly2Tri/Triangulation/Util/PolygonGenerator.cs using Guid(9652f5ea32e3966499300efa0597ba92) Importer(2089858483,b0f066a214c2f5e87bad3c948f4d605d) (ScriptedImporter) -> (artifact id: '0201cf862e2dfb9991ad5377bc9eeb09') in 0.0148345 seconds
Number of updated asset objects reloaded before import = 0Number of asset objects unloaded after import = 0

========================================================================
Received Import Request.
  Time since last request: 0.000026 seconds.
  path: Packages/com.unity.probuilder/External/StlExporter/Code/pb_Stl_Exporter.cs
  artifactKey: Guid(9cfc7aced6c45c0499ba73f07e633bac) Importer(2089858483,b0f066a214c2f5e87bad3c948f4d605d)
Start importing Packages/com.unity.probuilder/External/StlExporter/Code/pb_Stl_Exporter.cs using Guid(9cfc7aced6c45c0499ba73f07e633bac) Importer(2089858483,b0f066a214c2f5e87bad3c948f4d605d) (ScriptedImporter) -> (artifact id: '9e94a040a699a0b5d56f53c13cfe22ad') in 0.0207879 seconds
Number of updated asset objects reloaded before import = 0Number of asset objects unloaded after import = 0

========================================================================
Received Import Request.
  Time since last request: 0.000034 seconds.
  path: Packages/com.unity.probuilder/Runtime/Core/PreferenceKeys.cs
  artifactKey: Guid(914c2d056412b4f1ca64740fc2cb1c66) Importer(2089858483,b0f066a214c2f5e87bad3c948f4d605d)
Start importing Packages/com.unity.probuilder/Runtime/Core/PreferenceKeys.cs using Guid(914c2d056412b4f1ca64740fc2cb1c66) Importer(2089858483,b0f066a214c2f5e87bad3c948f4d605d) (ScriptedImporter) -> (artifact id: 'c35879c85a5068bafae9ad00c263fc08') in 0.0188018 seconds
Number of updated asset objects reloaded before import = 0Number of asset objects unloaded after import = 0

========================================================================
Received Import Request.
  Time since last request: 0.000021 seconds.
  path: Packages/com.unity.probuilder/Editor Default Resources/Icons/Modes/d_Mode_Face.png
  artifactKey: Guid(00ac05966499340f98f0133550793d13) Importer(2089858483,b0f066a214c2f5e87bad3c948f4d605d)
Start importing Packages/com.unity.probuilder/Editor Default Resources/Icons/Modes/d_Mode_Face.png using Guid(00ac05966499340f98f0133550793d13) Importer(2089858483,b0f066a214c2f5e87bad3c948f4d605d) (ScriptedImporter) -> (artifact id: '2e38b016d846b4fc32a6b7ac31f16547') in 0.0283961 seconds
Number of updated asset objects reloaded before import = 0Number of asset objects unloaded after import = 1

========================================================================
Received Import Request.
  Time since last request: 0.000038 seconds.
  path: Packages/com.unity.probuilder/Runtime/Core/Vertex.cs
  artifactKey: Guid(0c5b58425874c468e91bd42508d26f0b) Importer(2089858483,b0f066a214c2f5e87bad3c948f4d605d)
Start importing Packages/com.unity.probuilder/Runtime/Core/Vertex.cs using Guid(0c5b58425874c468e91bd42508d26f0b) Importer(2089858483,b0f066a214c2f5e87bad3c948f4d605d) (ScriptedImporter) -> (artifact id: '7fcbcb39ca5f0b72ec982454b7fab7bf') in 0.0218795 seconds
Number of updated asset objects reloaded before import = 0Number of asset objects unloaded after import = 0

========================================================================
Received Import Request.
  Time since last request: 0.000036 seconds.
  path: Packages/com.unity.probuilder/Editor Default Resources/Icons/Tools/ShapeTool/on/Arch.png
  artifactKey: Guid(59174e0e17d65334da602fa20193c69e) Importer(2089858483,b0f066a214c2f5e87bad3c948f4d605d)
Start importing Packages/com.unity.probuilder/Editor Default Resources/Icons/Tools/ShapeTool/on/Arch.png using Guid(59174e0e17d65334da602fa20193c69e) Importer(2089858483,b0f066a214c2f5e87bad3c948f4d605d) (ScriptedImporter) -> (artifact id: 'ccb1c844cd312bcd1ffbffa37263c034') in 0.0299287 seconds
Number of updated asset objects reloaded before import = 0Number of asset objects unloaded after import = 1

========================================================================
Received Import Request.
  Time since last request: 0.000043 seconds.
  path: Packages/com.unity.probuilder/Editor Default Resources/Icons/Toolbar/Edge_Bridge@2x.png
  artifactKey: Guid(72cf6fe763bd27e409c72eca6a4b68a5) Importer(2089858483,b0f066a214c2f5e87bad3c948f4d605d)
Start importing Packages/com.unity.probuilder/Editor Default Resources/Icons/Toolbar/Edge_Bridge@2x.png using Guid(72cf6fe763bd27e409c72eca6a4b68a5) Importer(2089858483,b0f066a214c2f5e87bad3c948f4d605d) (ScriptedImporter) -> (artifact id: 'b648a71b8ce77f9226440047902b572c') in 0.0296595 seconds
Number of updated asset objects reloaded before import = 0Number of asset objects unloaded after import = 1

========================================================================
Received Import Request.
  Time since last request: 0.000037 seconds.
  path: Packages/com.unity.probuilder/Editor/EditorCore/HierarchyListener.cs
  artifactKey: Guid(c4897f4be94b09d4a90eb6a4d9b85c55) Importer(2089858483,b0f066a214c2f5e87bad3c948f4d605d)
Start importing Packages/com.unity.probuilder/Editor/EditorCore/HierarchyListener.cs using Guid(c4897f4be94b09d4a90eb6a4d9b85c55) Importer(2089858483,b0f066a214c2f5e87bad3c948f4d605d) (ScriptedImporter) -> (artifact id: 'fbd519eb9c6cbfef2a461863560e7353') in 0.0126614 seconds
Number of updated asset objects reloaded before import = 0Number of asset objects unloaded after import = 0

========================================================================
Received Import Request.
  Time since last request: 0.000017 seconds.
  path: Packages/com.unity.probuilder/CHANGELOG.md
  artifactKey: Guid(42772189aba88e14083aeac0eaa2c814) Importer(2089858483,b0f066a214c2f5e87bad3c948f4d605d)
Start importing Packages/com.unity.probuilder/CHANGELOG.md using Guid(42772189aba88e14083aeac0eaa2c814) Importer(2089858483,b0f066a214c2f5e87bad3c948f4d605d) (ScriptedImporter) -> (artifact id: '04dae28fb02f55214b983a8818ff027d') in 0.0211297 seconds
Number of updated asset objects reloaded before import = 0Number of asset objects unloaded after import = 1

========================================================================
Received Import Request.
  Time since last request: 0.000069 seconds.
  path: Packages/com.unity.probuilder/Editor Default Resources/Icons/Toolbar/Object_Merge_Light@2x.png
  artifactKey: Guid(a05eee9117a4ff3418d6061a98fb22d8) Importer(2089858483,b0f066a214c2f5e87bad3c948f4d605d)
Start importing Packages/com.unity.probuilder/Editor Default Resources/Icons/Toolbar/Object_Merge_Light@2x.png using Guid(a05eee9117a4ff3418d6061a98fb22d8) Importer(2089858483,b0f066a214c2f5e87bad3c948f4d605d) (ScriptedImporter) -> (artifact id: '338be27e30e2f3d8fd04f2ee67e16c7c') in 0.035517 seconds
Number of updated asset objects reloaded before import = 0Number of asset objects unloaded after import = 1

========================================================================
Received Import Request.
  Time since last request: 0.000065 seconds.
  path: Packages/com.unity.probuilder/Editor/EditorCore/VertexPositionEditor.cs
  artifactKey: Guid(f6274bb00b150de45a17cdf581bc41f5) Importer(2089858483,b0f066a214c2f5e87bad3c948f4d605d)
Start importing Packages/com.unity.probuilder/Editor/EditorCore/VertexPositionEditor.cs using Guid(f6274bb00b150de45a17cdf581bc41f5) Importer(2089858483,b0f066a214c2f5e87bad3c948f4d605d) (ScriptedImporter) -> (artifact id: 'fc7098d17d57d87ce65edcbf321a5218') in 0.0155253 seconds
Number of updated asset objects reloaded before import = 0Number of asset objects unloaded after import = 0

========================================================================
Received Import Request.
  Time since last request: 0.000023 seconds.
  path: Packages/com.unity.probuilder/Editor/EditorCore/ScriptingSymbolManager.cs
  artifactKey: Guid(e8f0035a190335d408067f4bda8fbb49) Importer(2089858483,b0f066a214c2f5e87bad3c948f4d605d)
Start importing Packages/com.unity.probuilder/Editor/EditorCore/ScriptingSymbolManager.cs using Guid(e8f0035a190335d408067f4bda8fbb49) Importer(2089858483,b0f066a214c2f5e87bad3c948f4d605d) (ScriptedImporter) -> (artifact id: '00b8abee6e5f6e9683d956b1d84f985d') in 0.0151474 seconds
Number of updated asset objects reloaded before import = 0Number of asset objects unloaded after import = 0

========================================================================
Received Import Request.
  Time since last request: 0.000031 seconds.
  path: Packages/com.unity.probuilder/Editor Default Resources/Icons/Toolbar/Object_GenerateUV2.png
  artifactKey: Guid(b389d16e3ce0e48289e8533dbc39bba8) Importer(2089858483,b0f066a214c2f5e87bad3c948f4d605d)
Start importing Packages/com.unity.probuilder/Editor Default Resources/Icons/Toolbar/Object_GenerateUV2.png using Guid(b389d16e3ce0e48289e8533dbc39bba8) Importer(2089858483,b0f066a214c2f5e87bad3c948f4d605d) (ScriptedImporter) -> (artifact id: '8b2a0c20c906fa220595302c45969e49') in 0.0338653 seconds
Number of updated asset objects reloaded before import = 0Number of asset objects unloaded after import = 1

========================================================================
Received Import Request.
  Time since last request: 0.000030 seconds.
  path: Packages/com.unity.probuilder/Editor Default Resources/Icons/Toolbar/ShowNextPage_Up.png
  artifactKey: Guid(9dd7b11c855634f44b23af830c6bbab1) Importer(2089858483,b0f066a214c2f5e87bad3c948f4d605d)
Start importing Packages/com.unity.probuilder/Editor Default Resources/Icons/Toolbar/ShowNextPage_Up.png using Guid(9dd7b11c855634f44b23af830c6bbab1) Importer(2089858483,b0f066a214c2f5e87bad3c948f4d605d) (ScriptedImporter) -> (artifact id: '406e018d2dd9c9568109881e87c7fc4c') in 0.0362021 seconds
Number of updated asset objects reloaded before import = 0Number of asset objects unloaded after import = 1

========================================================================
Received Import Request.
  Time since last request: 0.000035 seconds.
  path: Packages/com.unity.probuilder/Editor Default Resources/Icons/Toolbar/Mode_Vert.png
  artifactKey: Guid(550d1cbeeb52b4f8694139628f2604ef) Importer(2089858483,b0f066a214c2f5e87bad3c948f4d605d)
Start importing Packages/com.unity.probuilder/Editor Default Resources/Icons/Toolbar/Mode_Vert.png using Guid(550d1cbeeb52b4f8694139628f2604ef) Importer(2089858483,b0f066a214c2f5e87bad3c948f4d605d) (ScriptedImporter) -> (artifact id: '178ba173524ea4da734f76863f99fb17') in 0.0377082 seconds
Number of updated asset objects reloaded before import = 0Number of asset objects unloaded after import = 1

========================================================================
Received Import Request.
  Time since last request: 0.000023 seconds.
  path: Packages/com.unity.probuilder/Content/Resources/Materials/ProBuilderDefault.mat
  artifactKey: Guid(c22777d6e868e4f2fb421913386b154e) Importer(2089858483,b0f066a214c2f5e87bad3c948f4d605d)
Start importing Packages/com.unity.probuilder/Content/Resources/Materials/ProBuilderDefault.mat using Guid(c22777d6e868e4f2fb421913386b154e) Importer(2089858483,b0f066a214c2f5e87bad3c948f4d605d) (ScriptedImporter) -> (artifact id: '856330b53c4fde8d897cee7c5ddf6af8') in 0.0239153 seconds
Number of updated asset objects reloaded before import = 0Number of asset objects unloaded after import = 8

========================================================================
Received Import Request.
  Time since last request: 0.000033 seconds.
  path: Packages/com.unity.probuilder/Runtime/Core/SerializationUtility.cs
  artifactKey: Guid(c23e2e2798e8047eabd581579b050162) Importer(2089858483,b0f066a214c2f5e87bad3c948f4d605d)
Start importing Packages/com.unity.probuilder/Runtime/Core/SerializationUtility.cs using Guid(c23e2e2798e8047eabd581579b050162) Importer(2089858483,b0f066a214c2f5e87bad3c948f4d605d) (ScriptedImporter) -> (artifact id: 'e65ef7af8c01ee37f863c980860b3cbe') in 0.0142602 seconds
Number of updated asset objects reloaded before import = 0Number of asset objects unloaded after import = 0

========================================================================
Received Import Request.
  Time since last request: 0.000028 seconds.
  path: Packages/com.unity.probuilder/Content/Shader/HideVertices.shader
  artifactKey: Guid(cfa7edf01005f4e338d973cea2f6eab3) Importer(2089858483,b0f066a214c2f5e87bad3c948f4d605d)
Start importing Packages/com.unity.probuilder/Content/Shader/HideVertices.shader using Guid(cfa7edf01005f4e338d973cea2f6eab3) Importer(2089858483,b0f066a214c2f5e87bad3c948f4d605d) (ScriptedImporter) -> (artifact id: 'a71390108efcfd8a523ed7fa41da4d99') in 0.0137677 seconds
Number of updated asset objects reloaded before import = 0Number of asset objects unloaded after import = 1

========================================================================
Received Import Request.
  Time since last request: 0.000077 seconds.
  path: Packages/com.unity.probuilder/Content/Shader
  artifactKey: Guid(5df5a982723854050988cf6a154ce9af) Importer(2089858483,b0f066a214c2f5e87bad3c948f4d605d)
Start importing Packages/com.unity.probuilder/Content/Shader using Guid(5df5a982723854050988cf6a154ce9af) Importer(2089858483,b0f066a214c2f5e87bad3c948f4d605d) (ScriptedImporter) -> (artifact id: 'eb54c87223098b6e9fca5231fb185c9f') in 0.0137233 seconds
Number of updated asset objects reloaded before import = 0Number of asset objects unloaded after import = 1

========================================================================
Received Import Request.
  Time since last request: 0.000025 seconds.
  path: Packages/com.unity.probuilder/Content/Shader/NormalPreview.shader
  artifactKey: Guid(a07688e921e974338945464731e069ce) Importer(2089858483,b0f066a214c2f5e87bad3c948f4d605d)
Start importing Packages/com.unity.probuilder/Content/Shader/NormalPreview.shader using Guid(a07688e921e974338945464731e069ce) Importer(2089858483,b0f066a214c2f5e87bad3c948f4d605d) (ScriptedImporter) -> (artifact id: '27f2673e33fc033466c47a92a2edd60b') in 0.0155174 seconds
Number of updated asset objects reloaded before import = 0Number of asset objects unloaded after import = 1

========================================================================
Received Import Request.
  Time since last request: 0.000024 seconds.
  path: Packages/com.unity.probuilder/Editor/EditorCore/ObjExporter.cs
  artifactKey: Guid(99e7c5113a4eb574398293fbd74a61a6) Importer(2089858483,b0f066a214c2f5e87bad3c948f4d605d)
Start importing Packages/com.unity.probuilder/Editor/EditorCore/ObjExporter.cs using Guid(99e7c5113a4eb574398293fbd74a61a6) Importer(2089858483,b0f066a214c2f5e87bad3c948f4d605d) (ScriptedImporter) -> (artifact id: '4f0e1ae8e49b24d7928dac37752584f6') in 0.0161572 seconds
Number of updated asset objects reloaded before import = 0Number of asset objects unloaded after import = 0

========================================================================
Received Import Request.
  Time since last request: 0.000062 seconds.
  path: Packages/com.unity.probuilder/Editor/EditorCore/EditorGUILayout.cs
  artifactKey: Guid(4891ddee861208843a4495ed6e404a57) Importer(2089858483,b0f066a214c2f5e87bad3c948f4d605d)
Start importing Packages/com.unity.probuilder/Editor/EditorCore/EditorGUILayout.cs using Guid(4891ddee861208843a4495ed6e404a57) Importer(2089858483,b0f066a214c2f5e87bad3c948f4d605d) (ScriptedImporter) -> (artifact id: '0d9f95f042cf184320b06c33711bd565') in 0.0170456 seconds
Number of updated asset objects reloaded before import = 0Number of asset objects unloaded after import = 0

========================================================================
Received Import Request.
  Time since last request: 0.000054 seconds.
  path: Packages/com.unity.probuilder/Editor Default Resources/Icons/Toolbar/Background/RoundedRect_Hover_Orange.png
  artifactKey: Guid(9e22d5e03bda1442b999e173b4ae1b53) Importer(2089858483,b0f066a214c2f5e87bad3c948f4d605d)
Start importing Packages/com.unity.probuilder/Editor Default Resources/Icons/Toolbar/Background/RoundedRect_Hover_Orange.png using Guid(9e22d5e03bda1442b999e173b4ae1b53) Importer(2089858483,b0f066a214c2f5e87bad3c948f4d605d) (ScriptedImporter) -> (artifact id: 'c5cb608bf7f3fab459a6bb6b5e70120e') in 0.0338902 seconds
Number of updated asset objects reloaded before import = 0Number of asset objects unloaded after import = 1

========================================================================
Received Import Request.
  Time since last request: 0.000049 seconds.
  path: Packages/com.unity.probuilder/External/Poly2Tri/Utility/FixedBitArray3.cs
  artifactKey: Guid(e74c868e28c92e84abb0ae91f8496d26) Importer(2089858483,b0f066a214c2f5e87bad3c948f4d605d)
Start importing Packages/com.unity.probuilder/External/Poly2Tri/Utility/FixedBitArray3.cs using Guid(e74c868e28c92e84abb0ae91f8496d26) Importer(2089858483,b0f066a214c2f5e87bad3c948f4d605d) (ScriptedImporter) -> (artifact id: '5d06c5b91b7c94f0c473b2313698f336') in 0.0155959 seconds
Number of updated asset objects reloaded before import = 0Number of asset objects unloaded after import = 0

========================================================================
Received Import Request.
  Time since last request: 0.000031 seconds.
  path: Packages/com.unity.probuilder/Editor Default Resources/Icons/Tools/ShapeTool/on/Plane.png
  artifactKey: Guid(7dc4e94724f8b614aae18a2cd169afe3) Importer(2089858483,b0f066a214c2f5e87bad3c948f4d605d)
Start importing Packages/com.unity.probuilder/Editor Default Resources/Icons/Tools/ShapeTool/on/Plane.png using Guid(7dc4e94724f8b614aae18a2cd169afe3) Importer(2089858483,b0f066a214c2f5e87bad3c948f4d605d) (ScriptedImporter) -> (artifact id: '6cf92f060e115f5acae15a9af7fcaee2') in 0.0283974 seconds
Number of updated asset objects reloaded before import = 0Number of asset objects unloaded after import = 1

========================================================================
Received Import Request.
  Time since last request: 0.000040 seconds.
  path: Packages/com.unity.probuilder/Editor Default Resources/Icons/Tools/ShapeTool/on/Plane@2x.png
  artifactKey: Guid(d0547ede8cffa4d46bc206b106e18bd7) Importer(2089858483,b0f066a214c2f5e87bad3c948f4d605d)
Start importing Packages/com.unity.probuilder/Editor Default Resources/Icons/Tools/ShapeTool/on/Plane@2x.png using Guid(d0547ede8cffa4d46bc206b106e18bd7) Importer(2089858483,b0f066a214c2f5e87bad3c948f4d605d) (ScriptedImporter) -> (artifact id: 'f164dfdecdf027ba4773545be9c81287') in 0.0369963 seconds
Number of updated asset objects reloaded before import = 0Number of asset objects unloaded after import = 1

========================================================================
Received Import Request.
  Time since last request: 0.000072 seconds.
  path: Packages/com.unity.probuilder/External/CSG/AssemblyInfo.cs
  artifactKey: Guid(90c015bd1316c423b9aad70704f602ff) Importer(2089858483,b0f066a214c2f5e87bad3c948f4d605d)
Start importing Packages/com.unity.probuilder/External/CSG/AssemblyInfo.cs using Guid(90c015bd1316c423b9aad70704f602ff) Importer(2089858483,b0f066a214c2f5e87bad3c948f4d605d) (ScriptedImporter) -> (artifact id: 'be9cdfee998d06e12310f5847636c432') in 0.0154065 seconds
Number of updated asset objects reloaded before import = 0Number of asset objects unloaded after import = 0

========================================================================
Received Import Request.
  Time since last request: 0.000053 seconds.
  path: Packages/com.unity.settings-manager/Tests/Editor/Unity.Settings.Editor.Tests.asmdef
  artifactKey: Guid(b8c9b6a82a342504c8e4a2747471d23c) Importer(2089858483,b0f066a214c2f5e87bad3c948f4d605d)
Start importing Packages/com.unity.settings-manager/Tests/Editor/Unity.Settings.Editor.Tests.asmdef using Guid(b8c9b6a82a342504c8e4a2747471d23c) Importer(2089858483,b0f066a214c2f5e87bad3c948f4d605d) (ScriptedImporter) -> (artifact id: '95c01da9e7152b5d9baf7fa515064aca') in 0.0227715 seconds
Number of updated asset objects reloaded before import = 0Number of asset objects unloaded after import = 1

========================================================================
Received Import Request.
  Time since last request: 0.000044 seconds.
  path: Packages/com.unity.settings-manager/Editor/UserSetting.cs
  artifactKey: Guid(c3ec6d10638d94feaa03c223b6fee2cc) Importer(2089858483,b0f066a214c2f5e87bad3c948f4d605d)
Start importing Packages/com.unity.settings-manager/Editor/UserSetting.cs using Guid(c3ec6d10638d94feaa03c223b6fee2cc) Importer(2089858483,b0f066a214c2f5e87bad3c948f4d605d) (ScriptedImporter) -> (artifact id: 'fb347b34de0c2dc47fa60e0e02fa6a1b') in 0.013645 seconds
Number of updated asset objects reloaded before import = 0Number of asset objects unloaded after import = 0

========================================================================
Received Import Request.
  Time since last request: 0.000045 seconds.
  path: Packages/com.unity.probuilder/Editor Default Resources/Icons/Tools/ShapeTool/Pipe.png
  artifactKey: Guid(bd975dfa2b88b1542886956b717dc737) Importer(2089858483,b0f066a214c2f5e87bad3c948f4d605d)
Start importing Packages/com.unity.probuilder/Editor Default Resources/Icons/Tools/ShapeTool/Pipe.png using Guid(bd975dfa2b88b1542886956b717dc737) Importer(2089858483,b0f066a214c2f5e87bad3c948f4d605d) (ScriptedImporter) -> (artifact id: '9d13554cba4b9c308dbbbd28994c4c16') in 0.0287291 seconds
Number of updated asset objects reloaded before import = 0Number of asset objects unloaded after import = 1

========================================================================
Received Import Request.
  Time since last request: 0.000074 seconds.
  path: Packages/com.unity.probuilder/Runtime/MeshOperations/MergeElements.cs
  artifactKey: Guid(d9e3db3de6fd8480bb4e763ca2dcbe03) Importer(2089858483,b0f066a214c2f5e87bad3c948f4d605d)
Start importing Packages/com.unity.probuilder/Runtime/MeshOperations/MergeElements.cs using Guid(d9e3db3de6fd8480bb4e763ca2dcbe03) Importer(2089858483,b0f066a214c2f5e87bad3c948f4d605d) (ScriptedImporter) -> (artifact id: '12ee3f7cae23ffb610bb5dca3e5e7a8e') in 0.0133064 seconds
Number of updated asset objects reloaded before import = 0Number of asset objects unloaded after import = 0

========================================================================
Received Import Request.
  Time since last request: 0.000048 seconds.
  path: Packages/com.unity.probuilder/Content/Shader/ReferenceUnlit.shader
  artifactKey: Guid(209f4c3496c1b46a3a2f9f0f27be788f) Importer(2089858483,b0f066a214c2f5e87bad3c948f4d605d)
Start importing Packages/com.unity.probuilder/Content/Shader/ReferenceUnlit.shader using Guid(209f4c3496c1b46a3a2f9f0f27be788f) Importer(2089858483,b0f066a214c2f5e87bad3c948f4d605d) (ScriptedImporter) -> (artifact id: 'a8fa8cd15fd0f22ed62a2cf508c0e43b') in 0.0177211 seconds
Number of updated asset objects reloaded before import = 0Number of asset objects unloaded after import = 1

========================================================================
Received Import Request.
  Time since last request: 0.000024 seconds.
  path: Packages/com.unity.probuilder/Runtime/Shapes/Cone.cs
  artifactKey: Guid(5ef681a72ba0a044aa8da69030116d54) Importer(2089858483,b0f066a214c2f5e87bad3c948f4d605d)
Start importing Packages/com.unity.probuilder/Runtime/Shapes/Cone.cs using Guid(5ef681a72ba0a044aa8da69030116d54) Importer(2089858483,b0f066a214c2f5e87bad3c948f4d605d) (ScriptedImporter) -> (artifact id: '1b72abd94d3d144b75d25caaf146e74b') in 0.0198939 seconds
Number of updated asset objects reloaded before import = 0Number of asset objects unloaded after import = 0

========================================================================
Received Import Request.
  Time since last request: 0.000025 seconds.
  path: Packages/com.unity.probuilder/Content/Shader/UnlitVertexColor.shader
  artifactKey: Guid(35e778fba8b2b49a198d8d7cfced67eb) Importer(2089858483,b0f066a214c2f5e87bad3c948f4d605d)
Start importing Packages/com.unity.probuilder/Content/Shader/UnlitVertexColor.shader using Guid(35e778fba8b2b49a198d8d7cfced67eb) Importer(2089858483,b0f066a214c2f5e87bad3c948f4d605d) (ScriptedImporter) -> (artifact id: '1a193f41511d558cdca6cd0ba43fc5b8') in 0.018672 seconds
Number of updated asset objects reloaded before import = 0Number of asset objects unloaded after import = 1

========================================================================
Received Import Request.
  Time since last request: 0.000045 seconds.
  path: Packages/com.unity.probuilder/Editor Default Resources/Icons/EditableMesh/EditMeshContext@2x.png
  artifactKey: Guid(4068b305da1a57f4996eb5739ca51886) Importer(2089858483,b0f066a214c2f5e87bad3c948f4d605d)
Start importing Packages/com.unity.probuilder/Editor Default Resources/Icons/EditableMesh/EditMeshContext@2x.png using Guid(4068b305da1a57f4996eb5739ca51886) Importer(2089858483,b0f066a214c2f5e87bad3c948f4d605d) (ScriptedImporter) -> (artifact id: '2e64f97240d290655b7796e86df59d79') in 0.0290246 seconds
Number of updated asset objects reloaded before import = 0Number of asset objects unloaded after import = 1

========================================================================
Received Import Request.
  Time since last request: 0.000028 seconds.
  path: Packages/com.unity.probuilder/Editor/EditorCore/MenuItems.cs
  artifactKey: Guid(05147f3a976fb174d987bc71dc70dee2) Importer(2089858483,b0f066a214c2f5e87bad3c948f4d605d)
Start importing Packages/com.unity.probuilder/Editor/EditorCore/MenuItems.cs using Guid(05147f3a976fb174d987bc71dc70dee2) Importer(2089858483,b0f066a214c2f5e87bad3c948f4d605d) (ScriptedImporter) -> (artifact id: 'a96929966c63a36367aa4e5c9e7f0826') in 0.01413 seconds
Number of updated asset objects reloaded before import = 0Number of asset objects unloaded after import = 0

========================================================================
Received Import Request.
  Time since last request: 0.000048 seconds.
  path: Packages/com.unity.probuilder/Editor Default Resources/Icons/Toolbar/Object_Export.png
  artifactKey: Guid(7754f95d111474afb813edcc7c2ff9db) Importer(2089858483,b0f066a214c2f5e87bad3c948f4d605d)
Start importing Packages/com.unity.probuilder/Editor Default Resources/Icons/Toolbar/Object_Export.png using Guid(7754f95d111474afb813edcc7c2ff9db) Importer(2089858483,b0f066a214c2f5e87bad3c948f4d605d) (ScriptedImporter) -> (artifact id: '4b951de7146cc73e05959d860a386311') in 0.0280966 seconds
Number of updated asset objects reloaded before import = 0Number of asset objects unloaded after import = 1

========================================================================
Received Import Request.
  Time since last request: 0.000031 seconds.
  path: Packages/com.unity.probuilder/Editor/EditorCore/PreferencesInternal.cs
  artifactKey: Guid(8c1d6bd74068a5242b4a72adf38b704b) Importer(2089858483,b0f066a214c2f5e87bad3c948f4d605d)
Start importing Packages/com.unity.probuilder/Editor/EditorCore/PreferencesInternal.cs using Guid(8c1d6bd74068a5242b4a72adf38b704b) Importer(2089858483,b0f066a214c2f5e87bad3c948f4d605d) (ScriptedImporter) -> (artifact id: '372c4a73f2345af20f48fee10baf9827') in 0.0161214 seconds
Number of updated asset objects reloaded before import = 0Number of asset objects unloaded after import = 0

========================================================================
Received Import Request.
  Time since last request: 0.194431 seconds.
  path: Packages/com.unity.probuilder/Editor Default Resources/Icons/Toolbar/Face_Merge_Light@2x.png
  artifactKey: Guid(0f373d8cb1ba1384e8f9c1fd95f2f732) Importer(2089858483,b0f066a214c2f5e87bad3c948f4d605d)
Start importing Packages/com.unity.probuilder/Editor Default Resources/Icons/Toolbar/Face_Merge_Light@2x.png using Guid(0f373d8cb1ba1384e8f9c1fd95f2f732) Importer(2089858483,b0f066a214c2f5e87bad3c948f4d605d) (ScriptedImporter) -> (artifact id: 'bc256cb5604357d212f1ea139524824d') in 0.030457 seconds
Number of updated asset objects reloaded before import = 0Number of asset objects unloaded after import = 1

========================================================================
Received Import Request.
  Time since last request: 0.000046 seconds.
  path: Packages/com.unity.probuilder/Editor/MenuActions/Export/Export.cs
  artifactKey: Guid(736319124efd40fda31c36ae2599181a) Importer(2089858483,b0f066a214c2f5e87bad3c948f4d605d)
Start importing Packages/com.unity.probuilder/Editor/MenuActions/Export/Export.cs using Guid(736319124efd40fda31c36ae2599181a) Importer(2089858483,b0f066a214c2f5e87bad3c948f4d605d) (ScriptedImporter) -> (artifact id: '4377f28a13f4198349afcaa813558a9b') in 0.0190001 seconds
Number of updated asset objects reloaded before import = 0Number of asset objects unloaded after import = 0

========================================================================
Received Import Request.
  Time since last request: 0.000041 seconds.
  path: Packages/com.unity.probuilder/Editor Default Resources/Icons/Toolbar/ShowNextPage_Down_Light.png
  artifactKey: Guid(ff2a8c4441118cd408c6cb306b954afb) Importer(2089858483,b0f066a214c2f5e87bad3c948f4d605d)
Start importing Packages/com.unity.probuilder/Editor Default Resources/Icons/Toolbar/ShowNextPage_Down_Light.png using Guid(ff2a8c4441118cd408c6cb306b954afb) Importer(2089858483,b0f066a214c2f5e87bad3c948f4d605d) (ScriptedImporter) -> (artifact id: '492ec341058e45b9ec463ef8c4ec1f88') in 0.0335374 seconds
Number of updated asset objects reloaded before import = 0Number of asset objects unloaded after import = 1

========================================================================
Received Import Request.
  Time since last request: 0.000026 seconds.
  path: Packages/com.unity.probuilder/Editor Default Resources/Icons/Toolbar/Panel_VertColors.png
  artifactKey: Guid(cfa793a5b357642bf83fa6888ee18e76) Importer(2089858483,b0f066a214c2f5e87bad3c948f4d605d)
Start importing Packages/com.unity.probuilder/Editor Default Resources/Icons/Toolbar/Panel_VertColors.png using Guid(cfa793a5b357642bf83fa6888ee18e76) Importer(2089858483,b0f066a214c2f5e87bad3c948f4d605d) (ScriptedImporter) -> (artifact id: '2b78b7519d5d31a4a35137ef04ab6e15') in 0.0255771 seconds
Number of updated asset objects reloaded before import = 0Number of asset objects unloaded after import = 1

========================================================================
Received Import Request.
  Time since last request: 0.000023 seconds.
  path: Packages/com.unity.probuilder/Editor Default Resources/Icons/Toolbar/Object_FlipNormals@2x.png
  artifactKey: Guid(82d9719f510af8843b246b2f7eec99c1) Importer(2089858483,b0f066a214c2f5e87bad3c948f4d605d)
Start importing Packages/com.unity.probuilder/Editor Default Resources/Icons/Toolbar/Object_FlipNormals@2x.png using Guid(82d9719f510af8843b246b2f7eec99c1) Importer(2089858483,b0f066a214c2f5e87bad3c948f4d605d) (ScriptedImporter) -> (artifact id: '9c7c2f33aecaeccabb1a6f0ce705bbb1') in 0.0315718 seconds
Number of updated asset objects reloaded before import = 0Number of asset objects unloaded after import = 1

========================================================================
Received Import Request.
  Time since last request: 0.000046 seconds.
  path: Packages/com.unity.probuilder/Editor/EditorCore/ProBuilderMeshPreview.cs
  artifactKey: Guid(583290e7bd3b4094b5cd671ab87b7bb2) Importer(2089858483,b0f066a214c2f5e87bad3c948f4d605d)
Start importing Packages/com.unity.probuilder/Editor/EditorCore/ProBuilderMeshPreview.cs using Guid(583290e7bd3b4094b5cd671ab87b7bb2) Importer(2089858483,b0f066a214c2f5e87bad3c948f4d605d) (ScriptedImporter) -> (artifact id: 'e9ea87b8e958d0dc30a8a134d98a1589') in 0.0163252 seconds
Number of updated asset objects reloaded before import = 0Number of asset objects unloaded after import = 0

========================================================================
Received Import Request.
  Time since last request: 0.000046 seconds.
  path: Packages/com.unity.probuilder/Editor/MenuActions/Interaction/ToggleXRay.cs
  artifactKey: Guid(0baa0b710695b7441836813416aa41af) Importer(2089858483,b0f066a214c2f5e87bad3c948f4d605d)
Start importing Packages/com.unity.probuilder/Editor/MenuActions/Interaction/ToggleXRay.cs using Guid(0baa0b710695b7441836813416aa41af) Importer(2089858483,b0f066a214c2f5e87bad3c948f4d605d) (ScriptedImporter) -> (artifact id: '455a0f09e75e362d676f18b43ec2e112') in 0.0150782 seconds
Number of updated asset objects reloaded before import = 0Number of asset objects unloaded after import = 0

========================================================================
Received Import Request.
  Time since last request: 0.000047 seconds.
  path: Packages/com.unity.probuilder/Runtime/Core/URPSelectionPickerPass.cs
  artifactKey: Guid(ab752184a0d6df845ae5fc6966304066) Importer(2089858483,b0f066a214c2f5e87bad3c948f4d605d)
Start importing Packages/com.unity.probuilder/Runtime/Core/URPSelectionPickerPass.cs using Guid(ab752184a0d6df845ae5fc6966304066) Importer(2089858483,b0f066a214c2f5e87bad3c948f4d605d) (ScriptedImporter) -> (artifact id: '23882395aad22bc706bbfd813f7ead0a') in 0.0151171 seconds
Number of updated asset objects reloaded before import = 0Number of asset objects unloaded after import = 0

========================================================================
Received Import Request.
  Time since last request: 0.000049 seconds.
  path: Packages/com.unity.probuilder/External/Poly2Tri/Triangulation/TriangulationDebugContext.cs
  artifactKey: Guid(6ccb8b5f00388f545b4b986d5149d926) Importer(2089858483,b0f066a214c2f5e87bad3c948f4d605d)
Start importing Packages/com.unity.probuilder/External/Poly2Tri/Triangulation/TriangulationDebugContext.cs using Guid(6ccb8b5f00388f545b4b986d5149d926) Importer(2089858483,b0f066a214c2f5e87bad3c948f4d605d) (ScriptedImporter) -> (artifact id: '9d1d3039d8e066a089f0b0a1bf83aa8a') in 0.0150387 seconds
Number of updated asset objects reloaded before import = 0Number of asset objects unloaded after import = 0

========================================================================
Received Import Request.
  Time since last request: 0.000051 seconds.
  path: Packages/com.unity.probuilder/Editor/MenuActions/Geometry/BridgeEdges.cs
  artifactKey: Guid(066d50a96f4a480fac834bf3b64a8c26) Importer(2089858483,b0f066a214c2f5e87bad3c948f4d605d)
Start importing Packages/com.unity.probuilder/Editor/MenuActions/Geometry/BridgeEdges.cs using Guid(066d50a96f4a480fac834bf3b64a8c26) Importer(2089858483,b0f066a214c2f5e87bad3c948f4d605d) (ScriptedImporter) -> (artifact id: 'b261727094adfec046c27ef36ae47579') in 0.0148946 seconds
Number of updated asset objects reloaded before import = 0Number of asset objects unloaded after import = 0

========================================================================
Received Import Request.
  Time since last request: 0.000047 seconds.
  path: Packages/com.unity.probuilder/Editor Default Resources/Icons/Tools/ShapeTool/d_Plane@2x.png
  artifactKey: Guid(d677d387a8d50cb478b13418c98fca14) Importer(2089858483,b0f066a214c2f5e87bad3c948f4d605d)
Start importing Packages/com.unity.probuilder/Editor Default Resources/Icons/Tools/ShapeTool/d_Plane@2x.png using Guid(d677d387a8d50cb478b13418c98fca14) Importer(2089858483,b0f066a214c2f5e87bad3c948f4d605d) (ScriptedImporter) -> (artifact id: 'cdcd1dbe3e73fb6946bda32c86f3c261') in 0.0317412 seconds
Number of updated asset objects reloaded before import = 0Number of asset objects unloaded after import = 1

========================================================================
Received Import Request.
  Time since last request: 0.000058 seconds.
  path: Packages/com.unity.probuilder/External/CSG/Classes/Vertex.cs
  artifactKey: Guid(eace57ffc03f348e48d541e3ac67ae90) Importer(2089858483,b0f066a214c2f5e87bad3c948f4d605d)
Start importing Packages/com.unity.probuilder/External/CSG/Classes/Vertex.cs using Guid(eace57ffc03f348e48d541e3ac67ae90) Importer(2089858483,b0f066a214c2f5e87bad3c948f4d605d) (ScriptedImporter) -> (artifact id: '2e619f0af49aac1abcc7194a729bab10') in 0.0139329 seconds
Number of updated asset objects reloaded before import = 0Number of asset objects unloaded after import = 0

========================================================================
Received Import Request.
  Time since last request: 0.000031 seconds.
  path: Packages/com.unity.probuilder/Editor/MenuActions/Geometry/Extrude.cs
  artifactKey: Guid(9b24935f60532d7428cbcb5df316e359) Importer(2089858483,b0f066a214c2f5e87bad3c948f4d605d)
Start importing Packages/com.unity.probuilder/Editor/MenuActions/Geometry/Extrude.cs using Guid(9b24935f60532d7428cbcb5df316e359) Importer(2089858483,b0f066a214c2f5e87bad3c948f4d605d) (ScriptedImporter) -> (artifact id: '49d5e7eb173f521b78c29ed547eedd2d') in 0.0127229 seconds
Number of updated asset objects reloaded before import = 0Number of asset objects unloaded after import = 0

========================================================================
Received Import Request.
  Time since last request: 0.000033 seconds.
  path: Packages/com.unity.probuilder/Content/Shader/DiffuseTextureBlend.shader
  artifactKey: Guid(33cb4e8ff0c1d43ac8ec40692656c7ed) Importer(2089858483,b0f066a214c2f5e87bad3c948f4d605d)
Start importing Packages/com.unity.probuilder/Content/Shader/DiffuseTextureBlend.shader using Guid(33cb4e8ff0c1d43ac8ec40692656c7ed) Importer(2089858483,b0f066a214c2f5e87bad3c948f4d605d) (ScriptedImporter) -> (artifact id: '45397799fc2f65727276468a45b94e39') in 0.0214266 seconds
Number of updated asset objects reloaded before import = 0Number of asset objects unloaded after import = 1

========================================================================
Received Import Request.
  Time since last request: 0.000069 seconds.
  path: Packages/com.unity.probuilder/Editor Default Resources/Icons/Toolbar/Panel_Smoothing@2x.png
  artifactKey: Guid(89b5a5cb64b2de2489b2138fd00c16c0) Importer(2089858483,b0f066a214c2f5e87bad3c948f4d605d)
Start importing Packages/com.unity.probuilder/Editor Default Resources/Icons/Toolbar/Panel_Smoothing@2x.png using Guid(89b5a5cb64b2de2489b2138fd00c16c0) Importer(2089858483,b0f066a214c2f5e87bad3c948f4d605d) (ScriptedImporter) -> (artifact id: '64055b648c44e82a9a1f2ca389227f48') in 0.0302944 seconds
Number of updated asset objects reloaded before import = 0Number of asset objects unloaded after import = 1

========================================================================
Received Import Request.
  Time since last request: 0.000041 seconds.
  path: Packages/com.unity.probuilder/Runtime/Core/UvUnwrapping.cs
  artifactKey: Guid(287e3d97419a8431098a54977c657d14) Importer(2089858483,b0f066a214c2f5e87bad3c948f4d605d)
Start importing Packages/com.unity.probuilder/Runtime/Core/UvUnwrapping.cs using Guid(287e3d97419a8431098a54977c657d14) Importer(2089858483,b0f066a214c2f5e87bad3c948f4d605d) (ScriptedImporter) -> (artifact id: 'b6af05fe916308bc634343d51ea33132') in 0.0154967 seconds
Number of updated asset objects reloaded before import = 0Number of asset objects unloaded after import = 0

========================================================================
Received Import Request.
  Time since last request: 0.000029 seconds.
  path: Packages/com.unity.probuilder/Editor Default Resources/Icons/Tools/ShapeTool/d_Door@2x.png
  artifactKey: Guid(0dc0c708f5d18c845b2c60321e211f3f) Importer(2089858483,b0f066a214c2f5e87bad3c948f4d605d)
Start importing Packages/com.unity.probuilder/Editor Default Resources/Icons/Tools/ShapeTool/d_Door@2x.png using Guid(0dc0c708f5d18c845b2c60321e211f3f) Importer(2089858483,b0f066a214c2f5e87bad3c948f4d605d) (ScriptedImporter) -> (artifact id: 'abc6e0ac43640d676d26ee3a61786801') in 0.0297756 seconds
Number of updated asset objects reloaded before import = 0Number of asset objects unloaded after import = 1

========================================================================
Received Import Request.
  Time since last request: 0.000031 seconds.
  path: Packages/com.unity.probuilder/Editor Default Resources/Icons/Toolbar/d_Selection_SelectHidden-ON@2x.png
  artifactKey: Guid(ce542953e6322ad4081bcf2ecc52acf3) Importer(2089858483,b0f066a214c2f5e87bad3c948f4d605d)
Start importing Packages/com.unity.probuilder/Editor Default Resources/Icons/Toolbar/d_Selection_SelectHidden-ON@2x.png using Guid(ce542953e6322ad4081bcf2ecc52acf3) Importer(2089858483,b0f066a214c2f5e87bad3c948f4d605d) (ScriptedImporter) -> (artifact id: '8e74e3c2cfae540cf4ed3ab5fa9d7bce') in 0.0303317 seconds
Number of updated asset objects reloaded before import = 0Number of asset objects unloaded after import = 1

========================================================================
Received Import Request.
  Time since last request: 0.000069 seconds.
  path: Packages/com.unity.probuilder/Editor Default Resources/Icons/Toolbar/Vert_Weld.png
  artifactKey: Guid(c0b06baa896f142f09a15698ea90e521) Importer(2089858483,b0f066a214c2f5e87bad3c948f4d605d)
Start importing Packages/com.unity.probuilder/Editor Default Resources/Icons/Toolbar/Vert_Weld.png using Guid(c0b06baa896f142f09a15698ea90e521) Importer(2089858483,b0f066a214c2f5e87bad3c948f4d605d) (ScriptedImporter) -> (artifact id: '33b57a1772dbcc1fbf9c0204ab3b494b') in 0.0307241 seconds
Number of updated asset objects reloaded before import = 0Number of asset objects unloaded after import = 1

========================================================================
Received Import Request.
  Time since last request: 0.000035 seconds.
  path: Packages/com.unity.probuilder/Editor/EditorCore/VertexManipulationToolSettings.cs
  artifactKey: Guid(d123c179cb7a941d0993a60fe2e20cff) Importer(2089858483,b0f066a214c2f5e87bad3c948f4d605d)
Start importing Packages/com.unity.probuilder/Editor/EditorCore/VertexManipulationToolSettings.cs using Guid(d123c179cb7a941d0993a60fe2e20cff) Importer(2089858483,b0f066a214c2f5e87bad3c948f4d605d) (ScriptedImporter) -> (artifact id: '9c4018b24280ce539b8919335f6b9e4a') in 0.0177067 seconds
Number of updated asset objects reloaded before import = 0Number of asset objects unloaded after import = 0

========================================================================
Received Import Request.
  Time since last request: 0.000043 seconds.
  path: Packages/com.unity.probuilder/External/Poly2Tri/AssemblyInfo.cs
  artifactKey: Guid(e6d7500d036914f3b9768689959295b4) Importer(2089858483,b0f066a214c2f5e87bad3c948f4d605d)
Start importing Packages/com.unity.probuilder/External/Poly2Tri/AssemblyInfo.cs using Guid(e6d7500d036914f3b9768689959295b4) Importer(2089858483,b0f066a214c2f5e87bad3c948f4d605d) (ScriptedImporter) -> (artifact id: 'e61ad0957be002da987493d129584969') in 0.0135668 seconds
Number of updated asset objects reloaded before import = 0Number of asset objects unloaded after import = 0

========================================================================
Received Import Request.
  Time since last request: 0.000054 seconds.
  path: Packages/com.unity.probuilder/Editor Default Resources/Icons/Toolbar/Face_Detach_Light.png
  artifactKey: Guid(18fa4eaea442bdb42907b948c1fb4d49) Importer(2089858483,b0f066a214c2f5e87bad3c948f4d605d)
Start importing Packages/com.unity.probuilder/Editor Default Resources/Icons/Toolbar/Face_Detach_Light.png using Guid(18fa4eaea442bdb42907b948c1fb4d49) Importer(2089858483,b0f066a214c2f5e87bad3c948f4d605d) (ScriptedImporter) -> (artifact id: '25911627b88e97c706694ed8b2b1f2b4') in 0.0285723 seconds
Number of updated asset objects reloaded before import = 0Number of asset objects unloaded after import = 1

========================================================================
Received Import Request.
  Time since last request: 0.000045 seconds.
  path: Packages/com.unity.probuilder/Editor Default Resources/Icons/Tools/ShapeTool/Cone.png
  artifactKey: Guid(2a4c9a999e17f49419ee044c20080eab) Importer(2089858483,b0f066a214c2f5e87bad3c948f4d605d)
Start importing Packages/com.unity.probuilder/Editor Default Resources/Icons/Tools/ShapeTool/Cone.png using Guid(2a4c9a999e17f49419ee044c20080eab) Importer(2089858483,b0f066a214c2f5e87bad3c948f4d605d) (ScriptedImporter) -> (artifact id: '86c895cc48d36a2875a3f10fc420ad82') in 0.0265503 seconds
Number of updated asset objects reloaded before import = 0Number of asset objects unloaded after import = 1

========================================================================
Received Import Request.
  Time since last request: 0.000039 seconds.
  path: Packages/com.unity.probuilder/Editor/EditorCore/DimensionsEditor.cs
  artifactKey: Guid(1ececafedc41a4b4bb1be308a1512857) Importer(2089858483,b0f066a214c2f5e87bad3c948f4d605d)
Start importing Packages/com.unity.probuilder/Editor/EditorCore/DimensionsEditor.cs using Guid(1ececafedc41a4b4bb1be308a1512857) Importer(2089858483,b0f066a214c2f5e87bad3c948f4d605d) (ScriptedImporter) -> (artifact id: '11d7820ec58187bd8663538cc9b0edd7') in 0.0170823 seconds
Number of updated asset objects reloaded before import = 0Number of asset objects unloaded after import = 0

========================================================================
Received Import Request.
  Time since last request: 0.000042 seconds.
  path: Packages/com.unity.probuilder/Runtime/Core
  artifactKey: Guid(bfeb578e50cb4da0910f4eb7fd1b5db1) Importer(2089858483,b0f066a214c2f5e87bad3c948f4d605d)
Start importing Packages/com.unity.probuilder/Runtime/Core using Guid(bfeb578e50cb4da0910f4eb7fd1b5db1) Importer(2089858483,b0f066a214c2f5e87bad3c948f4d605d) (ScriptedImporter) -> (artifact id: 'a8db8560bec5cfced29ba0533d85660a') in 0.0143808 seconds
Number of updated asset objects reloaded before import = 0Number of asset objects unloaded after import = 1

========================================================================
Received Import Request.
  Time since last request: 0.000059 seconds.
  path: Packages/com.unity.probuilder/Editor Default Resources/Icons/Tools/ShapeTool/Prism@2x.png
  artifactKey: Guid(c6c1579a2bd11934c9658a9e9e223714) Importer(2089858483,b0f066a214c2f5e87bad3c948f4d605d)
Start importing Packages/com.unity.probuilder/Editor Default Resources/Icons/Tools/ShapeTool/Prism@2x.png using Guid(c6c1579a2bd11934c9658a9e9e223714) Importer(2089858483,b0f066a214c2f5e87bad3c948f4d605d) (ScriptedImporter) -> (artifact id: '5914b2e87ba7a74bec5395d602029f9c') in 0.0295897 seconds
Number of updated asset objects reloaded before import = 0Number of asset objects unloaded after import = 1

========================================================================
Received Import Request.
  Time since last request: 0.000036 seconds.
  path: Packages/com.unity.probuilder/Runtime/Shapes/Pipe.cs
  artifactKey: Guid(3834e980d6387ed4eb6bb9461aba647f) Importer(2089858483,b0f066a214c2f5e87bad3c948f4d605d)
Start importing Packages/com.unity.probuilder/Runtime/Shapes/Pipe.cs using Guid(3834e980d6387ed4eb6bb9461aba647f) Importer(2089858483,b0f066a214c2f5e87bad3c948f4d605d) (ScriptedImporter) -> (artifact id: 'e8e86de8cdf88a3483bad3f578add1bc') in 0.0205268 seconds
Number of updated asset objects reloaded before import = 0Number of asset objects unloaded after import = 0

========================================================================
Received Import Request.
  Time since last request: 0.000023 seconds.
  path: Packages/com.unity.probuilder/Editor Default Resources/Icons/Toolbar/Selection_SelectHole_Light@2x.png
  artifactKey: Guid(4a6b19b58f41d7b44abadb82a8e99479) Importer(2089858483,b0f066a214c2f5e87bad3c948f4d605d)
Start importing Packages/com.unity.probuilder/Editor Default Resources/Icons/Toolbar/Selection_SelectHole_Light@2x.png using Guid(4a6b19b58f41d7b44abadb82a8e99479) Importer(2089858483,b0f066a214c2f5e87bad3c948f4d605d) (ScriptedImporter) -> (artifact id: '6c7df511b13100033ba88949c682b357') in 0.0344153 seconds
Number of updated asset objects reloaded before import = 0Number of asset objects unloaded after import = 1

========================================================================
Received Import Request.
  Time since last request: 0.000046 seconds.
  path: Packages/com.unity.probuilder/Editor Default Resources/Icons/Toolbar/Face_Merge.png
  artifactKey: Guid(9a25118aa31374ba3a5030600816a351) Importer(2089858483,b0f066a214c2f5e87bad3c948f4d605d)
Start importing Packages/com.unity.probuilder/Editor Default Resources/Icons/Toolbar/Face_Merge.png using Guid(9a25118aa31374ba3a5030600816a351) Importer(2089858483,b0f066a214c2f5e87bad3c948f4d605d) (ScriptedImporter) -> (artifact id: 'dd41616643346ed54d9f60a1bead3367') in 0.0317024 seconds
Number of updated asset objects reloaded before import = 0Number of asset objects unloaded after import = 1

========================================================================
Received Import Request.
  Time since last request: 0.000031 seconds.
  path: Packages/com.unity.settings-manager/Tests/Editor/TestProjectUserSettings.cs
  artifactKey: Guid(ad34571c1c8d47f69e48865ba5a256d9) Importer(2089858483,b0f066a214c2f5e87bad3c948f4d605d)
Start importing Packages/com.unity.settings-manager/Tests/Editor/TestProjectUserSettings.cs using Guid(ad34571c1c8d47f69e48865ba5a256d9) Importer(2089858483,b0f066a214c2f5e87bad3c948f4d605d) (ScriptedImporter) -> (artifact id: '9842a51f41e894f193026f911785b747') in 0.0160656 seconds
Number of updated asset objects reloaded before import = 0Number of asset objects unloaded after import = 0

========================================================================
Received Import Request.
  Time since last request: 0.000039 seconds.
  path: Packages/com.unity.probuilder/Runtime/Core/Face.cs
  artifactKey: Guid(cd0eb60dd72b74385a28317c44ac6377) Importer(2089858483,b0f066a214c2f5e87bad3c948f4d605d)
Start importing Packages/com.unity.probuilder/Runtime/Core/Face.cs using Guid(cd0eb60dd72b74385a28317c44ac6377) Importer(2089858483,b0f066a214c2f5e87bad3c948f4d605d) (ScriptedImporter) -> (artifact id: '624135a331b381968c26c151be14e72f') in 0.0174217 seconds
Number of updated asset objects reloaded before import = 0Number of asset objects unloaded after import = 0

========================================================================
Received Import Request.
  Time since last request: 0.000025 seconds.
  path: Packages/com.unity.probuilder/Editor Default Resources/Icons/Toolbar/Face_ConformNormals@2x.png
  artifactKey: Guid(46705fc0694eda5418f85380506b5161) Importer(2089858483,b0f066a214c2f5e87bad3c948f4d605d)
Start importing Packages/com.unity.probuilder/Editor Default Resources/Icons/Toolbar/Face_ConformNormals@2x.png using Guid(46705fc0694eda5418f85380506b5161) Importer(2089858483,b0f066a214c2f5e87bad3c948f4d605d) (ScriptedImporter) -> (artifact id: '5274375b6baa8b87e9e38131baf19792') in 0.036832 seconds
Number of updated asset objects reloaded before import = 0Number of asset objects unloaded after import = 1

========================================================================
Received Import Request.
  Time since last request: 0.000025 seconds.
  path: Packages/com.unity.probuilder/Editor Default Resources/Icons/Toolbar/Background/RoundedRect_Hover.png
  artifactKey: Guid(c3040b50943004b5e892af2bfde68cb4) Importer(2089858483,b0f066a214c2f5e87bad3c948f4d605d)
Start importing Packages/com.unity.probuilder/Editor Default Resources/Icons/Toolbar/Background/RoundedRect_Hover.png using Guid(c3040b50943004b5e892af2bfde68cb4) Importer(2089858483,b0f066a214c2f5e87bad3c948f4d605d) (ScriptedImporter) -> (artifact id: 'a784e08c149729dfe17faf05ccdf41eb') in 0.0356946 seconds
Number of updated asset objects reloaded before import = 0Number of asset objects unloaded after import = 1

========================================================================
Received Import Request.
  Time since last request: 0.000059 seconds.
  path: Packages/com.unity.probuilder/Editor Default Resources/Icons/Toolbar/Pivot_CenterOnObject@2x.png
  artifactKey: Guid(956e0013416e8d74a99bc95609905995) Importer(2089858483,b0f066a214c2f5e87bad3c948f4d605d)
Start importing Packages/com.unity.probuilder/Editor Default Resources/Icons/Toolbar/Pivot_CenterOnObject@2x.png using Guid(956e0013416e8d74a99bc95609905995) Importer(2089858483,b0f066a214c2f5e87bad3c948f4d605d) (ScriptedImporter) -> (artifact id: 'bf3a18dae2928c98742320f0eb53100c') in 0.0325926 seconds
Number of updated asset objects reloaded before import = 0Number of asset objects unloaded after import = 1

========================================================================
Received Import Request.
  Time since last request: 0.000075 seconds.
  path: Packages/com.unity.probuilder/Editor Default Resources/Icons/Toolbar/Object_ConformNormals@2x.png
  artifactKey: Guid(156364c31d9a5854c87ac7e45b9ac170) Importer(2089858483,b0f066a214c2f5e87bad3c948f4d605d)
Start importing Packages/com.unity.probuilder/Editor Default Resources/Icons/Toolbar/Object_ConformNormals@2x.png using Guid(156364c31d9a5854c87ac7e45b9ac170) Importer(2089858483,b0f066a214c2f5e87bad3c948f4d605d) (ScriptedImporter) -> (artifact id: '427b2d451e008a20faf5dc46605370b7') in 0.0274494 seconds
Number of updated asset objects reloaded before import = 0Number of asset objects unloaded after import = 1

========================================================================
Received Import Request.
  Time since last request: 0.000135 seconds.
  path: Packages/com.unity.probuilder/Editor Default Resources/Icons/Toolbar/ShowNextPage_Left_Light.png
  artifactKey: Guid(b430575a69781b74097e401d924e13a5) Importer(2089858483,b0f066a214c2f5e87bad3c948f4d605d)
Start importing Packages/com.unity.probuilder/Editor Default Resources/Icons/Toolbar/ShowNextPage_Left_Light.png using Guid(b430575a69781b74097e401d924e13a5) Importer(2089858483,b0f066a214c2f5e87bad3c948f4d605d) (ScriptedImporter) -> (artifact id: 'b0da7bd6964a3d09baf6f8de8b46a3fa') in 0.0264967 seconds
Number of updated asset objects reloaded before import = 0Number of asset objects unloaded after import = 1

========================================================================
Received Import Request.
  Time since last request: 0.000036 seconds.
  path: Packages/com.unity.probuilder/Editor/MenuActions/Export/ExportAsset.cs
  artifactKey: Guid(cc401b52b64c4b7b87078d8ae3e29b68) Importer(2089858483,b0f066a214c2f5e87bad3c948f4d605d)
Start importing Packages/com.unity.probuilder/Editor/MenuActions/Export/ExportAsset.cs using Guid(cc401b52b64c4b7b87078d8ae3e29b68) Importer(2089858483,b0f066a214c2f5e87bad3c948f4d605d) (ScriptedImporter) -> (artifact id: '3c9e31f1c80bfc1f5629303ad2dd70f6') in 0.0165192 seconds
Number of updated asset objects reloaded before import = 0Number of asset objects unloaded after import = 0

========================================================================
Received Import Request.
  Time since last request: 0.000061 seconds.
  path: Packages/com.unity.probuilder/Editor Default Resources/Icons/Toolbar/Selection_Loop_Edge_Light@2x.png
  artifactKey: Guid(1b99fe485ccb1dd4eb56ba3f4353595a) Importer(2089858483,b0f066a214c2f5e87bad3c948f4d605d)
Start importing Packages/com.unity.probuilder/Editor Default Resources/Icons/Toolbar/Selection_Loop_Edge_Light@2x.png using Guid(1b99fe485ccb1dd4eb56ba3f4353595a) Importer(2089858483,b0f066a214c2f5e87bad3c948f4d605d) (ScriptedImporter) -> (artifact id: '1c5c8ec34de53f8e2dbc36f4c96fcb1d') in 0.0264312 seconds
Number of updated asset objects reloaded before import = 0Number of asset objects unloaded after import = 1

========================================================================
Received Import Request.
  Time since last request: 0.000041 seconds.
  path: Packages/com.unity.probuilder/Runtime/Core/ObjectPool.cs
  artifactKey: Guid(72ae47ebb978a4f6fad1a2ba92c3c110) Importer(2089858483,b0f066a214c2f5e87bad3c948f4d605d)
Start importing Packages/com.unity.probuilder/Runtime/Core/ObjectPool.cs using Guid(72ae47ebb978a4f6fad1a2ba92c3c110) Importer(2089858483,b0f066a214c2f5e87bad3c948f4d605d) (ScriptedImporter) -> (artifact id: '72c348a7cfe335a5594e3f6650482655') in 0.0146579 seconds
Number of updated asset objects reloaded before import = 0Number of asset objects unloaded after import = 0

========================================================================
Received Import Request.
  Time since last request: 0.000027 seconds.
  path: Packages/com.unity.probuilder/Runtime/Shapes
  artifactKey: Guid(a09f91cd542e8544d81a8ea9738f1bce) Importer(2089858483,b0f066a214c2f5e87bad3c948f4d605d)
Start importing Packages/com.unity.probuilder/Runtime/Shapes using Guid(a09f91cd542e8544d81a8ea9738f1bce) Importer(2089858483,b0f066a214c2f5e87bad3c948f4d605d) (ScriptedImporter) -> (artifact id: 'd097b353a92a9d88e829be71a6b41400') in 0.0145172 seconds
Number of updated asset objects reloaded before import = 0Number of asset objects unloaded after import = 1

========================================================================
Received Import Request.
  Time since last request: 0.000051 seconds.
  path: Packages/com.unity.probuilder/Editor Default Resources/Icons/Toolbar/Selection_Shrink_Light.png
  artifactKey: Guid(6451ed15a786b294fb368c2551042f84) Importer(2089858483,b0f066a214c2f5e87bad3c948f4d605d)
Start importing Packages/com.unity.probuilder/Editor Default Resources/Icons/Toolbar/Selection_Shrink_Light.png using Guid(6451ed15a786b294fb368c2551042f84) Importer(2089858483,b0f066a214c2f5e87bad3c948f4d605d) (ScriptedImporter) -> (artifact id: '59cbd66ac7b39b833a068ad6a27469d2') in 0.0312769 seconds
Number of updated asset objects reloaded before import = 0Number of asset objects unloaded after import = 1

========================================================================
Received Import Request.
  Time since last request: 0.000061 seconds.
  path: Packages/com.unity.probuilder/Editor/MenuActions/Selection/SelectLoop.cs
  artifactKey: Guid(924ccbaae96a57b438f256c6e54c1df8) Importer(2089858483,b0f066a214c2f5e87bad3c948f4d605d)
Start importing Packages/com.unity.probuilder/Editor/MenuActions/Selection/SelectLoop.cs using Guid(924ccbaae96a57b438f256c6e54c1df8) Importer(2089858483,b0f066a214c2f5e87bad3c948f4d605d) (ScriptedImporter) -> (artifact id: '27ba95c7fe7a25c681fe393574566971') in 0.0312634 seconds
Number of updated asset objects reloaded before import = 0Number of asset objects unloaded after import = 0

========================================================================
Received Import Request.
  Time since last request: 0.000039 seconds.
  path: Packages/com.unity.probuilder/Editor/EditorCore/ProBuilderSettingsProvider.cs
  artifactKey: Guid(3b6cb19e1fd01b64487828605cda5643) Importer(2089858483,b0f066a214c2f5e87bad3c948f4d605d)
Start importing Packages/com.unity.probuilder/Editor/EditorCore/ProBuilderSettingsProvider.cs using Guid(3b6cb19e1fd01b64487828605cda5643) Importer(2089858483,b0f066a214c2f5e87bad3c948f4d605d) (ScriptedImporter) -> (artifact id: '6b7b0ac95052a11c6e788a7ded3f3986') in 0.0235613 seconds
Number of updated asset objects reloaded before import = 0Number of asset objects unloaded after import = 0

========================================================================
Received Import Request.
  Time since last request: 0.000026 seconds.
  path: Packages/com.unity.probuilder/Editor Default Resources/Icons/Toolbar/Panel_VertColors_Light.png
  artifactKey: Guid(1e911601ba606cb4ca7300cb4ef26eee) Importer(2089858483,b0f066a214c2f5e87bad3c948f4d605d)
Start importing Packages/com.unity.probuilder/Editor Default Resources/Icons/Toolbar/Panel_VertColors_Light.png using Guid(1e911601ba606cb4ca7300cb4ef26eee) Importer(2089858483,b0f066a214c2f5e87bad3c948f4d605d) (ScriptedImporter) -> (artifact id: '3bfe0f641f00071f186a9ee8123b21d0') in 0.0328119 seconds
Number of updated asset objects reloaded before import = 0Number of asset objects unloaded after import = 1

========================================================================
Received Import Request.
  Time since last request: 0.000022 seconds.
  path: Packages/com.unity.probuilder/Runtime/Shapes/Sphere.cs
  artifactKey: Guid(054265503d1c00b4ebd680d24b2fae37) Importer(2089858483,b0f066a214c2f5e87bad3c948f4d605d)
Start importing Packages/com.unity.probuilder/Runtime/Shapes/Sphere.cs using Guid(054265503d1c00b4ebd680d24b2fae37) Importer(2089858483,b0f066a214c2f5e87bad3c948f4d605d) (ScriptedImporter) -> (artifact id: '22b307a9d542fddadde2c296641fe65e') in 0.0185745 seconds
Number of updated asset objects reloaded before import = 0Number of asset objects unloaded after import = 0

========================================================================
Received Import Request.
  Time since last request: 0.000039 seconds.
  path: Packages/com.unity.probuilder/External
  artifactKey: Guid(1e3c355429ae347938ec93b9838fb5fc) Importer(2089858483,b0f066a214c2f5e87bad3c948f4d605d)
Start importing Packages/com.unity.probuilder/External using Guid(1e3c355429ae347938ec93b9838fb5fc) Importer(2089858483,b0f066a214c2f5e87bad3c948f4d605d) (ScriptedImporter) -> (artifact id: '0e6bfd852b93ec3a3eac46fd861c8238') in 0.0167174 seconds
Number of updated asset objects reloaded before import = 0Number of asset objects unloaded after import = 1

========================================================================
Received Import Request.
  Time since last request: 0.000022 seconds.
  path: Packages/com.unity.probuilder/Editor Default Resources/Icons/Modes/d_Mode_Edge@2x.png
  artifactKey: Guid(d7aeba32eb7db614d82102cc538eda7a) Importer(2089858483,b0f066a214c2f5e87bad3c948f4d605d)
Start importing Packages/com.unity.probuilder/Editor Default Resources/Icons/Modes/d_Mode_Edge@2x.png using Guid(d7aeba32eb7db614d82102cc538eda7a) Importer(2089858483,b0f066a214c2f5e87bad3c948f4d605d) (ScriptedImporter) -> (artifact id: '924492bb973a6216f237001020e24262') in 0.0354363 seconds
Number of updated asset objects reloaded before import = 0Number of asset objects unloaded after import = 1

========================================================================
Received Import Request.
  Time since last request: 0.000023 seconds.
  path: Packages/com.unity.probuilder/Editor Default Resources/Icons/Tools/ShapeTool/on/Door@2x.png
  artifactKey: Guid(dd5e95bfc7fa456479336740356abaca) Importer(2089858483,b0f066a214c2f5e87bad3c948f4d605d)
Start importing Packages/com.unity.probuilder/Editor Default Resources/Icons/Tools/ShapeTool/on/Door@2x.png using Guid(dd5e95bfc7fa456479336740356abaca) Importer(2089858483,b0f066a214c2f5e87bad3c948f4d605d) (ScriptedImporter) -> (artifact id: 'd1ac3b19a5a0396e065f842ade1d45bb') in 0.0358666 seconds
Number of updated asset objects reloaded before import = 0Number of asset objects unloaded after import = 1

========================================================================
Received Import Request.
  Time since last request: 0.000034 seconds.
  path: Packages/com.unity.probuilder/Editor Default Resources/Icons/Toolbar/DragSelect_Off@2x.png
  artifactKey: Guid(5e6ff351795476b48ad8deba60156b2e) Importer(2089858483,b0f066a214c2f5e87bad3c948f4d605d)
Start importing Packages/com.unity.probuilder/Editor Default Resources/Icons/Toolbar/DragSelect_Off@2x.png using Guid(5e6ff351795476b48ad8deba60156b2e) Importer(2089858483,b0f066a214c2f5e87bad3c948f4d605d) (ScriptedImporter) -> (artifact id: '5bb772973dae58e337dd338301193b1f') in 0.0345272 seconds
Number of updated asset objects reloaded before import = 0Number of asset objects unloaded after import = 1

========================================================================
Received Import Request.
  Time since last request: 0.000040 seconds.
  path: Packages/com.unity.probuilder/Editor/Overlays/ProBuilderActionsOverlay.cs
  artifactKey: Guid(38bf16cc593d8244ba3e84f7339f7429) Importer(2089858483,b0f066a214c2f5e87bad3c948f4d605d)
Start importing Packages/com.unity.probuilder/Editor/Overlays/ProBuilderActionsOverlay.cs using Guid(38bf16cc593d8244ba3e84f7339f7429) Importer(2089858483,b0f066a214c2f5e87bad3c948f4d605d) (ScriptedImporter) -> (artifact id: 'af25bd6b53cfd73358cc2c4a1af82691') in 0.017032 seconds
Number of updated asset objects reloaded before import = 0Number of asset objects unloaded after import = 0

========================================================================
Received Import Request.
  Time since last request: 0.000020 seconds.
  path: Packages/com.unity.probuilder/Content
  artifactKey: Guid(04a0feda657064ccbb5cc36319dfcf16) Importer(2089858483,b0f066a214c2f5e87bad3c948f4d605d)
Start importing Packages/com.unity.probuilder/Content using Guid(04a0feda657064ccbb5cc36319dfcf16) Importer(2089858483,b0f066a214c2f5e87bad3c948f4d605d) (ScriptedImporter) -> (artifact id: '8c2258114cc75121505f2f417cfbefac') in 0.0176876 seconds
Number of updated asset objects reloaded before import = 0Number of asset objects unloaded after import = 1

========================================================================
Received Import Request.
  Time since last request: 0.000023 seconds.
  path: Packages/com.unity.probuilder/Editor Default Resources/Icons/Toolbar/Selection_ShiftSubtract@2x.png
  artifactKey: Guid(7124f373a1eceea45ba2932aaafb1c22) Importer(2089858483,b0f066a214c2f5e87bad3c948f4d605d)
Start importing Packages/com.unity.probuilder/Editor Default Resources/Icons/Toolbar/Selection_ShiftSubtract@2x.png using Guid(7124f373a1eceea45ba2932aaafb1c22) Importer(2089858483,b0f066a214c2f5e87bad3c948f4d605d) (ScriptedImporter) -> (artifact id: 'b40745a4cd22ab91383999bd26fd7264') in 0.0431132 seconds
Number of updated asset objects reloaded before import = 0Number of asset objects unloaded after import = 1

========================================================================
Received Import Request.
  Time since last request: 0.000043 seconds.
  path: Packages/com.unity.probuilder/Content/Shader/ProBuilderCG_URP.hlsl
  artifactKey: Guid(ee82fff19db555c45baac786068d84fe) Importer(2089858483,b0f066a214c2f5e87bad3c948f4d605d)
Start importing Packages/com.unity.probuilder/Content/Shader/ProBuilderCG_URP.hlsl using Guid(ee82fff19db555c45baac786068d84fe) Importer(2089858483,b0f066a214c2f5e87bad3c948f4d605d) (ScriptedImporter) -> (artifact id: 'c29510162fe2975de0e1814f0536bd71') in 0.0281007 seconds
Number of updated asset objects reloaded before import = 0Number of asset objects unloaded after import = 1

========================================================================
Received Import Request.
  Time since last request: 0.000068 seconds.
  path: Packages/com.unity.probuilder/Runtime/Shapes/Arch.cs
  artifactKey: Guid(cd9c9830c34380541ba162a9751bfb4e) Importer(2089858483,b0f066a214c2f5e87bad3c948f4d605d)
Start importing Packages/com.unity.probuilder/Runtime/Shapes/Arch.cs using Guid(cd9c9830c34380541ba162a9751bfb4e) Importer(2089858483,b0f066a214c2f5e87bad3c948f4d605d) (ScriptedImporter) -> (artifact id: 'e547e71ceace6096704b4070c2f2a3f4') in 0.0148535 seconds
Number of updated asset objects reloaded before import = 0Number of asset objects unloaded after import = 0

========================================================================
Received Import Request.
  Time since last request: 0.000023 seconds.
  path: Packages/com.unity.probuilder/Editor Default Resources/Icons/Tools/ShapeTool/Torus@2x.png
  artifactKey: Guid(d91534e08df177b4c8e68cebc2ed1e5a) Importer(2089858483,b0f066a214c2f5e87bad3c948f4d605d)
Start importing Packages/com.unity.probuilder/Editor Default Resources/Icons/Tools/ShapeTool/Torus@2x.png using Guid(d91534e08df177b4c8e68cebc2ed1e5a) Importer(2089858483,b0f066a214c2f5e87bad3c948f4d605d) (ScriptedImporter) -> (artifact id: '0a6bf4de57e385c8f477e32279a155a7') in 0.0347712 seconds
Number of updated asset objects reloaded before import = 0Number of asset objects unloaded after import = 1

========================================================================
Received Import Request.
  Time since last request: 0.000037 seconds.
  path: Packages/com.unity.probuilder/Editor/MenuActions/Geometry/BevelEdges.cs
  artifactKey: Guid(b7bd43b2e3e547199420eec1d903ff30) Importer(2089858483,b0f066a214c2f5e87bad3c948f4d605d)
Start importing Packages/com.unity.probuilder/Editor/MenuActions/Geometry/BevelEdges.cs using Guid(b7bd43b2e3e547199420eec1d903ff30) Importer(2089858483,b0f066a214c2f5e87bad3c948f4d605d) (ScriptedImporter) -> (artifact id: '035570800560ee3a5bef7cca260cda10') in 0.0207088 seconds
Number of updated asset objects reloaded before import = 0Number of asset objects unloaded after import = 0

========================================================================
Received Import Request.
  Time since last request: 0.000065 seconds.
  path: Packages/com.unity.probuilder/Runtime/Core/MeshHandle.cs
  artifactKey: Guid(1113544478cee6a4caafac0b3b7a06f1) Importer(2089858483,b0f066a214c2f5e87bad3c948f4d605d)
Start importing Packages/com.unity.probuilder/Runtime/Core/MeshHandle.cs using Guid(1113544478cee6a4caafac0b3b7a06f1) Importer(2089858483,b0f066a214c2f5e87bad3c948f4d605d) (ScriptedImporter) -> (artifact id: '051209a12342cc82ab6524486254d6c1') in 0.0200276 seconds
Number of updated asset objects reloaded before import = 0Number of asset objects unloaded after import = 0

========================================================================
Received Import Request.
  Time since last request: 0.000031 seconds.
  path: Packages/com.unity.probuilder/Editor Default Resources/Icons/Toolbar/OffsetElements_Light@2x.png
  artifactKey: Guid(dbe7eacd05ab92f448ea011eb93077b0) Importer(2089858483,b0f066a214c2f5e87bad3c948f4d605d)
Start importing Packages/com.unity.probuilder/Editor Default Resources/Icons/Toolbar/OffsetElements_Light@2x.png using Guid(dbe7eacd05ab92f448ea011eb93077b0) Importer(2089858483,b0f066a214c2f5e87bad3c948f4d605d) (ScriptedImporter) -> (artifact id: 'fe968acb6c7c6eae97f3d15805efbfae') in 0.0398913 seconds
Number of updated asset objects reloaded before import = 0Number of asset objects unloaded after import = 1

========================================================================
Received Import Request.
  Time since last request: 0.000022 seconds.
  path: Packages/com.unity.probuilder/Editor/EditorCore/TooltipEditor.cs
  artifactKey: Guid(d540a5c12642c5e40ba3b88fc8ae6c50) Importer(2089858483,b0f066a214c2f5e87bad3c948f4d605d)
Start importing Packages/com.unity.probuilder/Editor/EditorCore/TooltipEditor.cs using Guid(d540a5c12642c5e40ba3b88fc8ae6c50) Importer(2089858483,b0f066a214c2f5e87bad3c948f4d605d) (ScriptedImporter) -> (artifact id: 'dbec7ce79bf90672b3beaf94a16c5868') in 0.0196697 seconds
Number of updated asset objects reloaded before import = 0Number of asset objects unloaded after import = 0

========================================================================
Received Import Request.
  Time since last request: 0.000020 seconds.
  path: Packages/com.unity.probuilder/Editor Default Resources/Icons/Toolbar/Selection_SelectHidden-OFF_Light.png
  artifactKey: Guid(73ef265d8db78fe4794c34d9a33a382f) Importer(2089858483,b0f066a214c2f5e87bad3c948f4d605d)
Start importing Packages/com.unity.probuilder/Editor Default Resources/Icons/Toolbar/Selection_SelectHidden-OFF_Light.png using Guid(73ef265d8db78fe4794c34d9a33a382f) Importer(2089858483,b0f066a214c2f5e87bad3c948f4d605d) (ScriptedImporter) -> (artifact id: 'ecf45e58efd3a2e45ac259785089f6f2') in 0.0382468 seconds
Number of updated asset objects reloaded before import = 0Number of asset objects unloaded after import = 1

========================================================================
Received Import Request.
  Time since last request: 0.000062 seconds.
  path: Packages/com.unity.probuilder/Runtime/Core/FaceRebuildData.cs
  artifactKey: Guid(dfce99e9d622b416d8522fc504aa4459) Importer(2089858483,b0f066a214c2f5e87bad3c948f4d605d)
Start importing Packages/com.unity.probuilder/Runtime/Core/FaceRebuildData.cs using Guid(dfce99e9d622b416d8522fc504aa4459) Importer(2089858483,b0f066a214c2f5e87bad3c948f4d605d) (ScriptedImporter) -> (artifact id: 'e4747aaedb4a1f9a473a92173e491fcb') in 0.0182631 seconds
Number of updated asset objects reloaded before import = 0Number of asset objects unloaded after import = 0

========================================================================
Received Import Request.
  Time since last request: 0.000033 seconds.
  path: Packages/com.unity.probuilder/Editor Default Resources/Icons/Modes/ToolHandleGlobal.png
  artifactKey: Guid(681008edd290ad64b98a49b019d61684) Importer(2089858483,b0f066a214c2f5e87bad3c948f4d605d)
Start importing Packages/com.unity.probuilder/Editor Default Resources/Icons/Modes/ToolHandleGlobal.png using Guid(681008edd290ad64b98a49b019d61684) Importer(2089858483,b0f066a214c2f5e87bad3c948f4d605d) (ScriptedImporter) -> (artifact id: 'e5253467f6b15bae37a86f6f913ba964') in 0.0334036 seconds
Number of updated asset objects reloaded before import = 0Number of asset objects unloaded after import = 1

========================================================================
Received Import Request.
  Time since last request: 0.000047 seconds.
  path: Packages/com.unity.probuilder/Runtime
  artifactKey: Guid(d19941206035d4c6086b72f9ee148a9e) Importer(2089858483,b0f066a214c2f5e87bad3c948f4d605d)
Start importing Packages/com.unity.probuilder/Runtime using Guid(d19941206035d4c6086b72f9ee148a9e) Importer(2089858483,b0f066a214c2f5e87bad3c948f4d605d) (ScriptedImporter) -> (artifact id: 'bb88f697df8695d28d79d39d60d0b45d') in 0.0133982 seconds
Number of updated asset objects reloaded before import = 0Number of asset objects unloaded after import = 1

========================================================================
Received Import Request.
  Time since last request: 0.000027 seconds.
  path: Packages/com.unity.probuilder/Editor/MenuActions/Geometry/ExtrudeEdges.cs
  artifactKey: Guid(97626f417dcf4f68a68db312995f9e6b) Importer(2089858483,b0f066a214c2f5e87bad3c948f4d605d)
Start importing Packages/com.unity.probuilder/Editor/MenuActions/Geometry/ExtrudeEdges.cs using Guid(97626f417dcf4f68a68db312995f9e6b) Importer(2089858483,b0f066a214c2f5e87bad3c948f4d605d) (ScriptedImporter) -> (artifact id: 'c207c45817ef2eb54d96249c8e8f3398') in 0.0182034 seconds
Number of updated asset objects reloaded before import = 0Number of asset objects unloaded after import = 0

========================================================================
Received Import Request.
  Time since last request: 0.000030 seconds.
  path: Packages/com.unity.probuilder/Editor/EditorCore/ReflectionUtility.cs
  artifactKey: Guid(0108f8c9cba0ec64cb96fa884a3478bd) Importer(2089858483,b0f066a214c2f5e87bad3c948f4d605d)
Start importing Packages/com.unity.probuilder/Editor/EditorCore/ReflectionUtility.cs using Guid(0108f8c9cba0ec64cb96fa884a3478bd) Importer(2089858483,b0f066a214c2f5e87bad3c948f4d605d) (ScriptedImporter) -> (artifact id: '38ee5f0cbc7281f7754df80fdaf3d1ef') in 0.0148245 seconds
Number of updated asset objects reloaded before import = 0Number of asset objects unloaded after import = 0

========================================================================
Received Import Request.
  Time since last request: 0.000041 seconds.
  path: Packages/com.unity.probuilder/Editor Default Resources/Icons/Toolbar/Panel_UVEditor.png
  artifactKey: Guid(55fa51605a4cb4f1081d7ac92acfe939) Importer(2089858483,b0f066a214c2f5e87bad3c948f4d605d)
Start importing Packages/com.unity.probuilder/Editor Default Resources/Icons/Toolbar/Panel_UVEditor.png using Guid(55fa51605a4cb4f1081d7ac92acfe939) Importer(2089858483,b0f066a214c2f5e87bad3c948f4d605d) (ScriptedImporter) -> (artifact id: '1efeb902e56cc4732aea23cd9e0dc088') in 0.0312779 seconds
Number of updated asset objects reloaded before import = 0Number of asset objects unloaded after import = 1

========================================================================
Received Import Request.
  Time since last request: 0.000025 seconds.
  path: Packages/com.unity.probuilder/Editor Default Resources/Icons/Toolbar/AddShape@2x.png
  artifactKey: Guid(56daf956d2edb7e4b84f99bfbd52e2cf) Importer(2089858483,b0f066a214c2f5e87bad3c948f4d605d)
Start importing Packages/com.unity.probuilder/Editor Default Resources/Icons/Toolbar/AddShape@2x.png using Guid(56daf956d2edb7e4b84f99bfbd52e2cf) Importer(2089858483,b0f066a214c2f5e87bad3c948f4d605d) (ScriptedImporter) -> (artifact id: 'ab3d8199af91707c2ca733cc864227f4') in 0.0286338 seconds
Number of updated asset objects reloaded before import = 0Number of asset objects unloaded after import = 1

========================================================================
Received Import Request.
  Time since last request: 0.000021 seconds.
  path: Packages/com.unity.probuilder/Content/Upgrade/AssetIdRemap-4_0_0.json
  artifactKey: Guid(486ced85f39911d4bb63e583a3e2ef81) Importer(2089858483,b0f066a214c2f5e87bad3c948f4d605d)
Start importing Packages/com.unity.probuilder/Content/Upgrade/AssetIdRemap-4_0_0.json using Guid(486ced85f39911d4bb63e583a3e2ef81) Importer(2089858483,b0f066a214c2f5e87bad3c948f4d605d) (ScriptedImporter) -> (artifact id: '6b417f5b0e5ecbf66aee9538cbeef342') in 0.0291281 seconds
Number of updated asset objects reloaded before import = 0Number of asset objects unloaded after import = 1

========================================================================
Received Import Request.
  Time since last request: 0.000026 seconds.
  path: Packages/com.unity.probuilder/Editor/EditorCore/VersionValidator.cs
  artifactKey: Guid(89809d92ed2419a43b46b08b6f4237ba) Importer(2089858483,b0f066a214c2f5e87bad3c948f4d605d)
Start importing Packages/com.unity.probuilder/Editor/EditorCore/VersionValidator.cs using Guid(89809d92ed2419a43b46b08b6f4237ba) Importer(2089858483,b0f066a214c2f5e87bad3c948f4d605d) (ScriptedImporter) -> (artifact id: '24391302e6e24a6a6e39ebe666fef21f') in 0.020745 seconds
Number of updated asset objects reloaded before import = 0Number of asset objects unloaded after import = 0

========================================================================
Received Import Request.
  Time since last request: 0.000044 seconds.
  path: Packages/com.unity.probuilder/Editor Default Resources
  artifactKey: Guid(54d5e7771f2857646b1a7fcb9237991f) Importer(2089858483,b0f066a214c2f5e87bad3c948f4d605d)
Start importing Packages/com.unity.probuilder/Editor Default Resources using Guid(54d5e7771f2857646b1a7fcb9237991f) Importer(2089858483,b0f066a214c2f5e87bad3c948f4d605d) (ScriptedImporter) -> (artifact id: 'a5d61950269baa36e37a58d8c75402f4') in 0.019466 seconds
Number of updated asset objects reloaded before import = 0Number of asset objects unloaded after import = 1

========================================================================
Received Import Request.
  Time since last request: 0.000022 seconds.
  path: Packages/com.unity.probuilder/Runtime/Core/SelectionPickerRendererHDRP.cs
  artifactKey: Guid(5f130a448e6f0cc45bacc05a4653fc41) Importer(2089858483,b0f066a214c2f5e87bad3c948f4d605d)
Start importing Packages/com.unity.probuilder/Runtime/Core/SelectionPickerRendererHDRP.cs using Guid(5f130a448e6f0cc45bacc05a4653fc41) Importer(2089858483,b0f066a214c2f5e87bad3c948f4d605d) (ScriptedImporter) -> (artifact id: 'a824bdd076c0f26213d3206ea8cc1b82') in 0.0131121 seconds
Number of updated asset objects reloaded before import = 0Number of asset objects unloaded after import = 0

========================================================================
Received Import Request.
  Time since last request: 0.000042 seconds.
  path: Packages/com.unity.probuilder/Runtime/Shapes/Shape.cs
  artifactKey: Guid(b6f090373ec944f59a5423f485b2a776) Importer(2089858483,b0f066a214c2f5e87bad3c948f4d605d)
Start importing Packages/com.unity.probuilder/Runtime/Shapes/Shape.cs using Guid(b6f090373ec944f59a5423f485b2a776) Importer(2089858483,b0f066a214c2f5e87bad3c948f4d605d) (ScriptedImporter) -> (artifact id: '9fa55dd398e988f838e7c49ba30283a1') in 0.0154307 seconds
Number of updated asset objects reloaded before import = 0Number of asset objects unloaded after import = 0

========================================================================
Received Import Request.
  Time since last request: 0.000056 seconds.
  path: Packages/com.unity.probuilder/External/Poly2Tri/Triangulation/Delaunay/Sweep
  artifactKey: Guid(9db8260d0bbb07e4bb0356d0b21fbc20) Importer(2089858483,b0f066a214c2f5e87bad3c948f4d605d)
Start importing Packages/com.unity.probuilder/External/Poly2Tri/Triangulation/Delaunay/Sweep using Guid(9db8260d0bbb07e4bb0356d0b21fbc20) Importer(2089858483,b0f066a214c2f5e87bad3c948f4d605d) (ScriptedImporter) -> (artifact id: '40cfb6d663797710a28609f508f27cd1') in 0.0131617 seconds
Number of updated asset objects reloaded before import = 0Number of asset objects unloaded after import = 1

========================================================================
Received Import Request.
  Time since last request: 0.000075 seconds.
  path: Packages/com.unity.probuilder/Addons/readme.md
  artifactKey: Guid(775c13f8a03a14fcf9021cd73ff0377e) Importer(2089858483,b0f066a214c2f5e87bad3c948f4d605d)
Start importing Packages/com.unity.probuilder/Addons/readme.md using Guid(775c13f8a03a14fcf9021cd73ff0377e) Importer(2089858483,b0f066a214c2f5e87bad3c948f4d605d) (ScriptedImporter) -> (artifact id: '7eba7c357e7a8896d510264d99729024') in 0.0239716 seconds
Number of updated asset objects reloaded before import = 0Number of asset objects unloaded after import = 1

========================================================================
Received Import Request.
  Time since last request: 0.000060 seconds.
  path: Packages/com.unity.probuilder/Editor Default Resources/Icons/Toolbar/Mode_Face.png
  artifactKey: Guid(7f77ca82d147447829f8cf2f6b62c503) Importer(2089858483,b0f066a214c2f5e87bad3c948f4d605d)
Start importing Packages/com.unity.probuilder/Editor Default Resources/Icons/Toolbar/Mode_Face.png using Guid(7f77ca82d147447829f8cf2f6b62c503) Importer(2089858483,b0f066a214c2f5e87bad3c948f4d605d) (ScriptedImporter) -> (artifact id: '8f6ebe8ed58afd11d136edfa26096078') in 0.0283943 seconds
Number of updated asset objects reloaded before import = 0Number of asset objects unloaded after import = 1

========================================================================
Received Import Request.
  Time since last request: 0.000025 seconds.
  path: Packages/com.unity.probuilder/External/Poly2Tri/Triangulation/Delaunay/Sweep/DTSweepDebugContext.cs
  artifactKey: Guid(fe5e031b8d5fd9d43b054ae08c843652) Importer(2089858483,b0f066a214c2f5e87bad3c948f4d605d)
Start importing Packages/com.unity.probuilder/External/Poly2Tri/Triangulation/Delaunay/Sweep/DTSweepDebugContext.cs using Guid(fe5e031b8d5fd9d43b054ae08c843652) Importer(2089858483,b0f066a214c2f5e87bad3c948f4d605d) (ScriptedImporter) -> (artifact id: '574b901bddac1f3d9a0f98572b7dece5') in 0.0151596 seconds
Number of updated asset objects reloaded before import = 0Number of asset objects unloaded after import = 0

========================================================================
Received Import Request.
  Time since last request: 0.000054 seconds.
  path: Packages/com.unity.probuilder/Runtime/Shapes/ProBuilderShape.cs
  artifactKey: Guid(1ca002da428252441b92f28d83c8a65f) Importer(2089858483,b0f066a214c2f5e87bad3c948f4d605d)
Start importing Packages/com.unity.probuilder/Runtime/Shapes/ProBuilderShape.cs using Guid(1ca002da428252441b92f28d83c8a65f) Importer(2089858483,b0f066a214c2f5e87bad3c948f4d605d) (ScriptedImporter) -> (artifact id: '402fc49bed2118c1635b3cd94153344a') in 0.0144776 seconds
Number of updated asset objects reloaded before import = 0Number of asset objects unloaded after import = 0

========================================================================
Received Import Request.
  Time since last request: 0.000043 seconds.
  path: Packages/com.unity.probuilder/Editor Default Resources/Icons/Toolbar/ShowNextPage_Up_Light.png
  artifactKey: Guid(34379e6167521e8419425291807d4eb6) Importer(2089858483,b0f066a214c2f5e87bad3c948f4d605d)
Start importing Packages/com.unity.probuilder/Editor Default Resources/Icons/Toolbar/ShowNextPage_Up_Light.png using Guid(34379e6167521e8419425291807d4eb6) Importer(2089858483,b0f066a214c2f5e87bad3c948f4d605d) (ScriptedImporter) -> (artifact id: '5c761b0d3fe615e38df53417e24b6fd5') in 0.0274004 seconds
Number of updated asset objects reloaded before import = 0Number of asset objects unloaded after import = 1

========================================================================
Received Import Request.
  Time since last request: 0.000056 seconds.
  path: Packages/com.unity.probuilder/Editor Default Resources/Icons/Toolbar/Background/RoundedRect_Hover_BlueSteel.png
  artifactKey: Guid(a04610ef640d34da59cd697db80486b4) Importer(2089858483,b0f066a214c2f5e87bad3c948f4d605d)
Start importing Packages/com.unity.probuilder/Editor Default Resources/Icons/Toolbar/Background/RoundedRect_Hover_BlueSteel.png using Guid(a04610ef640d34da59cd697db80486b4) Importer(2089858483,b0f066a214c2f5e87bad3c948f4d605d) (ScriptedImporter) -> (artifact id: '7b9cb78ea22215bd2e485b9e0e738603') in 0.0280908 seconds
Number of updated asset objects reloaded before import = 0Number of asset objects unloaded after import = 1

========================================================================
Received Import Request.
  Time since last request: 0.000062 seconds.
  path: Packages/com.unity.probuilder/Editor Default Resources/Icons/Toolbar/Options.png
  artifactKey: Guid(62abaf77b3059466288eeb593d07d59a) Importer(2089858483,b0f066a214c2f5e87bad3c948f4d605d)
Start importing Packages/com.unity.probuilder/Editor Default Resources/Icons/Toolbar/Options.png using Guid(62abaf77b3059466288eeb593d07d59a) Importer(2089858483,b0f066a214c2f5e87bad3c948f4d605d) (ScriptedImporter) -> (artifact id: '7249b67175fea7cfe386ae7886ddbf51') in 0.031475 seconds
Number of updated asset objects reloaded before import = 0Number of asset objects unloaded after import = 1

========================================================================
Received Import Request.
  Time since last request: 0.000031 seconds.
  path: Packages/com.unity.probuilder/Runtime/Core/InternalUtility.cs
  artifactKey: Guid(9e11b000caeb5451a8d9160606edb8e5) Importer(2089858483,b0f066a214c2f5e87bad3c948f4d605d)
Start importing Packages/com.unity.probuilder/Runtime/Core/InternalUtility.cs using Guid(9e11b000caeb5451a8d9160606edb8e5) Importer(2089858483,b0f066a214c2f5e87bad3c948f4d605d) (ScriptedImporter) -> (artifact id: 'cbb31f1d11b24fff512bc47b7ffbc0ac') in 0.0140022 seconds
Number of updated asset objects reloaded before import = 0Number of asset objects unloaded after import = 0

========================================================================
Received Import Request.
  Time since last request: 0.000075 seconds.
  path: Packages/com.unity.probuilder/Editor Default Resources/Icons/Toolbar/Edge_Connect_Light.png
  artifactKey: Guid(ab80de466d2a6ce4887bceb1bcd2f52b) Importer(2089858483,b0f066a214c2f5e87bad3c948f4d605d)
Start importing Packages/com.unity.probuilder/Editor Default Resources/Icons/Toolbar/Edge_Connect_Light.png using Guid(ab80de466d2a6ce4887bceb1bcd2f52b) Importer(2089858483,b0f066a214c2f5e87bad3c948f4d605d) (ScriptedImporter) -> (artifact id: '6571efe3987ba09e8e60b60e20929895') in 0.0304548 seconds
Number of updated asset objects reloaded before import = 0Number of asset objects unloaded after import = 1

========================================================================
Received Import Request.
  Time since last request: 0.000037 seconds.
  path: Packages/com.unity.probuilder/Runtime/MeshOperations/DeleteElements.cs
  artifactKey: Guid(b300db76e48084b5680ab36214d3bea3) Importer(2089858483,b0f066a214c2f5e87bad3c948f4d605d)
Start importing Packages/com.unity.probuilder/Runtime/MeshOperations/DeleteElements.cs using Guid(b300db76e48084b5680ab36214d3bea3) Importer(2089858483,b0f066a214c2f5e87bad3c948f4d605d) (ScriptedImporter) -> (artifact id: 'e25aa753af66b96af4ae6a90412b6748') in 0.015401 seconds
Number of updated asset objects reloaded before import = 0Number of asset objects unloaded after import = 0

========================================================================
Received Import Request.
  Time since last request: 0.000023 seconds.
  path: Packages/com.unity.probuilder/Editor Default Resources/Icons/Tools/ShapeTool/d_Sphere.png
  artifactKey: Guid(354177b5c3a3c6240ada0b1db08cad55) Importer(2089858483,b0f066a214c2f5e87bad3c948f4d605d)
Start importing Packages/com.unity.probuilder/Editor Default Resources/Icons/Tools/ShapeTool/d_Sphere.png using Guid(354177b5c3a3c6240ada0b1db08cad55) Importer(2089858483,b0f066a214c2f5e87bad3c948f4d605d) (ScriptedImporter) -> (artifact id: '8b9176b21932670a6f7a5d3be7220ce7') in 0.0295556 seconds
Number of updated asset objects reloaded before import = 0Number of asset objects unloaded after import = 1

========================================================================
Received Import Request.
  Time since last request: 0.000023 seconds.
  path: Packages/com.unity.probuilder/Editor Default Resources/Icons/Toolbar/Selection_ShiftAdd.png
  artifactKey: Guid(355d6186c739f4e57b30cd51ded99471) Importer(2089858483,b0f066a214c2f5e87bad3c948f4d605d)
Start importing Packages/com.unity.probuilder/Editor Default Resources/Icons/Toolbar/Selection_ShiftAdd.png using Guid(355d6186c739f4e57b30cd51ded99471) Importer(2089858483,b0f066a214c2f5e87bad3c948f4d605d) (ScriptedImporter) -> (artifact id: '8ea7e1949e036792b775c6020a5c7f09') in 0.0424287 seconds
Number of updated asset objects reloaded before import = 0Number of asset objects unloaded after import = 1

========================================================================
Received Import Request.
  Time since last request: 0.000050 seconds.
  path: Packages/com.unity.probuilder/Editor/MenuActions/Editors/NewBezierShape.cs
  artifactKey: Guid(ed8e5003f1d14f718326765fbb042572) Importer(2089858483,b0f066a214c2f5e87bad3c948f4d605d)
Start importing Packages/com.unity.probuilder/Editor/MenuActions/Editors/NewBezierShape.cs using Guid(ed8e5003f1d14f718326765fbb042572) Importer(2089858483,b0f066a214c2f5e87bad3c948f4d605d) (ScriptedImporter) -> (artifact id: '1273ab42ad9478d7e3488c3215120cfe') in 0.0169442 seconds
Number of updated asset objects reloaded before import = 0Number of asset objects unloaded after import = 0

========================================================================
Received Import Request.
  Time since last request: 0.000053 seconds.
  path: Packages/com.unity.probuilder/Editor Default Resources/Icons/Toolbar/Object_Triangulate_Light@2x.png
  artifactKey: Guid(0dd388c9d806b4647991044810cc5e04) Importer(2089858483,b0f066a214c2f5e87bad3c948f4d605d)
Start importing Packages/com.unity.probuilder/Editor Default Resources/Icons/Toolbar/Object_Triangulate_Light@2x.png using Guid(0dd388c9d806b4647991044810cc5e04) Importer(2089858483,b0f066a214c2f5e87bad3c948f4d605d) (ScriptedImporter) -> (artifact id: '5f22d219e6a3e95e2b7f9faaa7c20dbc') in 0.0284944 seconds
Number of updated asset objects reloaded before import = 0Number of asset objects unloaded after import = 1

========================================================================
Received Import Request.
  Time since last request: 0.000024 seconds.
  path: Packages/com.unity.probuilder/Runtime/Core/ProGridsIgnoreSnap.cs
  artifactKey: Guid(599cab2fb037142fd9fe246b0b364bc1) Importer(2089858483,b0f066a214c2f5e87bad3c948f4d605d)
Start importing Packages/com.unity.probuilder/Runtime/Core/ProGridsIgnoreSnap.cs using Guid(599cab2fb037142fd9fe246b0b364bc1) Importer(2089858483,b0f066a214c2f5e87bad3c948f4d605d) (ScriptedImporter) -> (artifact id: '64d4072ef8a626f6f71201abfc5fa4b2') in 0.0131692 seconds
Number of updated asset objects reloaded before import = 0Number of asset objects unloaded after import = 0

========================================================================
Received Import Request.
  Time since last request: 0.000047 seconds.
  path: Packages/com.unity.probuilder/Editor Default Resources/Icons/EditableMesh/EditableMesh@2x.png
  artifactKey: Guid(92a3044c9aa7fa34fbd0484468efa4b8) Importer(2089858483,b0f066a214c2f5e87bad3c948f4d605d)
Start importing Packages/com.unity.probuilder/Editor Default Resources/Icons/EditableMesh/EditableMesh@2x.png using Guid(92a3044c9aa7fa34fbd0484468efa4b8) Importer(2089858483,b0f066a214c2f5e87bad3c948f4d605d) (ScriptedImporter) -> (artifact id: '14691de83cca4d511e1cdff7a23592c8') in 0.0292848 seconds
Number of updated asset objects reloaded before import = 0Number of asset objects unloaded after import = 1

========================================================================
Received Import Request.
  Time since last request: 0.000079 seconds.
  path: Packages/com.unity.probuilder/Editor Default Resources/Icons/Tools/ShapeTool/d_Cube.png
  artifactKey: Guid(f68aa976d94493849a1f2aa2aff482ee) Importer(2089858483,b0f066a214c2f5e87bad3c948f4d605d)
Start importing Packages/com.unity.probuilder/Editor Default Resources/Icons/Tools/ShapeTool/d_Cube.png using Guid(f68aa976d94493849a1f2aa2aff482ee) Importer(2089858483,b0f066a214c2f5e87bad3c948f4d605d) (ScriptedImporter) -> (artifact id: '7cbec8882fa5c64a30d5b9944a870504') in 0.0269689 seconds
Number of updated asset objects reloaded before import = 0Number of asset objects unloaded after import = 1

========================================================================
Received Import Request.
  Time since last request: 0.000055 seconds.
  path: Packages/com.unity.probuilder/Editor Default Resources/Icons/Toolbar/Pivot_DirectEdit.png
  artifactKey: Guid(1fb428ccc95fd406e89e0777f619cf2d) Importer(2089858483,b0f066a214c2f5e87bad3c948f4d605d)
Start importing Packages/com.unity.probuilder/Editor Default Resources/Icons/Toolbar/Pivot_DirectEdit.png using Guid(1fb428ccc95fd406e89e0777f619cf2d) Importer(2089858483,b0f066a214c2f5e87bad3c948f4d605d) (ScriptedImporter) -> (artifact id: 'a3c7c55d88c63d9ac7df439cb20266cf') in 0.0383374 seconds
Number of updated asset objects reloaded before import = 0Number of asset objects unloaded after import = 1

========================================================================
Received Import Request.
  Time since last request: 0.000031 seconds.
  path: Packages/com.unity.probuilder/Editor Default Resources/Icons/Toolbar/d_DragSelect_Off@2x.png
  artifactKey: Guid(3da24df0b924919449556c0e1b91f83d) Importer(2089858483,b0f066a214c2f5e87bad3c948f4d605d)
Start importing Packages/com.unity.probuilder/Editor Default Resources/Icons/Toolbar/d_DragSelect_Off@2x.png using Guid(3da24df0b924919449556c0e1b91f83d) Importer(2089858483,b0f066a214c2f5e87bad3c948f4d605d) (ScriptedImporter) -> (artifact id: '19877d2e7ac1b8abc47868cb75377482') in 0.0347913 seconds
Number of updated asset objects reloaded before import = 0Number of asset objects unloaded after import = 1

========================================================================
Received Import Request.
  Time since last request: 0.000038 seconds.
  path: Packages/com.unity.probuilder/External/KdTree/KdTreeLib/AssemblyInfo.cs
  artifactKey: Guid(bb4dcd11679b340ee8a7afb51cb0ccfc) Importer(2089858483,b0f066a214c2f5e87bad3c948f4d605d)
Start importing Packages/com.unity.probuilder/External/KdTree/KdTreeLib/AssemblyInfo.cs using Guid(bb4dcd11679b340ee8a7afb51cb0ccfc) Importer(2089858483,b0f066a214c2f5e87bad3c948f4d605d) (ScriptedImporter) -> (artifact id: '516d96e9865f185afc19adc018ce6ea6') in 0.0158455 seconds
Number of updated asset objects reloaded before import = 0Number of asset objects unloaded after import = 0

========================================================================
Received Import Request.
  Time since last request: 0.000021 seconds.
  path: Packages/com.unity.probuilder/Runtime/Core/Changelog.cs
  artifactKey: Guid(1c567d9c5b825d24ba6a00bef45ec0dc) Importer(2089858483,b0f066a214c2f5e87bad3c948f4d605d)
Start importing Packages/com.unity.probuilder/Runtime/Core/Changelog.cs using Guid(1c567d9c5b825d24ba6a00bef45ec0dc) Importer(2089858483,b0f066a214c2f5e87bad3c948f4d605d) (ScriptedImporter) -> (artifact id: '91c3641825bfebd23a6cdff8b46ea463') in 0.0199867 seconds
Number of updated asset objects reloaded before import = 0Number of asset objects unloaded after import = 0

========================================================================
Received Import Request.
  Time since last request: 0.000020 seconds.
  path: Packages/com.unity.probuilder/Editor Default Resources/Icons/Toolbar/Face_Subdivide.png
  artifactKey: Guid(f39740293786844af83a632bff1665d9) Importer(2089858483,b0f066a214c2f5e87bad3c948f4d605d)
Start importing Packages/com.unity.probuilder/Editor Default Resources/Icons/Toolbar/Face_Subdivide.png using Guid(f39740293786844af83a632bff1665d9) Importer(2089858483,b0f066a214c2f5e87bad3c948f4d605d) (ScriptedImporter) -> (artifact id: 'fc6f0dc5176a126af66ad879bc32dd70') in 0.0319939 seconds
Number of updated asset objects reloaded before import = 0Number of asset objects unloaded after import = 1

========================================================================
Received Import Request.
  Time since last request: 0.000026 seconds.
  path: Packages/com.unity.probuilder/Editor Default Resources/Icons/Toolbar/Edge_Extrude_Light@2x.png
  artifactKey: Guid(14765d06e9fcba64da3cd1c65f3d7add) Importer(2089858483,b0f066a214c2f5e87bad3c948f4d605d)
Start importing Packages/com.unity.probuilder/Editor Default Resources/Icons/Toolbar/Edge_Extrude_Light@2x.png using Guid(14765d06e9fcba64da3cd1c65f3d7add) Importer(2089858483,b0f066a214c2f5e87bad3c948f4d605d) (ScriptedImporter) -> (artifact id: '900054f1f8352757e9ca09a16511fc59') in 0.0251262 seconds
Number of updated asset objects reloaded before import = 0Number of asset objects unloaded after import = 1

========================================================================
Received Import Request.
  Time since last request: 0.000068 seconds.
  path: Packages/com.unity.probuilder/Editor Default Resources/Icons/Toolbar/ShowNextPage_Right_Light.png
  artifactKey: Guid(c7cfbb6e2159cdc43bee4940db15b1ad) Importer(2089858483,b0f066a214c2f5e87bad3c948f4d605d)
Start importing Packages/com.unity.probuilder/Editor Default Resources/Icons/Toolbar/ShowNextPage_Right_Light.png using Guid(c7cfbb6e2159cdc43bee4940db15b1ad) Importer(2089858483,b0f066a214c2f5e87bad3c948f4d605d) (ScriptedImporter) -> (artifact id: '9b54057859878ede43038cf6eb01b06b') in 0.0344034 seconds
Number of updated asset objects reloaded before import = 0Number of asset objects unloaded after import = 1

========================================================================
Received Import Request.
  Time since last request: 0.000045 seconds.
  path: Packages/com.unity.probuilder/Editor Default Resources/Icons/Toolbar/Mode_Edge.png
  artifactKey: Guid(1cedd028e2b934968a4badb229f3bbfa) Importer(2089858483,b0f066a214c2f5e87bad3c948f4d605d)
Start importing Packages/com.unity.probuilder/Editor Default Resources/Icons/Toolbar/Mode_Edge.png using Guid(1cedd028e2b934968a4badb229f3bbfa) Importer(2089858483,b0f066a214c2f5e87bad3c948f4d605d) (ScriptedImporter) -> (artifact id: 'e2bf404dade045a028767234e25aab32') in 0.0346301 seconds
Number of updated asset objects reloaded before import = 0Number of asset objects unloaded after import = 1

========================================================================
Received Import Request.
  Time since last request: 0.000023 seconds.
  path: Packages/com.unity.probuilder/Editor Default Resources/Icons/Toolbar/Face_Duplicate_Light@2x.png
  artifactKey: Guid(a3c360a62813d2f4a9f4a0a2d4d40b0b) Importer(2089858483,b0f066a214c2f5e87bad3c948f4d605d)
Start importing Packages/com.unity.probuilder/Editor Default Resources/Icons/Toolbar/Face_Duplicate_Light@2x.png using Guid(a3c360a62813d2f4a9f4a0a2d4d40b0b) Importer(2089858483,b0f066a214c2f5e87bad3c948f4d605d) (ScriptedImporter) -> (artifact id: 'd607c168282f9e07630d01af3394dde4') in 0.032102 seconds
Number of updated asset objects reloaded before import = 0Number of asset objects unloaded after import = 1

========================================================================
Received Import Request.
  Time since last request: 0.000062 seconds.
  path: Packages/com.unity.probuilder/Editor Default Resources/Icons/Toolbar/Edge_Subdivide.png
  artifactKey: Guid(03784ef963c4741f1a1766dff98f093c) Importer(2089858483,b0f066a214c2f5e87bad3c948f4d605d)
Start importing Packages/com.unity.probuilder/Editor Default Resources/Icons/Toolbar/Edge_Subdivide.png using Guid(03784ef963c4741f1a1766dff98f093c) Importer(2089858483,b0f066a214c2f5e87bad3c948f4d605d) (ScriptedImporter) -> (artifact id: '6677e6bee0defa31747e431f41688aeb') in 0.0333418 seconds
Number of updated asset objects reloaded before import = 0Number of asset objects unloaded after import = 1

========================================================================
Received Import Request.
  Time since last request: 0.000033 seconds.
  path: Packages/com.unity.probuilder/Runtime/Core/SemVer.cs
  artifactKey: Guid(daab597c96b98b840aff1e885c4ca0f0) Importer(2089858483,b0f066a214c2f5e87bad3c948f4d605d)
Start importing Packages/com.unity.probuilder/Runtime/Core/SemVer.cs using Guid(daab597c96b98b840aff1e885c4ca0f0) Importer(2089858483,b0f066a214c2f5e87bad3c948f4d605d) (ScriptedImporter) -> (artifact id: '79d68da6acfe35b23926584dd09b3808') in 0.0194438 seconds
Number of updated asset objects reloaded before import = 0Number of asset objects unloaded after import = 0

========================================================================
Received Import Request.
  Time since last request: 0.000026 seconds.
  path: Packages/com.unity.probuilder/Editor Default Resources/Icons/Tools/ShapeTool/on/Cylinder@2x.png
  artifactKey: Guid(3611cb5bea2b4d9488737fa791c48a5c) Importer(2089858483,b0f066a214c2f5e87bad3c948f4d605d)
Start importing Packages/com.unity.probuilder/Editor Default Resources/Icons/Tools/ShapeTool/on/Cylinder@2x.png using Guid(3611cb5bea2b4d9488737fa791c48a5c) Importer(2089858483,b0f066a214c2f5e87bad3c948f4d605d) (ScriptedImporter) -> (artifact id: 'aa6feba5e579a5bf63f03b9dc754f7ed') in 0.0335292 seconds
Number of updated asset objects reloaded before import = 0Number of asset objects unloaded after import = 1

========================================================================
Received Import Request.
  Time since last request: 0.000048 seconds.
  path: Packages/com.unity.probuilder/Editor Default Resources/Icons/Toolbar/Face_Merge@2x.png
  artifactKey: Guid(07b14b1163d6b8d44a4eefb0025f6acb) Importer(2089858483,b0f066a214c2f5e87bad3c948f4d605d)
Start importing Packages/com.unity.probuilder/Editor Default Resources/Icons/Toolbar/Face_Merge@2x.png using Guid(07b14b1163d6b8d44a4eefb0025f6acb) Importer(2089858483,b0f066a214c2f5e87bad3c948f4d605d) (ScriptedImporter) -> (artifact id: '932b297a667d2870668f0521d8ad3eb9') in 0.0266687 seconds
Number of updated asset objects reloaded before import = 0Number of asset objects unloaded after import = 1

========================================================================
Received Import Request.
  Time since last request: 0.000054 seconds.
  path: Packages/com.unity.probuilder/Editor/EditorCore/HandleGUI.cs
  artifactKey: Guid(8b73fbc8867750541be154ed40569dea) Importer(2089858483,b0f066a214c2f5e87bad3c948f4d605d)
Start importing Packages/com.unity.probuilder/Editor/EditorCore/HandleGUI.cs using Guid(8b73fbc8867750541be154ed40569dea) Importer(2089858483,b0f066a214c2f5e87bad3c948f4d605d) (ScriptedImporter) -> (artifact id: '85ff22338b5011e8b8499610eda1eb6c') in 0.0155637 seconds
Number of updated asset objects reloaded before import = 0Number of asset objects unloaded after import = 0

========================================================================
Received Import Request.
  Time since last request: 0.000079 seconds.
  path: Packages/com.unity.probuilder/External/StlExporter/Code
  artifactKey: Guid(a4b6fa9dcb27fb9449331018a9db0c0c) Importer(2089858483,b0f066a214c2f5e87bad3c948f4d605d)
Start importing Packages/com.unity.probuilder/External/StlExporter/Code using Guid(a4b6fa9dcb27fb9449331018a9db0c0c) Importer(2089858483,b0f066a214c2f5e87bad3c948f4d605d) (ScriptedImporter) -> (artifact id: 'bc426385a635ad25bae8ec38e8d6aefe') in 0.0149293 seconds
Number of updated asset objects reloaded before import = 0Number of asset objects unloaded after import = 1

========================================================================
Received Import Request.
  Time since last request: 0.000029 seconds.
  path: Packages/com.unity.probuilder/Runtime/Core/ColorPalette.cs
  artifactKey: Guid(dda436a9c8bbd4d109478acf25cd48d8) Importer(2089858483,b0f066a214c2f5e87bad3c948f4d605d)
Start importing Packages/com.unity.probuilder/Runtime/Core/ColorPalette.cs using Guid(dda436a9c8bbd4d109478acf25cd48d8) Importer(2089858483,b0f066a214c2f5e87bad3c948f4d605d) (ScriptedImporter) -> (artifact id: '3264d7cd221a6188e354bea10ca88be6') in 0.0201216 seconds
Number of updated asset objects reloaded before import = 0Number of asset objects unloaded after import = 0

========================================================================
Received Import Request.
  Time since last request: 0.000021 seconds.
  path: Packages/com.unity.probuilder/Editor Default Resources/Icons/Toolbar/HandleAlign_Custom.png
  artifactKey: Guid(1ca3f1b1d9b7b4e63bcb89526f13507d) Importer(2089858483,b0f066a214c2f5e87bad3c948f4d605d)
Start importing Packages/com.unity.probuilder/Editor Default Resources/Icons/Toolbar/HandleAlign_Custom.png using Guid(1ca3f1b1d9b7b4e63bcb89526f13507d) Importer(2089858483,b0f066a214c2f5e87bad3c948f4d605d) (ScriptedImporter) -> (artifact id: '4985758635e7597dda689cb2ae0283cd') in 0.034746 seconds
Number of updated asset objects reloaded before import = 0Number of asset objects unloaded after import = 1

========================================================================
Received Import Request.
  Time since last request: 0.000024 seconds.
  path: Packages/com.unity.probuilder/Editor Default Resources/Icons/Modes/Mode_Vertex@2x.png
  artifactKey: Guid(e3ca76e04e5a4dc44ae1118d1bab31ca) Importer(2089858483,b0f066a214c2f5e87bad3c948f4d605d)
Start importing Packages/com.unity.probuilder/Editor Default Resources/Icons/Modes/Mode_Vertex@2x.png using Guid(e3ca76e04e5a4dc44ae1118d1bab31ca) Importer(2089858483,b0f066a214c2f5e87bad3c948f4d605d) (ScriptedImporter) -> (artifact id: '30979b20cffa97279670cb61318fc971') in 0.0375882 seconds
Number of updated asset objects reloaded before import = 0Number of asset objects unloaded after import = 1

========================================================================
Received Import Request.
  Time since last request: 0.000034 seconds.
  path: Packages/com.unity.probuilder/Editor Default Resources/Icons/Toolbar/Selection_SelectByMaterial_Light@2x.png
  artifactKey: Guid(5f1d7bf745ae0834d85c87d9321fb0aa) Importer(2089858483,b0f066a214c2f5e87bad3c948f4d605d)
Start importing Packages/com.unity.probuilder/Editor Default Resources/Icons/Toolbar/Selection_SelectByMaterial_Light@2x.png using Guid(5f1d7bf745ae0834d85c87d9321fb0aa) Importer(2089858483,b0f066a214c2f5e87bad3c948f4d605d) (ScriptedImporter) -> (artifact id: '4334f8e7638bd9009e3318233540298a') in 0.0365543 seconds
Number of updated asset objects reloaded before import = 0Number of asset objects unloaded after import = 1

========================================================================
Received Import Request.
  Time since last request: 0.000027 seconds.
  path: Packages/com.unity.probuilder/Editor Default Resources/Icons/Toolbar/Pivot_CenterOnObject_Light@2x.png
  artifactKey: Guid(98b964740da31414aabd53490b995fb5) Importer(2089858483,b0f066a214c2f5e87bad3c948f4d605d)
Start importing Packages/com.unity.probuilder/Editor Default Resources/Icons/Toolbar/Pivot_CenterOnObject_Light@2x.png using Guid(98b964740da31414aabd53490b995fb5) Importer(2089858483,b0f066a214c2f5e87bad3c948f4d605d) (ScriptedImporter) -> (artifact id: '801374439632d56fe5cd93bf78284acb') in 0.0355536 seconds
Number of updated asset objects reloaded before import = 0Number of asset objects unloaded after import = 1

========================================================================
Received Import Request.
  Time since last request: 0.000023 seconds.
  path: Packages/com.unity.probuilder/Editor/EditorCore/ProBuilderEditor.cs
  artifactKey: Guid(6c262c1329a02fa49b5cb4c297106f3f) Importer(2089858483,b0f066a214c2f5e87bad3c948f4d605d)
Start importing Packages/com.unity.probuilder/Editor/EditorCore/ProBuilderEditor.cs using Guid(6c262c1329a02fa49b5cb4c297106f3f) Importer(2089858483,b0f066a214c2f5e87bad3c948f4d605d) (ScriptedImporter) -> (artifact id: '24d4ed7365f6345eb45cbc827a0a5e7d') in 0.0217458 seconds
Number of updated asset objects reloaded before import = 0Number of asset objects unloaded after import = 0

========================================================================
Received Import Request.
  Time since last request: 0.000035 seconds.
  path: Packages/com.unity.probuilder/Editor/EditorCore/FileUtility.cs
  artifactKey: Guid(b360b08870ee97249b28c408f0d1e0d8) Importer(2089858483,b0f066a214c2f5e87bad3c948f4d605d)
Start importing Packages/com.unity.probuilder/Editor/EditorCore/FileUtility.cs using Guid(b360b08870ee97249b28c408f0d1e0d8) Importer(2089858483,b0f066a214c2f5e87bad3c948f4d605d) (ScriptedImporter) -> (artifact id: '21e9d1bc70573df0d8ad34dc3388179d') in 0.0191996 seconds
Number of updated asset objects reloaded before import = 0Number of asset objects unloaded after import = 0

========================================================================
Received Import Request.
  Time since last request: 0.000075 seconds.
  path: Packages/com.unity.probuilder/Editor Default Resources/Icons/Toolbar/Face_Subdivide@2x.png
  artifactKey: Guid(21eddf20f88fa8442b759bd2085baee6) Importer(2089858483,b0f066a214c2f5e87bad3c948f4d605d)
Start importing Packages/com.unity.probuilder/Editor Default Resources/Icons/Toolbar/Face_Subdivide@2x.png using Guid(21eddf20f88fa8442b759bd2085baee6) Importer(2089858483,b0f066a214c2f5e87bad3c948f4d605d) (ScriptedImporter) -> (artifact id: '689bd1530f02adaea1c11c367cbe2c29') in 0.034136 seconds
Number of updated asset objects reloaded before import = 0Number of asset objects unloaded after import = 1

========================================================================
Received Import Request.
  Time since last request: 0.000033 seconds.
  path: Packages/com.unity.probuilder/Editor Default Resources/Icons/Toolbar/Face_Duplicate.png
  artifactKey: Guid(873f5a608d94f1a41950dd475505ac99) Importer(2089858483,b0f066a214c2f5e87bad3c948f4d605d)
Start importing Packages/com.unity.probuilder/Editor Default Resources/Icons/Toolbar/Face_Duplicate.png using Guid(873f5a608d94f1a41950dd475505ac99) Importer(2089858483,b0f066a214c2f5e87bad3c948f4d605d) (ScriptedImporter) -> (artifact id: '499604338ba8e3de89967c9140a3e675') in 0.0311306 seconds
Number of updated asset objects reloaded before import = 0Number of asset objects unloaded after import = 1

========================================================================
Received Import Request.
  Time since last request: 0.000046 seconds.
  path: Packages/com.unity.probuilder/External/KdTree/Unity.ProBuilder.KdTree.asmdef
  artifactKey: Guid(1c49da3d3671a1748aea5347c1176d2e) Importer(2089858483,b0f066a214c2f5e87bad3c948f4d605d)
Start importing Packages/com.unity.probuilder/External/KdTree/Unity.ProBuilder.KdTree.asmdef using Guid(1c49da3d3671a1748aea5347c1176d2e) Importer(2089858483,b0f066a214c2f5e87bad3c948f4d605d) (ScriptedImporter) -> (artifact id: 'a81d8036e27dd15a66eea74b2d553353') in 0.0249213 seconds
Number of updated asset objects reloaded before import = 0Number of asset objects unloaded after import = 1

========================================================================
Received Import Request.
  Time since last request: 0.000054 seconds.
  path: Packages/com.unity.probuilder/Editor Default Resources/Icons/Toolbar/DragSelect_Off_Light@2x.png
  artifactKey: Guid(2142b99d85d84074d8f199f0997f2781) Importer(2089858483,b0f066a214c2f5e87bad3c948f4d605d)
Start importing Packages/com.unity.probuilder/Editor Default Resources/Icons/Toolbar/DragSelect_Off_Light@2x.png using Guid(2142b99d85d84074d8f199f0997f2781) Importer(2089858483,b0f066a214c2f5e87bad3c948f4d605d) (ScriptedImporter) -> (artifact id: '2207853894363f60c5e11358acb057c2') in 0.0259162 seconds
Number of updated asset objects reloaded before import = 0Number of asset objects unloaded after import = 1

========================================================================
Received Import Request.
  Time since last request: 0.000038 seconds.
  path: Packages/com.unity.probuilder/External/Poly2Tri/Triangulation/Delaunay/Sweep/DTSweepConstraint.cs
  artifactKey: Guid(2efa3d03c26294747aaa61c2a09ac41f) Importer(2089858483,b0f066a214c2f5e87bad3c948f4d605d)
Start importing Packages/com.unity.probuilder/External/Poly2Tri/Triangulation/Delaunay/Sweep/DTSweepConstraint.cs using Guid(2efa3d03c26294747aaa61c2a09ac41f) Importer(2089858483,b0f066a214c2f5e87bad3c948f4d605d) (ScriptedImporter) -> (artifact id: '6ec3f2516f1a9cdcd1976e4ce3bd1748') in 0.0131775 seconds
Number of updated asset objects reloaded before import = 0Number of asset objects unloaded after import = 0

========================================================================
Received Import Request.
  Time since last request: 0.000031 seconds.
  path: Packages/com.unity.probuilder/Editor Default Resources/Icons/Toolbar/Panel_UVEditor_Light.png
  artifactKey: Guid(c9133fe6b5b24534a9a105d439b28d55) Importer(2089858483,b0f066a214c2f5e87bad3c948f4d605d)
Start importing Packages/com.unity.probuilder/Editor Default Resources/Icons/Toolbar/Panel_UVEditor_Light.png using Guid(c9133fe6b5b24534a9a105d439b28d55) Importer(2089858483,b0f066a214c2f5e87bad3c948f4d605d) (ScriptedImporter) -> (artifact id: '5ce72f2f8d3517b8791ad4d21498b53e') in 0.0268611 seconds
Number of updated asset objects reloaded before import = 0Number of asset objects unloaded after import = 1

========================================================================
Received Import Request.
  Time since last request: 0.000055 seconds.
  path: Packages/com.unity.probuilder/Editor Default Resources/Icons/Tools/ShapeTool/d_Pipe@2x.png
  artifactKey: Guid(3c77b7d7df7f49246b97160432e639fd) Importer(2089858483,b0f066a214c2f5e87bad3c948f4d605d)
Start importing Packages/com.unity.probuilder/Editor Default Resources/Icons/Tools/ShapeTool/d_Pipe@2x.png using Guid(3c77b7d7df7f49246b97160432e639fd) Importer(2089858483,b0f066a214c2f5e87bad3c948f4d605d) (ScriptedImporter) -> (artifact id: 'e4f950efe657a79e93cff7237020d598') in 0.0330741 seconds
Number of updated asset objects reloaded before import = 0Number of asset objects unloaded after import = 1

========================================================================
Received Import Request.
  Time since last request: 0.000034 seconds.
  path: Packages/com.unity.probuilder/Editor Default Resources/Icons/Toolbar/Selection_Shrink@2x.png
  artifactKey: Guid(1154f1a2d47c8624d940f9815365410f) Importer(2089858483,b0f066a214c2f5e87bad3c948f4d605d)
Start importing Packages/com.unity.probuilder/Editor Default Resources/Icons/Toolbar/Selection_Shrink@2x.png using Guid(1154f1a2d47c8624d940f9815365410f) Importer(2089858483,b0f066a214c2f5e87bad3c948f4d605d) (ScriptedImporter) -> (artifact id: 'd177094c53cba1f96619269dc6d9026e') in 0.0326676 seconds
Number of updated asset objects reloaded before import = 0Number of asset objects unloaded after import = 1

========================================================================
Received Import Request.
  Time since last request: 0.000033 seconds.
  path: Packages/com.unity.probuilder/Runtime/MeshOperations/UV/UVEditing.cs
  artifactKey: Guid(a0ed74e97865f42cfbce844278aa8b52) Importer(2089858483,b0f066a214c2f5e87bad3c948f4d605d)
Start importing Packages/com.unity.probuilder/Runtime/MeshOperations/UV/UVEditing.cs using Guid(a0ed74e97865f42cfbce844278aa8b52) Importer(2089858483,b0f066a214c2f5e87bad3c948f4d605d) (ScriptedImporter) -> (artifact id: '5599ad602a765405bb0c87be958c369f') in 0.0170241 seconds
Number of updated asset objects reloaded before import = 0Number of asset objects unloaded after import = 0

========================================================================
Received Import Request.
  Time since last request: 0.000023 seconds.
  path: Packages/com.unity.probuilder/Editor Default Resources/Icons/Toolbar/Edge_Bridge.png
  artifactKey: Guid(86df48ebe590a464486ff944ad379b43) Importer(2089858483,b0f066a214c2f5e87bad3c948f4d605d)
Start importing Packages/com.unity.probuilder/Editor Default Resources/Icons/Toolbar/Edge_Bridge.png using Guid(86df48ebe590a464486ff944ad379b43) Importer(2089858483,b0f066a214c2f5e87bad3c948f4d605d) (ScriptedImporter) -> (artifact id: 'da9d02a5cd34bc87ca76dae2b81fcedd') in 0.0363594 seconds
Number of updated asset objects reloaded before import = 0Number of asset objects unloaded after import = 1

========================================================================
Received Import Request.
  Time since last request: 0.000021 seconds.
  path: Packages/com.unity.probuilder/Editor Default Resources/Icons/UVEditor/ProBuilderGUI_UV_Manip_On.png
  artifactKey: Guid(eb541c72b12c34a2d8ddadcb283b889e) Importer(2089858483,b0f066a214c2f5e87bad3c948f4d605d)
Start importing Packages/com.unity.probuilder/Editor Default Resources/Icons/UVEditor/ProBuilderGUI_UV_Manip_On.png using Guid(eb541c72b12c34a2d8ddadcb283b889e) Importer(2089858483,b0f066a214c2f5e87bad3c948f4d605d) (ScriptedImporter) -> (artifact id: 'dda8cb48ec2ae69f8f9fbe96c26bda77') in 0.0354531 seconds
Number of updated asset objects reloaded before import = 0Number of asset objects unloaded after import = 1

========================================================================
Received Import Request.
  Time since last request: 0.000023 seconds.
  path: Packages/com.unity.probuilder/Editor/EditorCore/ShapeMenuItems.cs
  artifactKey: Guid(4cc9cf63877040dea25dc65e54f3c9d5) Importer(2089858483,b0f066a214c2f5e87bad3c948f4d605d)
Start importing Packages/com.unity.probuilder/Editor/EditorCore/ShapeMenuItems.cs using Guid(4cc9cf63877040dea25dc65e54f3c9d5) Importer(2089858483,b0f066a214c2f5e87bad3c948f4d605d) (ScriptedImporter) -> (artifact id: '8133a11f8e1e0f7a9baf3e475d7f019a') in 0.0194688 seconds
Number of updated asset objects reloaded before import = 0Number of asset objects unloaded after import = 0

========================================================================
Received Import Request.
  Time since last request: 0.000034 seconds.
  path: Packages/com.unity.probuilder/Runtime/Core/Normal.cs
  artifactKey: Guid(9b0cf5260e6d70b428dab29748b1b3fe) Importer(2089858483,b0f066a214c2f5e87bad3c948f4d605d)
Start importing Packages/com.unity.probuilder/Runtime/Core/Normal.cs using Guid(9b0cf5260e6d70b428dab29748b1b3fe) Importer(2089858483,b0f066a214c2f5e87bad3c948f4d605d) (ScriptedImporter) -> (artifact id: 'e2f2aef1f32a3d7ebe0e71b60ab31372') in 0.0185821 seconds
Number of updated asset objects reloaded before import = 0Number of asset objects unloaded after import = 0

========================================================================
Received Import Request.
  Time since last request: 0.000021 seconds.
  path: Packages/com.unity.probuilder/Editor Default Resources/Icons/Tools/ShapeTool/Capsule.png
  artifactKey: Guid(8751686afdf688e4d80b989236c74d94) Importer(2089858483,b0f066a214c2f5e87bad3c948f4d605d)
Start importing Packages/com.unity.probuilder/Editor Default Resources/Icons/Tools/ShapeTool/Capsule.png using Guid(8751686afdf688e4d80b989236c74d94) Importer(2089858483,b0f066a214c2f5e87bad3c948f4d605d) (ScriptedImporter) -> (artifact id: '669dbad5341b9df2068ab70766dd329b') in 0.030977 seconds
Number of updated asset objects reloaded before import = 0Number of asset objects unloaded after import = 1

========================================================================
Received Import Request.
  Time since last request: 0.000034 seconds.
  path: Packages/com.unity.probuilder/Content/Resources/com.unity.probuilder/Materials/EdgePicker.mat
  artifactKey: Guid(4ff996e3a0a5743a3987ab6231160665) Importer(2089858483,b0f066a214c2f5e87bad3c948f4d605d)
Start importing Packages/com.unity.probuilder/Content/Resources/com.unity.probuilder/Materials/EdgePicker.mat using Guid(4ff996e3a0a5743a3987ab6231160665) Importer(2089858483,b0f066a214c2f5e87bad3c948f4d605d) (ScriptedImporter) -> (artifact id: 'ac3419e67c01057bc9a2afb4031013a1') in 0.0233169 seconds
Number of updated asset objects reloaded before import = 0Number of asset objects unloaded after import = 2

========================================================================
Received Import Request.
  Time since last request: 0.000024 seconds.
  path: Packages/com.unity.probuilder/Editor/MenuActions/Editors/OpenVertexColorEditor.cs
  artifactKey: Guid(c8e7f2a60420444ba31322510285d625) Importer(2089858483,b0f066a214c2f5e87bad3c948f4d605d)
Start importing Packages/com.unity.probuilder/Editor/MenuActions/Editors/OpenVertexColorEditor.cs using Guid(c8e7f2a60420444ba31322510285d625) Importer(2089858483,b0f066a214c2f5e87bad3c948f4d605d) (ScriptedImporter) -> (artifact id: '3b5b953c86064465e8c85ad584b44b86') in 0.0175056 seconds
Number of updated asset objects reloaded before import = 0Number of asset objects unloaded after import = 0

========================================================================
Received Import Request.
  Time since last request: 0.000031 seconds.
  path: Packages/com.unity.probuilder/Editor/MenuActions/Object/CenterPivot.cs
  artifactKey: Guid(460d1e5b4c054bfc8d012b87f9960bb9) Importer(2089858483,b0f066a214c2f5e87bad3c948f4d605d)
Start importing Packages/com.unity.probuilder/Editor/MenuActions/Object/CenterPivot.cs using Guid(460d1e5b4c054bfc8d012b87f9960bb9) Importer(2089858483,b0f066a214c2f5e87bad3c948f4d605d) (ScriptedImporter) -> (artifact id: 'cd445d27e0705261b3e2da3765e9db1e') in 0.0196482 seconds
Number of updated asset objects reloaded before import = 0Number of asset objects unloaded after import = 0

========================================================================
Received Import Request.
  Time since last request: 0.000020 seconds.
  path: Packages/com.unity.probuilder/Runtime/Core/Entity.cs
  artifactKey: Guid(69fbd00be8d904b3da640e502905c345) Importer(2089858483,b0f066a214c2f5e87bad3c948f4d605d)
Start importing Packages/com.unity.probuilder/Runtime/Core/Entity.cs using Guid(69fbd00be8d904b3da640e502905c345) Importer(2089858483,b0f066a214c2f5e87bad3c948f4d605d) (ScriptedImporter) -> (artifact id: '47394f11c7ee212782caae1c748da326') in 0.0164207 seconds
Number of updated asset objects reloaded before import = 0Number of asset objects unloaded after import = 0

========================================================================
Received Import Request.
  Time since last request: 0.000020 seconds.
  path: Packages/com.unity.probuilder/Editor Default Resources/Icons/Toolbar/Selection_Loop_Face@2x.png
  artifactKey: Guid(0f8e79950aa7049489118c61b7ed6085) Importer(2089858483,b0f066a214c2f5e87bad3c948f4d605d)
Start importing Packages/com.unity.probuilder/Editor Default Resources/Icons/Toolbar/Selection_Loop_Face@2x.png using Guid(0f8e79950aa7049489118c61b7ed6085) Importer(2089858483,b0f066a214c2f5e87bad3c948f4d605d) (ScriptedImporter) -> (artifact id: 'a8b701e9e89484a901b062f68a0990ed') in 0.0308953 seconds
Number of updated asset objects reloaded before import = 0Number of asset objects unloaded after import = 1

========================================================================
Received Import Request.
  Time since last request: 0.000030 seconds.
  path: Packages/com.unity.probuilder/Editor Default Resources/Icons/Toolbar/Selection_SelectByMaterial_Light.png
  artifactKey: Guid(8b0f6733ee7bab443909f4eba8056a4a) Importer(2089858483,b0f066a214c2f5e87bad3c948f4d605d)
Start importing Packages/com.unity.probuilder/Editor Default Resources/Icons/Toolbar/Selection_SelectByMaterial_Light.png using Guid(8b0f6733ee7bab443909f4eba8056a4a) Importer(2089858483,b0f066a214c2f5e87bad3c948f4d605d) (ScriptedImporter) -> (artifact id: 'fb29d95f946ccc72be9c5e805eb88f09') in 0.0275117 seconds
Number of updated asset objects reloaded before import = 0Number of asset objects unloaded after import = 1

========================================================================
Received Import Request.
  Time since last request: 0.000041 seconds.
  path: Packages/com.unity.probuilder/Editor/MenuActions/Interaction
  artifactKey: Guid(41e22c09cb0341bf81820025407faa1c) Importer(2089858483,b0f066a214c2f5e87bad3c948f4d605d)
Start importing Packages/com.unity.probuilder/Editor/MenuActions/Interaction using Guid(41e22c09cb0341bf81820025407faa1c) Importer(2089858483,b0f066a214c2f5e87bad3c948f4d605d) (ScriptedImporter) -> (artifact id: '8b29e9926d44599720bf0a59ea2ad0b3') in 0.015844 seconds
Number of updated asset objects reloaded before import = 0Number of asset objects unloaded after import = 1

========================================================================
Received Import Request.
  Time since last request: 0.000020 seconds.
  path: Packages/com.unity.probuilder/Editor Default Resources/Icons/UVEditor/ProBuilderGUI_UV_ShowTexture_On.png
  artifactKey: Guid(5a6dc9461316c413b909911cc5d9f136) Importer(2089858483,b0f066a214c2f5e87bad3c948f4d605d)
Start importing Packages/com.unity.probuilder/Editor Default Resources/Icons/UVEditor/ProBuilderGUI_UV_ShowTexture_On.png using Guid(5a6dc9461316c413b909911cc5d9f136) Importer(2089858483,b0f066a214c2f5e87bad3c948f4d605d) (ScriptedImporter) -> (artifact id: 'f9f3fb043fbb3e24cf815713c4dec0c7') in 0.0309721 seconds
Number of updated asset objects reloaded before import = 0Number of asset objects unloaded after import = 1

========================================================================
Received Import Request.
  Time since last request: 0.000043 seconds.
  path: Packages/com.unity.settings-manager/Tests
  artifactKey: Guid(8f491bec7bcc4db45ad9590a6158e0fd) Importer(2089858483,b0f066a214c2f5e87bad3c948f4d605d)
Start importing Packages/com.unity.settings-manager/Tests using Guid(8f491bec7bcc4db45ad9590a6158e0fd) Importer(2089858483,b0f066a214c2f5e87bad3c948f4d605d) (ScriptedImporter) -> (artifact id: '9b0f59f1ff84512e567161fcc482b487') in 0.0133895 seconds
Number of updated asset objects reloaded before import = 0Number of asset objects unloaded after import = 1

========================================================================
Received Import Request.
  Time since last request: 0.000055 seconds.
  path: Packages/com.unity.probuilder/Editor/MenuActions/Geometry/SmartConnect.cs
  artifactKey: Guid(3e99f90a32784f4d9ff62732e1265f23) Importer(2089858483,b0f066a214c2f5e87bad3c948f4d605d)
Start importing Packages/com.unity.probuilder/Editor/MenuActions/Geometry/SmartConnect.cs using Guid(3e99f90a32784f4d9ff62732e1265f23) Importer(2089858483,b0f066a214c2f5e87bad3c948f4d605d) (ScriptedImporter) -> (artifact id: '66eeeb0c977e69589ac344a9aa2bb41b') in 0.0150373 seconds
Number of updated asset objects reloaded before import = 0Number of asset objects unloaded after import = 0

========================================================================
Received Import Request.
  Time since last request: 0.000039 seconds.
  path: Packages/com.unity.probuilder/Editor/EditorCore/PreferenceDictionaryEditor.cs
  artifactKey: Guid(08ab9a4e4186d164cb67bda77d36ff4c) Importer(2089858483,b0f066a214c2f5e87bad3c948f4d605d)
Start importing Packages/com.unity.probuilder/Editor/EditorCore/PreferenceDictionaryEditor.cs using Guid(08ab9a4e4186d164cb67bda77d36ff4c) Importer(2089858483,b0f066a214c2f5e87bad3c948f4d605d) (ScriptedImporter) -> (artifact id: '91aea3ce45bfb8ad3a2639bf82edd6a3') in 0.0166378 seconds
Number of updated asset objects reloaded before import = 0Number of asset objects unloaded after import = 0

========================================================================
Received Import Request.
  Time since last request: 0.000051 seconds.
  path: Packages/com.unity.probuilder/External/Poly2Tri/Polygon/PolygonPoint.cs
  artifactKey: Guid(a34d12b3d3eeda641bac82627738a726) Importer(2089858483,b0f066a214c2f5e87bad3c948f4d605d)
Start importing Packages/com.unity.probuilder/External/Poly2Tri/Polygon/PolygonPoint.cs using Guid(a34d12b3d3eeda641bac82627738a726) Importer(2089858483,b0f066a214c2f5e87bad3c948f4d605d) (ScriptedImporter) -> (artifact id: 'd3a5f52488ffc37e17329d42c90361a7') in 0.0151463 seconds
Number of updated asset objects reloaded before import = 0Number of asset objects unloaded after import = 0

========================================================================
Received Import Request.
  Time since last request: 0.000053 seconds.
  path: Packages/com.unity.probuilder/Editor Default Resources/Icons/Tools/ShapeTool/Stairs@2x.png
  artifactKey: Guid(84f11703040232d429af65cbd3ee982c) Importer(2089858483,b0f066a214c2f5e87bad3c948f4d605d)
Start importing Packages/com.unity.probuilder/Editor Default Resources/Icons/Tools/ShapeTool/Stairs@2x.png using Guid(84f11703040232d429af65cbd3ee982c) Importer(2089858483,b0f066a214c2f5e87bad3c948f4d605d) (ScriptedImporter) -> (artifact id: 'fdf044e91f259e3531dffc8ac485b357') in 0.0340518 seconds
Number of updated asset objects reloaded before import = 0Number of asset objects unloaded after import = 1

========================================================================
Received Import Request.
  Time since last request: 0.000054 seconds.
  path: Packages/com.unity.probuilder/Editor/StateMachines/ShapeState.cs
  artifactKey: Guid(0e04a5f326f647a40badbac91f38a704) Importer(2089858483,b0f066a214c2f5e87bad3c948f4d605d)
Start importing Packages/com.unity.probuilder/Editor/StateMachines/ShapeState.cs using Guid(0e04a5f326f647a40badbac91f38a704) Importer(2089858483,b0f066a214c2f5e87bad3c948f4d605d) (ScriptedImporter) -> (artifact id: '715c30e642666280a6cea8e9488737bb') in 0.0147728 seconds
Number of updated asset objects reloaded before import = 0Number of asset objects unloaded after import = 0

========================================================================
Received Import Request.
  Time since last request: 0.000035 seconds.
  path: Packages/com.unity.probuilder/Editor/EditorCore/PolyShapeEditor.cs
  artifactKey: Guid(aa15474f4b771974c86469106f4a4cb3) Importer(2089858483,b0f066a214c2f5e87bad3c948f4d605d)
Start importing Packages/com.unity.probuilder/Editor/EditorCore/PolyShapeEditor.cs using Guid(aa15474f4b771974c86469106f4a4cb3) Importer(2089858483,b0f066a214c2f5e87bad3c948f4d605d) (ScriptedImporter) -> (artifact id: '648b18e4fad8778fa1d714aa05a62475') in 0.0160369 seconds
Number of updated asset objects reloaded before import = 0Number of asset objects unloaded after import = 0

========================================================================
Received Import Request.
  Time since last request: 0.000024 seconds.
  path: Packages/com.unity.probuilder/Runtime/MeshOperations/ElementSelection.cs
  artifactKey: Guid(9be31b6177ca0453e928692a20b33b2c) Importer(2089858483,b0f066a214c2f5e87bad3c948f4d605d)
Start importing Packages/com.unity.probuilder/Runtime/MeshOperations/ElementSelection.cs using Guid(9be31b6177ca0453e928692a20b33b2c) Importer(2089858483,b0f066a214c2f5e87bad3c948f4d605d) (ScriptedImporter) -> (artifact id: '8e9e7d56494cd5a471d01e091e40e6cb') in 0.0181689 seconds
Number of updated asset objects reloaded before import = 0Number of asset objects unloaded after import = 0

========================================================================
Received Import Request.
  Time since last request: 0.000021 seconds.
  path: Packages/com.unity.probuilder/Editor Default Resources/Icons/Tools/ShapeTool/on/Sphere.png
  artifactKey: Guid(cdd0908a37d2fa84980f8867a676049b) Importer(2089858483,b0f066a214c2f5e87bad3c948f4d605d)
Start importing Packages/com.unity.probuilder/Editor Default Resources/Icons/Tools/ShapeTool/on/Sphere.png using Guid(cdd0908a37d2fa84980f8867a676049b) Importer(2089858483,b0f066a214c2f5e87bad3c948f4d605d) (ScriptedImporter) -> (artifact id: '7aade28927afbb92d479950860c489c6') in 0.032436 seconds
Number of updated asset objects reloaded before import = 0Number of asset objects unloaded after import = 1

========================================================================
Received Import Request.
  Time since last request: 0.000027 seconds.
  path: Packages/com.unity.probuilder/Editor Default Resources/Icons/Toolbar/Panel_UVEditor@2x.png
  artifactKey: Guid(0d997709c58c4794caa50718d67fdaf0) Importer(2089858483,b0f066a214c2f5e87bad3c948f4d605d)
Start importing Packages/com.unity.probuilder/Editor Default Resources/Icons/Toolbar/Panel_UVEditor@2x.png using Guid(0d997709c58c4794caa50718d67fdaf0) Importer(2089858483,b0f066a214c2f5e87bad3c948f4d605d) (ScriptedImporter) -> (artifact id: 'd98c708e716e80b501ef5fc6ff27239c') in 0.0310066 seconds
Number of updated asset objects reloaded before import = 0Number of asset objects unloaded after import = 1

========================================================================
Received Import Request.
  Time since last request: 0.000036 seconds.
  path: Packages/com.unity.probuilder/Editor Default Resources/Icons/Tools/ShapeTool/on
  artifactKey: Guid(e16d692faf836e7488cd7e0cda878fcf) Importer(2089858483,b0f066a214c2f5e87bad3c948f4d605d)
Start importing Packages/com.unity.probuilder/Editor Default Resources/Icons/Tools/ShapeTool/on using Guid(e16d692faf836e7488cd7e0cda878fcf) Importer(2089858483,b0f066a214c2f5e87bad3c948f4d605d) (ScriptedImporter) -> (artifact id: '48bff9479c585df2f7554a8b0fff40d7') in 0.017683 seconds
Number of updated asset objects reloaded before import = 0Number of asset objects unloaded after import = 1

========================================================================
Received Import Request.
  Time since last request: 0.000025 seconds.
  path: Packages/com.unity.probuilder/Content/Shader/VertexPicker.shader
  artifactKey: Guid(c26db15b9a2ed4b2ebefefd26ce85ae1) Importer(2089858483,b0f066a214c2f5e87bad3c948f4d605d)
Start importing Packages/com.unity.probuilder/Content/Shader/VertexPicker.shader using Guid(c26db15b9a2ed4b2ebefefd26ce85ae1) Importer(2089858483,b0f066a214c2f5e87bad3c948f4d605d) (ScriptedImporter) -> (artifact id: 'fccc7776319ced16caa4a38922fe53d6') in 0.0180095 seconds
Number of updated asset objects reloaded before import = 0Number of asset objects unloaded after import = 1

========================================================================
Received Import Request.
  Time since last request: 0.000029 seconds.
  path: Packages/com.unity.probuilder/Editor Default Resources/Icons/Tools/ShapeTool/Capsule@2x.png
  artifactKey: Guid(f61b79a28586a4e4a8e9ecf76632a32f) Importer(2089858483,b0f066a214c2f5e87bad3c948f4d605d)
Start importing Packages/com.unity.probuilder/Editor Default Resources/Icons/Tools/ShapeTool/Capsule@2x.png using Guid(f61b79a28586a4e4a8e9ecf76632a32f) Importer(2089858483,b0f066a214c2f5e87bad3c948f4d605d) (ScriptedImporter) -> (artifact id: '682b7d73818c5dc72646920ee0092f17') in 0.0348809 seconds
Number of updated asset objects reloaded before import = 0Number of asset objects unloaded after import = 1

========================================================================
Received Import Request.
  Time since last request: 0.000022 seconds.
  path: Packages/com.unity.probuilder/Editor Default Resources/Icons/Cursors
  artifactKey: Guid(463b7ad30a260a949aa6f725aaa00c2d) Importer(2089858483,b0f066a214c2f5e87bad3c948f4d605d)
Start importing Packages/com.unity.probuilder/Editor Default Resources/Icons/Cursors using Guid(463b7ad30a260a949aa6f725aaa00c2d) Importer(2089858483,b0f066a214c2f5e87bad3c948f4d605d) (ScriptedImporter) -> (artifact id: '9dea5760f12a51a6a8abd3c8f04169e3') in 0.0131348 seconds
Number of updated asset objects reloaded before import = 0Number of asset objects unloaded after import = 1

========================================================================
Received Import Request.
  Time since last request: 0.000075 seconds.
  path: Packages/com.unity.probuilder/Editor/EditorCore/ProGridsInterface.cs
  artifactKey: Guid(e91b0af086a401648866099dfaf3e377) Importer(2089858483,b0f066a214c2f5e87bad3c948f4d605d)
Start importing Packages/com.unity.probuilder/Editor/EditorCore/ProGridsInterface.cs using Guid(e91b0af086a401648866099dfaf3e377) Importer(2089858483,b0f066a214c2f5e87bad3c948f4d605d) (ScriptedImporter) -> (artifact id: '767eb34226ed7b93e4fff4ffe5e2805d') in 0.0155537 seconds
Number of updated asset objects reloaded before import = 0Number of asset objects unloaded after import = 0

========================================================================
Received Import Request.
  Time since last request: 0.000048 seconds.
  path: Packages/com.unity.probuilder/Addons/Unity.ProBuilder.AddOns.Editor.asmdef
  artifactKey: Guid(2cfd637d8bffa4f3ebad425f3bdd33a2) Importer(2089858483,b0f066a214c2f5e87bad3c948f4d605d)
Start importing Packages/com.unity.probuilder/Addons/Unity.ProBuilder.AddOns.Editor.asmdef using Guid(2cfd637d8bffa4f3ebad425f3bdd33a2) Importer(2089858483,b0f066a214c2f5e87bad3c948f4d605d) (ScriptedImporter) -> (artifact id: '6d82ceaafa8d47e849a2994442e2132f') in 0.021863 seconds
Number of updated asset objects reloaded before import = 0Number of asset objects unloaded after import = 1

========================================================================
Received Import Request.
  Time since last request: 0.000050 seconds.
  path: Packages/com.unity.probuilder/Editor/EditorCore/AutoUVEditor.cs
  artifactKey: Guid(74e7658b6a583464fa496ffe540ef91f) Importer(2089858483,b0f066a214c2f5e87bad3c948f4d605d)
Start importing Packages/com.unity.probuilder/Editor/EditorCore/AutoUVEditor.cs using Guid(74e7658b6a583464fa496ffe540ef91f) Importer(2089858483,b0f066a214c2f5e87bad3c948f4d605d) (ScriptedImporter) -> (artifact id: '0607ed1fda1573a1d41f10a5b803f61a') in 0.0134785 seconds
Number of updated asset objects reloaded before import = 0Number of asset objects unloaded after import = 0

========================================================================
Received Import Request.
  Time since last request: 0.000063 seconds.
  path: Packages/com.unity.probuilder/External/KdTree/KdTreeLib/HyperRect.cs
  artifactKey: Guid(518e5a76add435648813be98dd71e2f8) Importer(2089858483,b0f066a214c2f5e87bad3c948f4d605d)
Start importing Packages/com.unity.probuilder/External/KdTree/KdTreeLib/HyperRect.cs using Guid(518e5a76add435648813be98dd71e2f8) Importer(2089858483,b0f066a214c2f5e87bad3c948f4d605d) (ScriptedImporter) -> (artifact id: '493b3b6ec8388552a7b155d89fbd633f') in 0.0162454 seconds
Number of updated asset objects reloaded before import = 0Number of asset objects unloaded after import = 0

========================================================================
Received Import Request.
  Time since last request: 0.000059 seconds.
  path: Packages/com.unity.probuilder/Editor Default Resources/Icons/Toolbar/Panel_Boolean.png
  artifactKey: Guid(1f012abb1184a47c48035dd54530fb6e) Importer(2089858483,b0f066a214c2f5e87bad3c948f4d605d)
Start importing Packages/com.unity.probuilder/Editor Default Resources/Icons/Toolbar/Panel_Boolean.png using Guid(1f012abb1184a47c48035dd54530fb6e) Importer(2089858483,b0f066a214c2f5e87bad3c948f4d605d) (ScriptedImporter) -> (artifact id: '70a9f562a8c06aebf29cccffc2ea2cf8') in 0.0348853 seconds
Number of updated asset objects reloaded before import = 0Number of asset objects unloaded after import = 1

========================================================================
Received Import Request.
  Time since last request: 0.000024 seconds.
  path: Packages/com.unity.settings-manager/ValidationExceptions.json
  artifactKey: Guid(4cd118ee0ff29c4488694a444550f59e) Importer(2089858483,b0f066a214c2f5e87bad3c948f4d605d)
Start importing Packages/com.unity.settings-manager/ValidationExceptions.json using Guid(4cd118ee0ff29c4488694a444550f59e) Importer(2089858483,b0f066a214c2f5e87bad3c948f4d605d) (ScriptedImporter) -> (artifact id: '92d612228a8d3a2ee6584d7777b017dd') in 0.0196809 seconds
Number of updated asset objects reloaded before import = 0Number of asset objects unloaded after import = 1

========================================================================
Received Import Request.
  Time since last request: 0.000028 seconds.
  path: Packages/com.unity.probuilder/Editor Default Resources/Icons/Modes/d_ToolHandleElement@2x.png
  artifactKey: Guid(aa59f28edcbba3f4b9e5fd9131175025) Importer(2089858483,b0f066a214c2f5e87bad3c948f4d605d)
Start importing Packages/com.unity.probuilder/Editor Default Resources/Icons/Modes/d_ToolHandleElement@2x.png using Guid(aa59f28edcbba3f4b9e5fd9131175025) Importer(2089858483,b0f066a214c2f5e87bad3c948f4d605d) (ScriptedImporter) -> (artifact id: 'caed2cd494e065dbe2341eb33dd464a0') in 0.0323952 seconds
Number of updated asset objects reloaded before import = 0Number of asset objects unloaded after import = 1

========================================================================
Received Import Request.
  Time since last request: 0.000028 seconds.
  path: Packages/com.unity.probuilder/Editor/MenuActions/Object
  artifactKey: Guid(1138c079ebb24a988acb16b8d409db55) Importer(2089858483,b0f066a214c2f5e87bad3c948f4d605d)
Start importing Packages/com.unity.probuilder/Editor/MenuActions/Object using Guid(1138c079ebb24a988acb16b8d409db55) Importer(2089858483,b0f066a214c2f5e87bad3c948f4d605d) (ScriptedImporter) -> (artifact id: '6c1a91b85be2605d4c7ad7ebd8bb0687') in 0.0134867 seconds
Number of updated asset objects reloaded before import = 0Number of asset objects unloaded after import = 1

========================================================================
Received Import Request.
  Time since last request: 0.000088 seconds.
  path: Packages/com.unity.probuilder/Editor Default Resources/Icons/Toolbar/Pivot_FreezeTransform_Light@2x.png
  artifactKey: Guid(c485973f6fdf1bd45af51be0af86d317) Importer(2089858483,b0f066a214c2f5e87bad3c948f4d605d)
Start importing Packages/com.unity.probuilder/Editor Default Resources/Icons/Toolbar/Pivot_FreezeTransform_Light@2x.png using Guid(c485973f6fdf1bd45af51be0af86d317) Importer(2089858483,b0f066a214c2f5e87bad3c948f4d605d) (ScriptedImporter) -> (artifact id: '568d36858b95d765813b656ecbfbe647') in 0.02531 seconds
Number of updated asset objects reloaded before import = 0Number of asset objects unloaded after import = 1

========================================================================
Received Import Request.
  Time since last request: 0.000052 seconds.
  path: Packages/com.unity.probuilder/Editor Default Resources/Icons/Tools/ShapeTool/d_Sprite@2x.png
  artifactKey: Guid(0827381bdac1bcb45ac1962eb838af6b) Importer(2089858483,b0f066a214c2f5e87bad3c948f4d605d)
Start importing Packages/com.unity.probuilder/Editor Default Resources/Icons/Tools/ShapeTool/d_Sprite@2x.png using Guid(0827381bdac1bcb45ac1962eb838af6b) Importer(2089858483,b0f066a214c2f5e87bad3c948f4d605d) (ScriptedImporter) -> (artifact id: 'c52b14ee897507e260accb731c0f58d1') in 0.0301972 seconds
Number of updated asset objects reloaded before import = 0Number of asset objects unloaded after import = 1

========================================================================
Received Import Request.
  Time since last request: 0.000043 seconds.
  path: Packages/com.unity.probuilder/Editor Default Resources/Icons/Toolbar/Vert_Split_Light.png
  artifactKey: Guid(2ea5af12d6e852544b3f4466bfd7b376) Importer(2089858483,b0f066a214c2f5e87bad3c948f4d605d)
Start importing Packages/com.unity.probuilder/Editor Default Resources/Icons/Toolbar/Vert_Split_Light.png using Guid(2ea5af12d6e852544b3f4466bfd7b376) Importer(2089858483,b0f066a214c2f5e87bad3c948f4d605d) (ScriptedImporter) -> (artifact id: '7d86cf2e6f9a71d4a16471affbff9b73') in 0.0266149 seconds
Number of updated asset objects reloaded before import = 0Number of asset objects unloaded after import = 1

========================================================================
Received Import Request.
  Time since last request: 0.000053 seconds.
  path: Packages/com.unity.probuilder/Editor/EditorCore/EditorSnapping.cs
  artifactKey: Guid(428fa7a76260b497d8306bc5162aa463) Importer(2089858483,b0f066a214c2f5e87bad3c948f4d605d)
Start importing Packages/com.unity.probuilder/Editor/EditorCore/EditorSnapping.cs using Guid(428fa7a76260b497d8306bc5162aa463) Importer(2089858483,b0f066a214c2f5e87bad3c948f4d605d) (ScriptedImporter) -> (artifact id: 'a1c66f12d43a052ba1b3604d9846000c') in 0.0141399 seconds
Number of updated asset objects reloaded before import = 0Number of asset objects unloaded after import = 0

========================================================================
Received Import Request.
  Time since last request: 0.000068 seconds.
  path: Packages/com.unity.probuilder/Editor Default Resources/Icons/Tools/ShapeTool/d_Arch@2x.png
  artifactKey: Guid(88a167cee1bb94744976dbe4929b3d70) Importer(2089858483,b0f066a214c2f5e87bad3c948f4d605d)
Start importing Packages/com.unity.probuilder/Editor Default Resources/Icons/Tools/ShapeTool/d_Arch@2x.png using Guid(88a167cee1bb94744976dbe4929b3d70) Importer(2089858483,b0f066a214c2f5e87bad3c948f4d605d) (ScriptedImporter) -> (artifact id: 'b8bf3292e22ffee77fd3aacb675a1cfd') in 0.0245123 seconds
Number of updated asset objects reloaded before import = 0Number of asset objects unloaded after import = 1

========================================================================
Received Import Request.
  Time since last request: 0.000049 seconds.
  path: Packages/com.unity.probuilder/Editor Default Resources/Icons/Toolbar/d_CutTool.png
  artifactKey: Guid(3bd0574ca564b5c4bbd430b00e2dcecd) Importer(2089858483,b0f066a214c2f5e87bad3c948f4d605d)
Start importing Packages/com.unity.probuilder/Editor Default Resources/Icons/Toolbar/d_CutTool.png using Guid(3bd0574ca564b5c4bbd430b00e2dcecd) Importer(2089858483,b0f066a214c2f5e87bad3c948f4d605d) (ScriptedImporter) -> (artifact id: '0aeafaaf312f412175e758c4227e4bf9') in 0.0270177 seconds
Number of updated asset objects reloaded before import = 0Number of asset objects unloaded after import = 1

========================================================================
Received Import Request.
  Time since last request: 0.000051 seconds.
  path: Packages/com.unity.probuilder/Editor/MenuActions/Geometry/SubdivideFaces.cs
  artifactKey: Guid(bdc593ceb4be46bfab31b9c445ec89a2) Importer(2089858483,b0f066a214c2f5e87bad3c948f4d605d)
Start importing Packages/com.unity.probuilder/Editor/MenuActions/Geometry/SubdivideFaces.cs using Guid(bdc593ceb4be46bfab31b9c445ec89a2) Importer(2089858483,b0f066a214c2f5e87bad3c948f4d605d) (ScriptedImporter) -> (artifact id: '977753d0e16a495d39c296912473e24b') in 0.0156919 seconds
Number of updated asset objects reloaded before import = 0Number of asset objects unloaded after import = 0

========================================================================
Received Import Request.
  Time since last request: 0.000060 seconds.
  path: Packages/com.unity.probuilder/Editor Default Resources/Icons/Toolbar/Selection_Shrink_Light@2x.png
  artifactKey: Guid(555cd1a643745214bab35cf414db3d39) Importer(2089858483,b0f066a214c2f5e87bad3c948f4d605d)
Start importing Packages/com.unity.probuilder/Editor Default Resources/Icons/Toolbar/Selection_Shrink_Light@2x.png using Guid(555cd1a643745214bab35cf414db3d39) Importer(2089858483,b0f066a214c2f5e87bad3c948f4d605d) (ScriptedImporter) -> (artifact id: 'a86a66238d8fb2341e68b6ebc714be67') in 0.0266932 seconds
Number of updated asset objects reloaded before import = 0Number of asset objects unloaded after import = 1

========================================================================
Received Import Request.
  Time since last request: 0.000035 seconds.
  path: Packages/com.unity.probuilder/Editor Default Resources/Icons/Toolbar/Selection_SelectHidden-ON@2x.png
  artifactKey: Guid(4538eb262874290498d5753048f4ca17) Importer(2089858483,b0f066a214c2f5e87bad3c948f4d605d)
Start importing Packages/com.unity.probuilder/Editor Default Resources/Icons/Toolbar/Selection_SelectHidden-ON@2x.png using Guid(4538eb262874290498d5753048f4ca17) Importer(2089858483,b0f066a214c2f5e87bad3c948f4d605d) (ScriptedImporter) -> (artifact id: '3090f545bd0fb82b65162d470b15e76f') in 0.0271873 seconds
Number of updated asset objects reloaded before import = 0Number of asset objects unloaded after import = 1

========================================================================
Received Import Request.
  Time since last request: 0.000040 seconds.
  path: Packages/com.unity.probuilder/Editor Default Resources/Icons/Toolbar/Selection_Grow_Light.png
  artifactKey: Guid(c64b19a0f60147149bf665c83dd0bbab) Importer(2089858483,b0f066a214c2f5e87bad3c948f4d605d)
Start importing Packages/com.unity.probuilder/Editor Default Resources/Icons/Toolbar/Selection_Grow_Light.png using Guid(c64b19a0f60147149bf665c83dd0bbab) Importer(2089858483,b0f066a214c2f5e87bad3c948f4d605d) (ScriptedImporter) -> (artifact id: '9ed3607384a4b1552a51b25863b4ec27') in 0.0293573 seconds
Number of updated asset objects reloaded before import = 0Number of asset objects unloaded after import = 1

========================================================================
Received Import Request.
  Time since last request: 0.000017 seconds.
  path: Packages/com.unity.probuilder/Editor Default Resources/Icons/Modes/d_Mode_Object@2x.png
  artifactKey: Guid(30701f27267a5d547b4dacad1e223fe3) Importer(2089858483,b0f066a214c2f5e87bad3c948f4d605d)
Start importing Packages/com.unity.probuilder/Editor Default Resources/Icons/Modes/d_Mode_Object@2x.png using Guid(30701f27267a5d547b4dacad1e223fe3) Importer(2089858483,b0f066a214c2f5e87bad3c948f4d605d) (ScriptedImporter) -> (artifact id: '6f7ca6dd3708ed2ffbdfb9f522416897') in 0.0287514 seconds
Number of updated asset objects reloaded before import = 0Number of asset objects unloaded after import = 1

========================================================================
Received Import Request.
  Time since last request: 0.000029 seconds.
  path: Packages/com.unity.probuilder/Runtime/MeshOperations/MeshTransform.cs
  artifactKey: Guid(aac023407bdc9df4db32c6aa0c29ef25) Importer(2089858483,b0f066a214c2f5e87bad3c948f4d605d)
Start importing Packages/com.unity.probuilder/Runtime/MeshOperations/MeshTransform.cs using Guid(aac023407bdc9df4db32c6aa0c29ef25) Importer(2089858483,b0f066a214c2f5e87bad3c948f4d605d) (ScriptedImporter) -> (artifact id: 'b200ec55bfaa2ad57625908e1c379190') in 0.0145389 seconds
Number of updated asset objects reloaded before import = 0Number of asset objects unloaded after import = 0

========================================================================
Received Import Request.
  Time since last request: 0.000089 seconds.
  path: Packages/com.unity.probuilder/Editor/MenuActions/Editors/OpenSmoothingEditor.cs
  artifactKey: Guid(40af14f295f2434f9cfda219da2645a0) Importer(2089858483,b0f066a214c2f5e87bad3c948f4d605d)
Start importing Packages/com.unity.probuilder/Editor/MenuActions/Editors/OpenSmoothingEditor.cs using Guid(40af14f295f2434f9cfda219da2645a0) Importer(2089858483,b0f066a214c2f5e87bad3c948f4d605d) (ScriptedImporter) -> (artifact id: '705764d1089fc4144263c5dc4f387fb6') in 0.0134359 seconds
Number of updated asset objects reloaded before import = 0Number of asset objects unloaded after import = 0

========================================================================
Received Import Request.
  Time since last request: 0.000028 seconds.
  path: Packages/com.unity.probuilder/Editor Default Resources/Icons/Tools/ShapeTool
  artifactKey: Guid(ba8b52568d571f348a663fa71927ba1b) Importer(2089858483,b0f066a214c2f5e87bad3c948f4d605d)
Start importing Packages/com.unity.probuilder/Editor Default Resources/Icons/Tools/ShapeTool using Guid(ba8b52568d571f348a663fa71927ba1b) Importer(2089858483,b0f066a214c2f5e87bad3c948f4d605d) (ScriptedImporter) -> (artifact id: '64fa2991cefbffa5b8a0209830925b60') in 0.0131011 seconds
Number of updated asset objects reloaded before import = 0Number of asset objects unloaded after import = 1

========================================================================
Received Import Request.
  Time since last request: 0.000021 seconds.
  path: Packages/com.unity.probuilder/Editor/EditorCore/PolyShapeTool.cs
  artifactKey: Guid(e7409d52cc9eb094db503a26dd4ae064) Importer(2089858483,b0f066a214c2f5e87bad3c948f4d605d)
Start importing Packages/com.unity.probuilder/Editor/EditorCore/PolyShapeTool.cs using Guid(e7409d52cc9eb094db503a26dd4ae064) Importer(2089858483,b0f066a214c2f5e87bad3c948f4d605d) (ScriptedImporter) -> (artifact id: '80d705b0131b163322825fcc96b796ac') in 0.0186462 seconds
Number of updated asset objects reloaded before import = 0Number of asset objects unloaded after import = 0

========================================================================
Received Import Request.
  Time since last request: 0.000024 seconds.
  path: Packages/com.unity.probuilder/Editor/MenuActions/Object/SetTrigger.cs
  artifactKey: Guid(4ce00895d9eb2924f8f0c484eb3879ce) Importer(2089858483,b0f066a214c2f5e87bad3c948f4d605d)
Start importing Packages/com.unity.probuilder/Editor/MenuActions/Object/SetTrigger.cs using Guid(4ce00895d9eb2924f8f0c484eb3879ce) Importer(2089858483,b0f066a214c2f5e87bad3c948f4d605d) (ScriptedImporter) -> (artifact id: '33250004767b9719cd525898a238f329') in 0.0206505 seconds
Number of updated asset objects reloaded before import = 0Number of asset objects unloaded after import = 0

========================================================================
Received Import Request.
  Time since last request: 0.000033 seconds.
  path: Packages/com.unity.probuilder/Editor Default Resources/Icons/Tools/ShapeTool/d_Cube@2x.png
  artifactKey: Guid(bb9671d6267e3e344915d8ec1a48c043) Importer(2089858483,b0f066a214c2f5e87bad3c948f4d605d)
Start importing Packages/com.unity.probuilder/Editor Default Resources/Icons/Tools/ShapeTool/d_Cube@2x.png using Guid(bb9671d6267e3e344915d8ec1a48c043) Importer(2089858483,b0f066a214c2f5e87bad3c948f4d605d) (ScriptedImporter) -> (artifact id: '9da386d4414c8abd03f62e74d7c438d9') in 0.0363912 seconds
Number of updated asset objects reloaded before import = 0Number of asset objects unloaded after import = 1

========================================================================
Received Import Request.
  Time since last request: 0.000020 seconds.
  path: Packages/com.unity.probuilder/Editor Default Resources/Icons/Toolbar/Pivot_CenterOnElements@2x.png
  artifactKey: Guid(8719a15cef84e764badc1d966aced75a) Importer(2089858483,b0f066a214c2f5e87bad3c948f4d605d)
Start importing Packages/com.unity.probuilder/Editor Default Resources/Icons/Toolbar/Pivot_CenterOnElements@2x.png using Guid(8719a15cef84e764badc1d966aced75a) Importer(2089858483,b0f066a214c2f5e87bad3c948f4d605d) (ScriptedImporter) -> (artifact id: '9cfce6bcd1c283dad4e95803fae0792d') in 0.0399389 seconds
Number of updated asset objects reloaded before import = 0Number of asset objects unloaded after import = 1

========================================================================
Received Import Request.
  Time since last request: 0.000020 seconds.
  path: Packages/com.unity.probuilder/External/Poly2Tri/Triangulation/TriangulationUtil.cs
  artifactKey: Guid(bedfc9d5ebff70f4896001f60a9b2790) Importer(2089858483,b0f066a214c2f5e87bad3c948f4d605d)
Start importing Packages/com.unity.probuilder/External/Poly2Tri/Triangulation/TriangulationUtil.cs using Guid(bedfc9d5ebff70f4896001f60a9b2790) Importer(2089858483,b0f066a214c2f5e87bad3c948f4d605d) (ScriptedImporter) -> (artifact id: '8b95d84daeece6ce056f56b2db79cb3d') in 0.0191158 seconds
Number of updated asset objects reloaded before import = 0Number of asset objects unloaded after import = 0

========================================================================
Received Import Request.
  Time since last request: 0.000026 seconds.
  path: Packages/com.unity.probuilder/Runtime/Core/Smoothing.cs
  artifactKey: Guid(171420d62f80b4556a8833c039a00a3c) Importer(2089858483,b0f066a214c2f5e87bad3c948f4d605d)
Start importing Packages/com.unity.probuilder/Runtime/Core/Smoothing.cs using Guid(171420d62f80b4556a8833c039a00a3c) Importer(2089858483,b0f066a214c2f5e87bad3c948f4d605d) (ScriptedImporter) -> (artifact id: '375b5500a78cd19aeda1925e2a9937d6') in 0.0183566 seconds
Number of updated asset objects reloaded before import = 0Number of asset objects unloaded after import = 0

========================================================================
Received Import Request.
  Time since last request: 0.000032 seconds.
  path: Packages/com.unity.probuilder/Editor Default Resources/Icons/Toolbar/Selection_SelectHidden-OFF@2x.png
  artifactKey: Guid(7a7cbef8f28ee074590fd780ebd666ad) Importer(2089858483,b0f066a214c2f5e87bad3c948f4d605d)
Start importing Packages/com.unity.probuilder/Editor Default Resources/Icons/Toolbar/Selection_SelectHidden-OFF@2x.png using Guid(7a7cbef8f28ee074590fd780ebd666ad) Importer(2089858483,b0f066a214c2f5e87bad3c948f4d605d) (ScriptedImporter) -> (artifact id: '03bc2631f56a4c901fd057a742d11b90') in 0.034861 seconds
Number of updated asset objects reloaded before import = 0Number of asset objects unloaded after import = 1

========================================================================
Received Import Request.
  Time since last request: 0.000030 seconds.
  path: Packages/com.unity.probuilder/External/KdTree/KdTreeLib
  artifactKey: Guid(7f90db759702e5046be95dd90d35ba28) Importer(2089858483,b0f066a214c2f5e87bad3c948f4d605d)
Start importing Packages/com.unity.probuilder/External/KdTree/KdTreeLib using Guid(7f90db759702e5046be95dd90d35ba28) Importer(2089858483,b0f066a214c2f5e87bad3c948f4d605d) (ScriptedImporter) -> (artifact id: '429abb0e999141c2e1da90b147d3bf78') in 0.0172568 seconds
Number of updated asset objects reloaded before import = 0Number of asset objects unloaded after import = 1

========================================================================
Received Import Request.
  Time since last request: 0.000020 seconds.
  path: Packages/com.unity.settings-manager/Editor/Attributes.cs
  artifactKey: Guid(7ea67431821494cfca380c0e07258751) Importer(2089858483,b0f066a214c2f5e87bad3c948f4d605d)
Start importing Packages/com.unity.settings-manager/Editor/Attributes.cs using Guid(7ea67431821494cfca380c0e07258751) Importer(2089858483,b0f066a214c2f5e87bad3c948f4d605d) (ScriptedImporter) -> (artifact id: '64ee91ad38f052ec4c4247e0f31abc64') in 0.0217678 seconds
Number of updated asset objects reloaded before import = 0Number of asset objects unloaded after import = 0

========================================================================
Received Import Request.
  Time since last request: 0.000025 seconds.
  path: Packages/com.unity.probuilder/LICENSE.md
  artifactKey: Guid(705301649b725954283f73edaab0bc20) Importer(2089858483,b0f066a214c2f5e87bad3c948f4d605d)
Start importing Packages/com.unity.probuilder/LICENSE.md using Guid(705301649b725954283f73edaab0bc20) Importer(2089858483,b0f066a214c2f5e87bad3c948f4d605d) (ScriptedImporter) -> (artifact id: 'b6cdaf75724dbf560361d5728b17abd0') in 0.0311118 seconds
Number of updated asset objects reloaded before import = 0Number of asset objects unloaded after import = 1

========================================================================
Received Import Request.
  Time since last request: 0.000031 seconds.
  path: Packages/com.unity.probuilder/Runtime/Core/BezierShape.cs
  artifactKey: Guid(7b0368f3d533f4c379d9a83478864e0d) Importer(2089858483,b0f066a214c2f5e87bad3c948f4d605d)
Start importing Packages/com.unity.probuilder/Runtime/Core/BezierShape.cs using Guid(7b0368f3d533f4c379d9a83478864e0d) Importer(2089858483,b0f066a214c2f5e87bad3c948f4d605d) (ScriptedImporter) -> (artifact id: 'f591a2677929342fe3fde5ace828317b') in 0.0242947 seconds
Number of updated asset objects reloaded before import = 0Number of asset objects unloaded after import = 0

========================================================================
Received Import Request.
  Time since last request: 0.000020 seconds.
  path: Packages/com.unity.probuilder/Editor Default Resources/Icons/Toolbar/Mode_Object.png
  artifactKey: Guid(3cfa89a4662de4f0898745f39286b955) Importer(2089858483,b0f066a214c2f5e87bad3c948f4d605d)
Start importing Packages/com.unity.probuilder/Editor Default Resources/Icons/Toolbar/Mode_Object.png using Guid(3cfa89a4662de4f0898745f39286b955) Importer(2089858483,b0f066a214c2f5e87bad3c948f4d605d) (ScriptedImporter) -> (artifact id: '47212da84e9889e23bd4eac27fed247c') in 0.0352872 seconds
Number of updated asset objects reloaded before import = 0Number of asset objects unloaded after import = 1

========================================================================
Received Import Request.
  Time since last request: 0.000024 seconds.
  path: Packages/com.unity.probuilder/AssetIdRemapUtility/Editor/AssetTreeView.cs
  artifactKey: Guid(709975e9e21e4a52a8ea44cd4a779feb) Importer(2089858483,b0f066a214c2f5e87bad3c948f4d605d)
Start importing Packages/com.unity.probuilder/AssetIdRemapUtility/Editor/AssetTreeView.cs using Guid(709975e9e21e4a52a8ea44cd4a779feb) Importer(2089858483,b0f066a214c2f5e87bad3c948f4d605d) (ScriptedImporter) -> (artifact id: '78a74ae2e2d68be7975f140a70f3560f') in 0.0202323 seconds
Number of updated asset objects reloaded before import = 0Number of asset objects unloaded after import = 0

========================================================================
Received Import Request.
  Time since last request: 0.000023 seconds.
  path: Packages/com.unity.probuilder/External/CSG/Classes/Polygon.cs
  artifactKey: Guid(52ebe52d390074084bebc0878e3f74b6) Importer(2089858483,b0f066a214c2f5e87bad3c948f4d605d)
Start importing Packages/com.unity.probuilder/External/CSG/Classes/Polygon.cs using Guid(52ebe52d390074084bebc0878e3f74b6) Importer(2089858483,b0f066a214c2f5e87bad3c948f4d605d) (ScriptedImporter) -> (artifact id: '4f4aa69e4f086ddcfacc3a0aa07e7f56') in 0.0173157 seconds
Number of updated asset objects reloaded before import = 0Number of asset objects unloaded after import = 0

========================================================================
Received Import Request.
  Time since last request: 0.000038 seconds.
  path: Packages/com.unity.probuilder/Editor Default Resources/Icons/Scene/SelectionRect.png
  artifactKey: Guid(493bda9d2800a4516b04e170719fe521) Importer(2089858483,b0f066a214c2f5e87bad3c948f4d605d)
Start importing Packages/com.unity.probuilder/Editor Default Resources/Icons/Scene/SelectionRect.png using Guid(493bda9d2800a4516b04e170719fe521) Importer(2089858483,b0f066a214c2f5e87bad3c948f4d605d) (ScriptedImporter) -> (artifact id: 'be6e87d02440f5fa6d4d41039239822c') in 0.0388476 seconds
Number of updated asset objects reloaded before import = 0Number of asset objects unloaded after import = 1

========================================================================
Received Import Request.
  Time since last request: 0.000023 seconds.
  path: Packages/com.unity.probuilder/Runtime/Core/SelectPathFaces.cs
  artifactKey: Guid(cf31008f4dc1fb548a315685bb054730) Importer(2089858483,b0f066a214c2f5e87bad3c948f4d605d)
Start importing Packages/com.unity.probuilder/Runtime/Core/SelectPathFaces.cs using Guid(cf31008f4dc1fb548a315685bb054730) Importer(2089858483,b0f066a214c2f5e87bad3c948f4d605d) (ScriptedImporter) -> (artifact id: '833f4cb05e9ec54340b195467d2f0a70') in 0.021741 seconds
Number of updated asset objects reloaded before import = 0Number of asset objects unloaded after import = 0

========================================================================
Received Import Request.
  Time since last request: 0.000036 seconds.
  path: Packages/com.unity.probuilder/Editor Default Resources/Icons/Toolbar/Selection_Ring_Edge@2x.png
  artifactKey: Guid(70081f6d34d44eb44a6c6cd97d341c0b) Importer(2089858483,b0f066a214c2f5e87bad3c948f4d605d)
Start importing Packages/com.unity.probuilder/Editor Default Resources/Icons/Toolbar/Selection_Ring_Edge@2x.png using Guid(70081f6d34d44eb44a6c6cd97d341c0b) Importer(2089858483,b0f066a214c2f5e87bad3c948f4d605d) (ScriptedImporter) -> (artifact id: '61be7ba1a82998c4f6ca6e94497a8a4d') in 0.0363352 seconds
Number of updated asset objects reloaded before import = 0Number of asset objects unloaded after import = 1

========================================================================
Received Import Request.
  Time since last request: 0.000049 seconds.
  path: Packages/com.unity.probuilder/External/KdTree
  artifactKey: Guid(7359b607dba860d49ad70ac04d648943) Importer(2089858483,b0f066a214c2f5e87bad3c948f4d605d)
Start importing Packages/com.unity.probuilder/External/KdTree using Guid(7359b607dba860d49ad70ac04d648943) Importer(2089858483,b0f066a214c2f5e87bad3c948f4d605d) (ScriptedImporter) -> (artifact id: '36006de75f844104c9cde1d892b3ddd7') in 0.0169414 seconds
Number of updated asset objects reloaded before import = 0Number of asset objects unloaded after import = 1

========================================================================
Received Import Request.
  Time since last request: 0.000047 seconds.
  path: Packages/com.unity.probuilder/External/CSG/Classes/Plane.cs
  artifactKey: Guid(2665d2fb2b90b4916bfb3868cda99ea3) Importer(2089858483,b0f066a214c2f5e87bad3c948f4d605d)
Start importing Packages/com.unity.probuilder/External/CSG/Classes/Plane.cs using Guid(2665d2fb2b90b4916bfb3868cda99ea3) Importer(2089858483,b0f066a214c2f5e87bad3c948f4d605d) (ScriptedImporter) -> (artifact id: '54b225192c775e9a2bd75c9b9085db06') in 0.0193841 seconds
Number of updated asset objects reloaded before import = 0Number of asset objects unloaded after import = 0

========================================================================
Received Import Request.
  Time since last request: 0.000023 seconds.
  path: Packages/com.unity.probuilder/Runtime/MeshOperations/QuadUtility.cs
  artifactKey: Guid(0b8caa3be45dde847b41aafc7d7db796) Importer(2089858483,b0f066a214c2f5e87bad3c948f4d605d)
Start importing Packages/com.unity.probuilder/Runtime/MeshOperations/QuadUtility.cs using Guid(0b8caa3be45dde847b41aafc7d7db796) Importer(2089858483,b0f066a214c2f5e87bad3c948f4d605d) (ScriptedImporter) -> (artifact id: '980fecb4adfc897993436f9bdcc008b3') in 0.0232891 seconds
Number of updated asset objects reloaded before import = 0Number of asset objects unloaded after import = 0

========================================================================
Received Import Request.
  Time since last request: 0.000025 seconds.
  path: Packages/com.unity.probuilder/Content/Shader/UnlitSolidColor.shader
  artifactKey: Guid(24f9f312f97bd48dba1a728d58c89842) Importer(2089858483,b0f066a214c2f5e87bad3c948f4d605d)
Start importing Packages/com.unity.probuilder/Content/Shader/UnlitSolidColor.shader using Guid(24f9f312f97bd48dba1a728d58c89842) Importer(2089858483,b0f066a214c2f5e87bad3c948f4d605d) (ScriptedImporter) -> (artifact id: 'be1727411df504d6f389e39d1192cdea') in 0.0210013 seconds
Number of updated asset objects reloaded before import = 0Number of asset objects unloaded after import = 1

========================================================================
Received Import Request.
  Time since last request: 0.000038 seconds.
  path: Packages/com.unity.probuilder/Editor Default Resources/Icons/Toolbar/Vert_Collapse@2x.png
  artifactKey: Guid(685dd821820ccf347aeec619cf788736) Importer(2089858483,b0f066a214c2f5e87bad3c948f4d605d)
Start importing Packages/com.unity.probuilder/Editor Default Resources/Icons/Toolbar/Vert_Collapse@2x.png using Guid(685dd821820ccf347aeec619cf788736) Importer(2089858483,b0f066a214c2f5e87bad3c948f4d605d) (ScriptedImporter) -> (artifact id: '00861a27da8db5a884d4722174bb0e69') in 0.0323354 seconds
Number of updated asset objects reloaded before import = 0Number of asset objects unloaded after import = 1

========================================================================
Received Import Request.
  Time since last request: 0.000020 seconds.
  path: Packages/com.unity.probuilder/Editor Default Resources/Icons/Toolbar/Selection_Loop_Edge@2x.png
  artifactKey: Guid(cd2fa72b92b237a4eb8c0947a3e909af) Importer(2089858483,b0f066a214c2f5e87bad3c948f4d605d)
Start importing Packages/com.unity.probuilder/Editor Default Resources/Icons/Toolbar/Selection_Loop_Edge@2x.png using Guid(cd2fa72b92b237a4eb8c0947a3e909af) Importer(2089858483,b0f066a214c2f5e87bad3c948f4d605d) (ScriptedImporter) -> (artifact id: 'bf9ee12bd76bb558440fc69f1fa64fd7') in 0.0345991 seconds
Number of updated asset objects reloaded before import = 0Number of asset objects unloaded after import = 1

========================================================================
Received Import Request.
  Time since last request: 0.000024 seconds.
  path: Packages/com.unity.probuilder/Editor Default Resources/Icons/Toolbar/Edge_Bridge_Light.png
  artifactKey: Guid(0910413f44e7752428614fc1d82ad5c8) Importer(2089858483,b0f066a214c2f5e87bad3c948f4d605d)
Start importing Packages/com.unity.probuilder/Editor Default Resources/Icons/Toolbar/Edge_Bridge_Light.png using Guid(0910413f44e7752428614fc1d82ad5c8) Importer(2089858483,b0f066a214c2f5e87bad3c948f4d605d) (ScriptedImporter) -> (artifact id: '5b608798301f184800991e6281481b8c') in 0.0314951 seconds
Number of updated asset objects reloaded before import = 0Number of asset objects unloaded after import = 1

========================================================================
Received Import Request.
  Time since last request: 0.000096 seconds.
  path: Packages/com.unity.settings-manager/Tests/Editor/SettingsTests.cs
  artifactKey: Guid(767365db77168f744af8685807ad7f4b) Importer(2089858483,b0f066a214c2f5e87bad3c948f4d605d)
Start importing Packages/com.unity.settings-manager/Tests/Editor/SettingsTests.cs using Guid(767365db77168f744af8685807ad7f4b) Importer(2089858483,b0f066a214c2f5e87bad3c948f4d605d) (ScriptedImporter) -> (artifact id: '17ab9bd226f4c1bf0a958c8b904d271d') in 0.0141988 seconds
Number of updated asset objects reloaded before import = 0Number of asset objects unloaded after import = 0

========================================================================
Received Import Request.
  Time since last request: 0.000018 seconds.
  path: Packages/com.unity.probuilder/Editor/MenuActions/Geometry/DeleteFaces.cs
  artifactKey: Guid(b0c8bf4cfa4d461cb01b12bb9e3e42f9) Importer(2089858483,b0f066a214c2f5e87bad3c948f4d605d)
Start importing Packages/com.unity.probuilder/Editor/MenuActions/Geometry/DeleteFaces.cs using Guid(b0c8bf4cfa4d461cb01b12bb9e3e42f9) Importer(2089858483,b0f066a214c2f5e87bad3c948f4d605d) (ScriptedImporter) -> (artifact id: '41dd537a952ecce65f58c13f6c2dd268') in 0.0164104 seconds
Number of updated asset objects reloaded before import = 0Number of asset objects unloaded after import = 0

========================================================================
Received Import Request.
  Time since last request: 0.000028 seconds.
  path: Packages/com.unity.probuilder/External/Poly2Tri/Triangulation/Util
  artifactKey: Guid(b46e64067adbbe341bf0afb1ee309299) Importer(2089858483,b0f066a214c2f5e87bad3c948f4d605d)
Start importing Packages/com.unity.probuilder/External/Poly2Tri/Triangulation/Util using Guid(b46e64067adbbe341bf0afb1ee309299) Importer(2089858483,b0f066a214c2f5e87bad3c948f4d605d) (ScriptedImporter) -> (artifact id: '9b2d4d7550b3d0f243a1e48275fb36a4') in 0.0228687 seconds
Number of updated asset objects reloaded before import = 0Number of asset objects unloaded after import = 1

========================================================================
Received Import Request.
  Time since last request: 0.000021 seconds.
  path: Packages/com.unity.probuilder/Runtime/Core/SelectionPickerRendererStandard.cs
  artifactKey: Guid(2347b9342bafaa845b0b25387d6fa381) Importer(2089858483,b0f066a214c2f5e87bad3c948f4d605d)
Start importing Packages/com.unity.probuilder/Runtime/Core/SelectionPickerRendererStandard.cs using Guid(2347b9342bafaa845b0b25387d6fa381) Importer(2089858483,b0f066a214c2f5e87bad3c948f4d605d) (ScriptedImporter) -> (artifact id: '0acd8a76c72021010dcadc615491479b') in 0.0230488 seconds
Number of updated asset objects reloaded before import = 0Number of asset objects unloaded after import = 0

========================================================================
Received Import Request.
  Time since last request: 0.000039 seconds.
  path: Packages/com.unity.settings-manager/Editor/SettingsGUILayout.cs
  artifactKey: Guid(223e1a5330ab8468782152a65e857f94) Importer(2089858483,b0f066a214c2f5e87bad3c948f4d605d)
Start importing Packages/com.unity.settings-manager/Editor/SettingsGUILayout.cs using Guid(223e1a5330ab8468782152a65e857f94) Importer(2089858483,b0f066a214c2f5e87bad3c948f4d605d) (ScriptedImporter) -> (artifact id: 'e85190b4897aab8f15dc64b9bff71491') in 0.0177776 seconds
Number of updated asset objects reloaded before import = 0Number of asset objects unloaded after import = 0

========================================================================
Received Import Request.
  Time since last request: 0.000025 seconds.
  path: Packages/com.unity.probuilder/Editor/EditorCore/ProBuilderMeshEditor.cs
  artifactKey: Guid(f9e45af82f3d1428f9ccc2ac15f74603) Importer(2089858483,b0f066a214c2f5e87bad3c948f4d605d)
Start importing Packages/com.unity.probuilder/Editor/EditorCore/ProBuilderMeshEditor.cs using Guid(f9e45af82f3d1428f9ccc2ac15f74603) Importer(2089858483,b0f066a214c2f5e87bad3c948f4d605d) (ScriptedImporter) -> (artifact id: '0473a9c0d6f7ea59ff2c519de7581d56') in 0.0203923 seconds
Number of updated asset objects reloaded before import = 0Number of asset objects unloaded after import = 0

========================================================================
Received Import Request.
  Time since last request: 0.000020 seconds.
  path: Packages/com.unity.probuilder/Editor Default Resources/Icons/Toolbar/Vert_Weld_Light@2x.png
  artifactKey: Guid(f1be91d3dd7394d4a80f17f2475a05a9) Importer(2089858483,b0f066a214c2f5e87bad3c948f4d605d)
Start importing Packages/com.unity.probuilder/Editor Default Resources/Icons/Toolbar/Vert_Weld_Light@2x.png using Guid(f1be91d3dd7394d4a80f17f2475a05a9) Importer(2089858483,b0f066a214c2f5e87bad3c948f4d605d) (ScriptedImporter) -> (artifact id: 'd98a965a6c8a22110ecfc095a41ca6b2') in 0.03181 seconds
Number of updated asset objects reloaded before import = 0Number of asset objects unloaded after import = 1

========================================================================
Received Import Request.
  Time since last request: 0.000044 seconds.
  path: Packages/com.unity.probuilder/Editor Default Resources/Icons/UVEditor
  artifactKey: Guid(3773386302d7549c68c440a7579afc6e) Importer(2089858483,b0f066a214c2f5e87bad3c948f4d605d)
Start importing Packages/com.unity.probuilder/Editor Default Resources/Icons/UVEditor using Guid(3773386302d7549c68c440a7579afc6e) Importer(2089858483,b0f066a214c2f5e87bad3c948f4d605d) (ScriptedImporter) -> (artifact id: 'd363def6b2363d9c90430eaa40f03f26') in 0.0146973 seconds
Number of updated asset objects reloaded before import = 0Number of asset objects unloaded after import = 1

========================================================================
Received Import Request.
  Time since last request: 0.000041 seconds.
  path: Packages/com.unity.probuilder/Editor Default Resources/Icons/Toolbar/Background/RoundedRect_Pressed_BlueSteel.png
  artifactKey: Guid(681e960584a3e4b2ebbb9913f2f70263) Importer(2089858483,b0f066a214c2f5e87bad3c948f4d605d)
Start importing Packages/com.unity.probuilder/Editor Default Resources/Icons/Toolbar/Background/RoundedRect_Pressed_BlueSteel.png using Guid(681e960584a3e4b2ebbb9913f2f70263) Importer(2089858483,b0f066a214c2f5e87bad3c948f4d605d) (ScriptedImporter) -> (artifact id: '6b8dd28380320b1487f61f6bea027ea2') in 0.0304938 seconds
Number of updated asset objects reloaded before import = 0Number of asset objects unloaded after import = 1

========================================================================
Received Import Request.
  Time since last request: 0.000024 seconds.
  path: Packages/com.unity.probuilder/Editor Default Resources/Icons/Toolbar/Face_Merge_Light.png
  artifactKey: Guid(b75257ddf3a2e404cba6108648bcf57a) Importer(2089858483,b0f066a214c2f5e87bad3c948f4d605d)
Start importing Packages/com.unity.probuilder/Editor Default Resources/Icons/Toolbar/Face_Merge_Light.png using Guid(b75257ddf3a2e404cba6108648bcf57a) Importer(2089858483,b0f066a214c2f5e87bad3c948f4d605d) (ScriptedImporter) -> (artifact id: 'bede581077f6fce0869047b06b4b4983') in 0.0308421 seconds
Number of updated asset objects reloaded before import = 0Number of asset objects unloaded after import = 1

========================================================================
Received Import Request.
  Time since last request: 0.000023 seconds.
  path: Packages/com.unity.probuilder/External/Poly2Tri/Triangulation
  artifactKey: Guid(a3f53fade6ed6c14aad5577862937e1c) Importer(2089858483,b0f066a214c2f5e87bad3c948f4d605d)
Start importing Packages/com.unity.probuilder/External/Poly2Tri/Triangulation using Guid(a3f53fade6ed6c14aad5577862937e1c) Importer(2089858483,b0f066a214c2f5e87bad3c948f4d605d) (ScriptedImporter) -> (artifact id: '113311cd4708aee5c187d88945733ec7') in 0.0132242 seconds
Number of updated asset objects reloaded before import = 0Number of asset objects unloaded after import = 1

========================================================================
Received Import Request.
  Time since last request: 0.000029 seconds.
  path: Packages/com.unity.probuilder/Editor Default Resources/Icons/Toolbar/Selection_SelectByVertexColor.png
  artifactKey: Guid(fd32b78549c224927a6139e8252f89c4) Importer(2089858483,b0f066a214c2f5e87bad3c948f4d605d)
Start importing Packages/com.unity.probuilder/Editor Default Resources/Icons/Toolbar/Selection_SelectByVertexColor.png using Guid(fd32b78549c224927a6139e8252f89c4) Importer(2089858483,b0f066a214c2f5e87bad3c948f4d605d) (ScriptedImporter) -> (artifact id: 'f7552340cb70e4165b2e979fe8542b1d') in 0.0287221 seconds
Number of updated asset objects reloaded before import = 0Number of asset objects unloaded after import = 1

========================================================================
Received Import Request.
  Time since last request: 0.000082 seconds.
  path: Packages/com.unity.probuilder/Editor Default Resources/Icons/Toolbar/Object_Subdivide.png
  artifactKey: Guid(241e08ff056bb40ea90eeb5745c045f8) Importer(2089858483,b0f066a214c2f5e87bad3c948f4d605d)
Start importing Packages/com.unity.probuilder/Editor Default Resources/Icons/Toolbar/Object_Subdivide.png using Guid(241e08ff056bb40ea90eeb5745c045f8) Importer(2089858483,b0f066a214c2f5e87bad3c948f4d605d) (ScriptedImporter) -> (artifact id: '9fb7151b9ecf0b2d1058a8088ad006c2') in 0.0341497 seconds
Number of updated asset objects reloaded before import = 0Number of asset objects unloaded after import = 1

========================================================================
Received Import Request.
  Time since last request: 0.000028 seconds.
  path: Packages/com.unity.probuilder/Editor Default Resources/Icons/Toolbar/Object_Mirror@2x.png
  artifactKey: Guid(65f0ba6b6b1cca7488e2559e6b8b7796) Importer(2089858483,b0f066a214c2f5e87bad3c948f4d605d)
Start importing Packages/com.unity.probuilder/Editor Default Resources/Icons/Toolbar/Object_Mirror@2x.png using Guid(65f0ba6b6b1cca7488e2559e6b8b7796) Importer(2089858483,b0f066a214c2f5e87bad3c948f4d605d) (ScriptedImporter) -> (artifact id: 'c39941b583172da8ac6e09438e4717b5') in 0.0295177 seconds
Number of updated asset objects reloaded before import = 0Number of asset objects unloaded after import = 1

========================================================================
Received Import Request.
  Time since last request: 0.000033 seconds.
  path: Packages/com.unity.probuilder/External/KdTree/KdTreeLib/IKdTree.cs
  artifactKey: Guid(e8fa221ea996bd7459f869e6d809a95d) Importer(2089858483,b0f066a214c2f5e87bad3c948f4d605d)
Start importing Packages/com.unity.probuilder/External/KdTree/KdTreeLib/IKdTree.cs using Guid(e8fa221ea996bd7459f869e6d809a95d) Importer(2089858483,b0f066a214c2f5e87bad3c948f4d605d) (ScriptedImporter) -> (artifact id: '1d434ff448ac00f0651b20b9e3b725e2') in 0.0145532 seconds
Number of updated asset objects reloaded before import = 0Number of asset objects unloaded after import = 0

========================================================================
Received Import Request.
  Time since last request: 0.000040 seconds.
  path: Packages/com.unity.probuilder/Editor Default Resources/Icons/Tools/ShapeTool/d_Torus@2x.png
  artifactKey: Guid(8bc20ca7049b5ae44a2571f02344eee3) Importer(2089858483,b0f066a214c2f5e87bad3c948f4d605d)
Start importing Packages/com.unity.probuilder/Editor Default Resources/Icons/Tools/ShapeTool/d_Torus@2x.png using Guid(8bc20ca7049b5ae44a2571f02344eee3) Importer(2089858483,b0f066a214c2f5e87bad3c948f4d605d) (ScriptedImporter) -> (artifact id: '23c0415f3b487531c4840753d4477bce') in 0.0289857 seconds
Number of updated asset objects reloaded before import = 0Number of asset objects unloaded after import = 1

========================================================================
Received Import Request.
  Time since last request: 0.000066 seconds.
  path: Packages/com.unity.probuilder/Content/Resources/Materials/InvisibleFace.mat
  artifactKey: Guid(978bbcf5050244f1b95128c04103f628) Importer(2089858483,b0f066a214c2f5e87bad3c948f4d605d)
Start importing Packages/com.unity.probuilder/Content/Resources/Materials/InvisibleFace.mat using Guid(978bbcf5050244f1b95128c04103f628) Importer(2089858483,b0f066a214c2f5e87bad3c948f4d605d) (ScriptedImporter) -> (artifact id: 'f6f0b472edf5167566fc2731f7eb2a4d') in 0.0203492 seconds
Number of updated asset objects reloaded before import = 0Number of asset objects unloaded after import = 2

========================================================================
Received Import Request.
  Time since last request: 0.000026 seconds.
  path: Packages/com.unity.probuilder/Editor/MenuActions/Object/FlipObjectNormals.cs
  artifactKey: Guid(add8532bafe747b88ea53556bd2e74e8) Importer(2089858483,b0f066a214c2f5e87bad3c948f4d605d)
Start importing Packages/com.unity.probuilder/Editor/MenuActions/Object/FlipObjectNormals.cs using Guid(add8532bafe747b88ea53556bd2e74e8) Importer(2089858483,b0f066a214c2f5e87bad3c948f4d605d) (ScriptedImporter) -> (artifact id: '5390ffdac5b411bc6918f36c7df62bbd') in 0.0192167 seconds
Number of updated asset objects reloaded before import = 0Number of asset objects unloaded after import = 0

========================================================================
Received Import Request.
  Time since last request: 0.000025 seconds.
  path: Packages/com.unity.probuilder/Content/Shader/FacePickerURP.shader
  artifactKey: Guid(9cb691ed12f573842860b94cad8331e1) Importer(2089858483,b0f066a214c2f5e87bad3c948f4d605d)
Start importing Packages/com.unity.probuilder/Content/Shader/FacePickerURP.shader using Guid(9cb691ed12f573842860b94cad8331e1) Importer(2089858483,b0f066a214c2f5e87bad3c948f4d605d) (ScriptedImporter) -> (artifact id: '86be288e29d47d22d5d77adb172e0cb0') in 0.0247078 seconds
Number of updated asset objects reloaded before import = 0Number of asset objects unloaded after import = 2

========================================================================
Received Import Request.
  Time since last request: 0.000023 seconds.
  path: Packages/com.unity.probuilder/Editor Default Resources/Icons/Toolbar/Face_FlipTri.png
  artifactKey: Guid(67e1ce235d7c44346a65269c7f450d91) Importer(2089858483,b0f066a214c2f5e87bad3c948f4d605d)
Start importing Packages/com.unity.probuilder/Editor Default Resources/Icons/Toolbar/Face_FlipTri.png using Guid(67e1ce235d7c44346a65269c7f450d91) Importer(2089858483,b0f066a214c2f5e87bad3c948f4d605d) (ScriptedImporter) -> (artifact id: '6f63bbd160fb297f205605c5cb8fe8a0') in 0.0327315 seconds
Number of updated asset objects reloaded before import = 0Number of asset objects unloaded after import = 1

========================================================================
Received Import Request.
  Time since last request: 0.000044 seconds.
  path: Packages/com.unity.probuilder/Runtime/Core/AssemblyInfo.cs
  artifactKey: Guid(08b58b81e1014e9a804abb4cd35c2eb3) Importer(2089858483,b0f066a214c2f5e87bad3c948f4d605d)
Start importing Packages/com.unity.probuilder/Runtime/Core/AssemblyInfo.cs using Guid(08b58b81e1014e9a804abb4cd35c2eb3) Importer(2089858483,b0f066a214c2f5e87bad3c948f4d605d) (ScriptedImporter) -> (artifact id: '289facd362401d0d7ec05c8612375813') in 0.0188847 seconds
Number of updated asset objects reloaded before import = 0Number of asset objects unloaded after import = 0

========================================================================
Received Import Request.
  Time since last request: 0.000038 seconds.
  path: Packages/com.unity.probuilder/Editor Default Resources/Icons/Toolbar/Object_ConformNormals.png
  artifactKey: Guid(810f66354dd304a43bcebe1a55601513) Importer(2089858483,b0f066a214c2f5e87bad3c948f4d605d)
Start importing Packages/com.unity.probuilder/Editor Default Resources/Icons/Toolbar/Object_ConformNormals.png using Guid(810f66354dd304a43bcebe1a55601513) Importer(2089858483,b0f066a214c2f5e87bad3c948f4d605d) (ScriptedImporter) -> (artifact id: '4c47eba34bbd54b8ea146de84b24631d') in 0.0405406 seconds
Number of updated asset objects reloaded before import = 0Number of asset objects unloaded after import = 1

========================================================================
Received Import Request.
  Time since last request: 0.000019 seconds.
  path: Packages/com.unity.probuilder/Content/Shader/EdgePickerURP.shader
  artifactKey: Guid(5a6aaaf03bf583c4e9adee705d3255d7) Importer(2089858483,b0f066a214c2f5e87bad3c948f4d605d)
Start importing Packages/com.unity.probuilder/Content/Shader/EdgePickerURP.shader using Guid(5a6aaaf03bf583c4e9adee705d3255d7) Importer(2089858483,b0f066a214c2f5e87bad3c948f4d605d) (ScriptedImporter) -> (artifact id: '4c690653b58e6b044a8119f4fba3f250') in 0.0248379 seconds
Number of updated asset objects reloaded before import = 0Number of asset objects unloaded after import = 2

========================================================================
Received Import Request.
  Time since last request: 0.000028 seconds.
  path: Packages/com.unity.probuilder/Editor Default Resources/Icons/Toolbar/Face_Delete_Light@2x.png
  artifactKey: Guid(2fdc50897faa0024c90c15f898009c4c) Importer(2089858483,b0f066a214c2f5e87bad3c948f4d605d)
Start importing Packages/com.unity.probuilder/Editor Default Resources/Icons/Toolbar/Face_Delete_Light@2x.png using Guid(2fdc50897faa0024c90c15f898009c4c) Importer(2089858483,b0f066a214c2f5e87bad3c948f4d605d) (ScriptedImporter) -> (artifact id: '35d6702d14e0b265c524b623212c039a') in 0.0380144 seconds
Number of updated asset objects reloaded before import = 0Number of asset objects unloaded after import = 1

========================================================================
Received Import Request.
  Time since last request: 0.000040 seconds.
  path: Packages/com.unity.probuilder/External/CSG/Classes/Node.cs
  artifactKey: Guid(5b6fe112f5d10423ab960f97d7b6e699) Importer(2089858483,b0f066a214c2f5e87bad3c948f4d605d)
Start importing Packages/com.unity.probuilder/External/CSG/Classes/Node.cs using Guid(5b6fe112f5d10423ab960f97d7b6e699) Importer(2089858483,b0f066a214c2f5e87bad3c948f4d605d) (ScriptedImporter) -> (artifact id: '19f7b5947e22ac99c3b9f549b3a6720a') in 0.0174186 seconds
Number of updated asset objects reloaded before import = 0Number of asset objects unloaded after import = 0

========================================================================
Received Import Request.
  Time since last request: 0.000026 seconds.
  path: Packages/com.unity.probuilder/Editor/MenuActions/Selection/SelectSmoothingGroup.cs
  artifactKey: Guid(ffe60d522a0a4b0489a5bfe4bb6b4fb1) Importer(2089858483,b0f066a214c2f5e87bad3c948f4d605d)
Start importing Packages/com.unity.probuilder/Editor/MenuActions/Selection/SelectSmoothingGroup.cs using Guid(ffe60d522a0a4b0489a5bfe4bb6b4fb1) Importer(2089858483,b0f066a214c2f5e87bad3c948f4d605d) (ScriptedImporter) -> (artifact id: 'fa81c1facc7c889fcfd2068bb17e9be8') in 0.0157624 seconds
Number of updated asset objects reloaded before import = 0Number of asset objects unloaded after import = 0

========================================================================
Received Import Request.
  Time since last request: 0.000061 seconds.
  path: Packages/com.unity.probuilder/Editor/EditorCore/LicenseEditor.cs
  artifactKey: Guid(563aeff009644264e815e6de1439e784) Importer(2089858483,b0f066a214c2f5e87bad3c948f4d605d)
Start importing Packages/com.unity.probuilder/Editor/EditorCore/LicenseEditor.cs using Guid(563aeff009644264e815e6de1439e784) Importer(2089858483,b0f066a214c2f5e87bad3c948f4d605d) (ScriptedImporter) -> (artifact id: 'c578927cbe056c8b11f41e68422534ae') in 0.0138538 seconds
Number of updated asset objects reloaded before import = 0Number of asset objects unloaded after import = 0

========================================================================
Received Import Request.
  Time since last request: 0.000041 seconds.
  path: Packages/com.unity.probuilder/Editor/Overlays/SceneInformationOverlay.cs
  artifactKey: Guid(89cfedddacb905348b6ed063982e554d) Importer(2089858483,b0f066a214c2f5e87bad3c948f4d605d)
Start importing Packages/com.unity.probuilder/Editor/Overlays/SceneInformationOverlay.cs using Guid(89cfedddacb905348b6ed063982e554d) Importer(2089858483,b0f066a214c2f5e87bad3c948f4d605d) (ScriptedImporter) -> (artifact id: '0da8eb1295cc625c5da2a057ea4c3a08') in 0.0133337 seconds
Number of updated asset objects reloaded before import = 0Number of asset objects unloaded after import = 0

========================================================================
Received Import Request.
  Time since last request: 0.000068 seconds.
  path: Packages/com.unity.probuilder/Editor/MenuActions/Export/ExportStlBinary.cs
  artifactKey: Guid(b04279a9fe7348798c260ea6516c1a4c) Importer(2089858483,b0f066a214c2f5e87bad3c948f4d605d)
Start importing Packages/com.unity.probuilder/Editor/MenuActions/Export/ExportStlBinary.cs using Guid(b04279a9fe7348798c260ea6516c1a4c) Importer(2089858483,b0f066a214c2f5e87bad3c948f4d605d) (ScriptedImporter) -> (artifact id: 'b976e3e4744ae731fe05603c0df5bdff') in 0.0141065 seconds
Number of updated asset objects reloaded before import = 0Number of asset objects unloaded after import = 0

========================================================================
Received Import Request.
  Time since last request: 0.000045 seconds.
  path: Packages/com.unity.probuilder/Editor Default Resources/Icons/Toolbar/Background/RoundedRect_Pressed_Orange.png
  artifactKey: Guid(fc84a8874176645af9ce9b7f2182b3d8) Importer(2089858483,b0f066a214c2f5e87bad3c948f4d605d)
Start importing Packages/com.unity.probuilder/Editor Default Resources/Icons/Toolbar/Background/RoundedRect_Pressed_Orange.png using Guid(fc84a8874176645af9ce9b7f2182b3d8) Importer(2089858483,b0f066a214c2f5e87bad3c948f4d605d) (ScriptedImporter) -> (artifact id: '4eda5688f3301c92fb8a46552e72ee64') in 0.0325571 seconds
Number of updated asset objects reloaded before import = 0Number of asset objects unloaded after import = 1

========================================================================
Received Import Request.
  Time since last request: 0.000030 seconds.
  path: Packages/com.unity.probuilder/External/StlExporter/AssemblyInfo.cs
  artifactKey: Guid(389ebe3277e864eb2bb6f14edb419a33) Importer(2089858483,b0f066a214c2f5e87bad3c948f4d605d)
Start importing Packages/com.unity.probuilder/External/StlExporter/AssemblyInfo.cs using Guid(389ebe3277e864eb2bb6f14edb419a33) Importer(2089858483,b0f066a214c2f5e87bad3c948f4d605d) (ScriptedImporter) -> (artifact id: 'ce9e2ee41e130de769a5dd3186ab38d3') in 0.0146681 seconds
Number of updated asset objects reloaded before import = 0Number of asset objects unloaded after import = 0

========================================================================
Received Import Request.
  Time since last request: 0.000046 seconds.
  path: Packages/com.unity.probuilder/Editor Default Resources/Icons/Modes/Mode_Face@2x.png
  artifactKey: Guid(aec4dcd2f2175d142b7d9b6abc382625) Importer(2089858483,b0f066a214c2f5e87bad3c948f4d605d)
Start importing Packages/com.unity.probuilder/Editor Default Resources/Icons/Modes/Mode_Face@2x.png using Guid(aec4dcd2f2175d142b7d9b6abc382625) Importer(2089858483,b0f066a214c2f5e87bad3c948f4d605d) (ScriptedImporter) -> (artifact id: 'af3abe193434bd3bc7b4ed61bb315ec5') in 0.0277512 seconds
Number of updated asset objects reloaded before import = 0Number of asset objects unloaded after import = 1

========================================================================
Received Import Request.
  Time since last request: 0.000065 seconds.
  path: Packages/com.unity.probuilder/External/Poly2Tri/Triangulation/Delaunay/Sweep/AdvancingFrontNode.cs
  artifactKey: Guid(9d6fbeb339bff0f4cb3744bd60aec40f) Importer(2089858483,b0f066a214c2f5e87bad3c948f4d605d)
Start importing Packages/com.unity.probuilder/External/Poly2Tri/Triangulation/Delaunay/Sweep/AdvancingFrontNode.cs using Guid(9d6fbeb339bff0f4cb3744bd60aec40f) Importer(2089858483,b0f066a214c2f5e87bad3c948f4d605d) (ScriptedImporter) -> (artifact id: '50236d06313ed50aec2cb3154f9b6eaa') in 0.0138524 seconds
Number of updated asset objects reloaded before import = 0Number of asset objects unloaded after import = 0

========================================================================
Received Import Request.
  Time since last request: 0.000027 seconds.
  path: Packages/com.unity.probuilder/Editor Default Resources/Icons/Tools/ShapeTool/Prism.png
  artifactKey: Guid(e086087945620c84c8b70575806747c6) Importer(2089858483,b0f066a214c2f5e87bad3c948f4d605d)
Start importing Packages/com.unity.probuilder/Editor Default Resources/Icons/Tools/ShapeTool/Prism.png using Guid(e086087945620c84c8b70575806747c6) Importer(2089858483,b0f066a214c2f5e87bad3c948f4d605d) (ScriptedImporter) -> (artifact id: 'f2987ba918b996cf2c2bd0b106b55bbb') in 0.0283163 seconds
Number of updated asset objects reloaded before import = 0Number of asset objects unloaded after import = 1

========================================================================
Received Import Request.
  Time since last request: 0.000056 seconds.
  path: Packages/com.unity.probuilder/Editor Default Resources/Icons/Toolbar/d_DragSelect_Off.png
  artifactKey: Guid(33df32e007c0cf14fb88eaf2ef33647b) Importer(2089858483,b0f066a214c2f5e87bad3c948f4d605d)
Start importing Packages/com.unity.probuilder/Editor Default Resources/Icons/Toolbar/d_DragSelect_Off.png using Guid(33df32e007c0cf14fb88eaf2ef33647b) Importer(2089858483,b0f066a214c2f5e87bad3c948f4d605d) (ScriptedImporter) -> (artifact id: '2e1bbb7426bd075a1c52b9d6fce422ba') in 0.0256722 seconds
Number of updated asset objects reloaded before import = 0Number of asset objects unloaded after import = 1

========================================================================
Received Import Request.
  Time since last request: 0.000060 seconds.
  path: Packages/com.unity.probuilder/Editor Default Resources/Icons/Tools/ShapeTool/on/Torus@2x.png
  artifactKey: Guid(9376ddfac7325884ca81430cfe1a6714) Importer(2089858483,b0f066a214c2f5e87bad3c948f4d605d)
Start importing Packages/com.unity.probuilder/Editor Default Resources/Icons/Tools/ShapeTool/on/Torus@2x.png using Guid(9376ddfac7325884ca81430cfe1a6714) Importer(2089858483,b0f066a214c2f5e87bad3c948f4d605d) (ScriptedImporter) -> (artifact id: 'f41aa3ab1347dddb04d67bf373d5b076') in 0.029707 seconds
Number of updated asset objects reloaded before import = 0Number of asset objects unloaded after import = 1

========================================================================
Received Import Request.
  Time since last request: 0.000070 seconds.
  path: Packages/com.unity.probuilder/Editor Default Resources/Icons/Toolbar/d_Selection_SelectHidden-ON.png
  artifactKey: Guid(a8f9f8e9ccf234b838fd410a9275fa27) Importer(2089858483,b0f066a214c2f5e87bad3c948f4d605d)
Start importing Packages/com.unity.probuilder/Editor Default Resources/Icons/Toolbar/d_Selection_SelectHidden-ON.png using Guid(a8f9f8e9ccf234b838fd410a9275fa27) Importer(2089858483,b0f066a214c2f5e87bad3c948f4d605d) (ScriptedImporter) -> (artifact id: 'f450acd6970fe50570d82609a2ad5aa4') in 0.0277834 seconds
Number of updated asset objects reloaded before import = 0Number of asset objects unloaded after import = 1

========================================================================
Received Import Request.
  Time since last request: 0.000044 seconds.
  path: Packages/com.unity.probuilder/External/KdTree/KdTreeLib/Math/TypeMath.cs
  artifactKey: Guid(4daa0ba8c6e93d54a9b542d76b235c55) Importer(2089858483,b0f066a214c2f5e87bad3c948f4d605d)
Start importing Packages/com.unity.probuilder/External/KdTree/KdTreeLib/Math/TypeMath.cs using Guid(4daa0ba8c6e93d54a9b542d76b235c55) Importer(2089858483,b0f066a214c2f5e87bad3c948f4d605d) (ScriptedImporter) -> (artifact id: '64a6a27ebd2e8b335342cd6dcb94bf8e') in 0.01377 seconds
Number of updated asset objects reloaded before import = 0Number of asset objects unloaded after import = 0

========================================================================
Received Import Request.
  Time since last request: 0.000028 seconds.
  path: Packages/com.unity.probuilder/Runtime/Core/IntVec4.cs
  artifactKey: Guid(36dfd625ac38b4b62a04264b3819dc42) Importer(2089858483,b0f066a214c2f5e87bad3c948f4d605d)
Start importing Packages/com.unity.probuilder/Runtime/Core/IntVec4.cs using Guid(36dfd625ac38b4b62a04264b3819dc42) Importer(2089858483,b0f066a214c2f5e87bad3c948f4d605d) (ScriptedImporter) -> (artifact id: 'da2725cb2b126b21b115dacc29bca49e') in 0.0167366 seconds
Number of updated asset objects reloaded before import = 0Number of asset objects unloaded after import = 0

========================================================================
Received Import Request.
  Time since last request: 0.000063 seconds.
  path: Packages/com.unity.probuilder/Editor/EditorCore/EditorSceneViewPicker.cs
  artifactKey: Guid(6420831531bc2054281143153f7d6659) Importer(2089858483,b0f066a214c2f5e87bad3c948f4d605d)
Start importing Packages/com.unity.probuilder/Editor/EditorCore/EditorSceneViewPicker.cs using Guid(6420831531bc2054281143153f7d6659) Importer(2089858483,b0f066a214c2f5e87bad3c948f4d605d) (ScriptedImporter) -> (artifact id: 'efcffb2f7f9e9f4e735e526e79dd0a1e') in 0.0136904 seconds
Number of updated asset objects reloaded before import = 0Number of asset objects unloaded after import = 0

========================================================================
Received Import Request.
  Time since last request: 0.000111 seconds.
  path: Packages/com.unity.probuilder/Editor Default Resources/Icons/Toolbar/Pivot_CenterOnObject_Light.png
  artifactKey: Guid(4c438794dbfb3474997349f07aaa4463) Importer(2089858483,b0f066a214c2f5e87bad3c948f4d605d)
Start importing Packages/com.unity.probuilder/Editor Default Resources/Icons/Toolbar/Pivot_CenterOnObject_Light.png using Guid(4c438794dbfb3474997349f07aaa4463) Importer(2089858483,b0f066a214c2f5e87bad3c948f4d605d) (ScriptedImporter) -> (artifact id: '6e5fe3b811f199c19337911a2ca8b842') in 0.0284868 seconds
Number of updated asset objects reloaded before import = 0Number of asset objects unloaded after import = 1

========================================================================
Received Import Request.
  Time since last request: 0.000060 seconds.
  path: Packages/com.unity.probuilder/Editor Default Resources/Icons/Tools/ShapeTool/on/Cylinder.png
  artifactKey: Guid(0db1554f068669b47aa0e2ed02610e1f) Importer(2089858483,b0f066a214c2f5e87bad3c948f4d605d)
Start importing Packages/com.unity.probuilder/Editor Default Resources/Icons/Tools/ShapeTool/on/Cylinder.png using Guid(0db1554f068669b47aa0e2ed02610e1f) Importer(2089858483,b0f066a214c2f5e87bad3c948f4d605d) (ScriptedImporter) -> (artifact id: 'd6c7d19d3564b95a0ef69facef6b7957') in 0.0288238 seconds
Number of updated asset objects reloaded before import = 0Number of asset objects unloaded after import = 1

========================================================================
Received Import Request.
  Time since last request: 0.000033 seconds.
  path: Packages/com.unity.probuilder/Editor Default Resources/Icons/Toolbar/Edge_FillHole@2x.png
  artifactKey: Guid(e5a4b2fd8862e02499d8d5c9fa35e17a) Importer(2089858483,b0f066a214c2f5e87bad3c948f4d605d)
Start importing Packages/com.unity.probuilder/Editor Default Resources/Icons/Toolbar/Edge_FillHole@2x.png using Guid(e5a4b2fd8862e02499d8d5c9fa35e17a) Importer(2089858483,b0f066a214c2f5e87bad3c948f4d605d) (ScriptedImporter) -> (artifact id: '29ea5382d644860ab72c36fe537a5056') in 0.027175 seconds
Number of updated asset objects reloaded before import = 0Number of asset objects unloaded after import = 1

========================================================================
Received Import Request.
  Time since last request: 0.000062 seconds.
  path: Packages/com.unity.probuilder/External/KdTree/README.md
  artifactKey: Guid(348af47767ff3b44cbd7a045bba8a65c) Importer(2089858483,b0f066a214c2f5e87bad3c948f4d605d)
Start importing Packages/com.unity.probuilder/External/KdTree/README.md using Guid(348af47767ff3b44cbd7a045bba8a65c) Importer(2089858483,b0f066a214c2f5e87bad3c948f4d605d) (ScriptedImporter) -> (artifact id: '5593609d966c6ab2b1bf95d9cc8b0539') in 0.0308434 seconds
Number of updated asset objects reloaded before import = 0Number of asset objects unloaded after import = 1

========================================================================
Received Import Request.
  Time since last request: 0.000071 seconds.
  path: Packages/com.unity.probuilder/External/Poly2Tri/Triangulation/Delaunay/Sweep/AdvancingFront.cs
  artifactKey: Guid(53aa5497892312842a4c059529cd2397) Importer(2089858483,b0f066a214c2f5e87bad3c948f4d605d)
Start importing Packages/com.unity.probuilder/External/Poly2Tri/Triangulation/Delaunay/Sweep/AdvancingFront.cs using Guid(53aa5497892312842a4c059529cd2397) Importer(2089858483,b0f066a214c2f5e87bad3c948f4d605d) (ScriptedImporter) -> (artifact id: '76357bd12a9620a015a0c5bdb609bc23') in 0.0148652 seconds
Number of updated asset objects reloaded before import = 0Number of asset objects unloaded after import = 0

========================================================================
Received Import Request.
  Time since last request: 0.000048 seconds.
  path: Packages/com.unity.probuilder/Editor Default Resources/Icons/Toolbar/Object_Subdivide_Light@2x.png
  artifactKey: Guid(0a1f530140fc4eb4d9bb63ae10a85382) Importer(2089858483,b0f066a214c2f5e87bad3c948f4d605d)
Start importing Packages/com.unity.probuilder/Editor Default Resources/Icons/Toolbar/Object_Subdivide_Light@2x.png using Guid(0a1f530140fc4eb4d9bb63ae10a85382) Importer(2089858483,b0f066a214c2f5e87bad3c948f4d605d) (ScriptedImporter) -> (artifact id: 'db5caf60a5f50e5f1e083785de30baf8') in 0.032739 seconds
Number of updated asset objects reloaded before import = 0Number of asset objects unloaded after import = 1

========================================================================
Received Import Request.
  Time since last request: 0.000025 seconds.
  path: Packages/com.unity.probuilder/Editor Default Resources/Icons/Tools/ShapeTool/Plane.png
  artifactKey: Guid(53f03ac89fc559a4e9bd28dba20e72b0) Importer(2089858483,b0f066a214c2f5e87bad3c948f4d605d)
Start importing Packages/com.unity.probuilder/Editor Default Resources/Icons/Tools/ShapeTool/Plane.png using Guid(53f03ac89fc559a4e9bd28dba20e72b0) Importer(2089858483,b0f066a214c2f5e87bad3c948f4d605d) (ScriptedImporter) -> (artifact id: '6d6be8fc725b02b8a73dc07193ba9059') in 0.0339531 seconds
Number of updated asset objects reloaded before import = 0Number of asset objects unloaded after import = 1

========================================================================
Received Import Request.
  Time since last request: 0.000024 seconds.
  path: Packages/com.unity.probuilder/Editor Default Resources/Icons/Tools/EditShape.png
  artifactKey: Guid(871495a638885fb4a8d84844bdd6aa55) Importer(2089858483,b0f066a214c2f5e87bad3c948f4d605d)
Start importing Packages/com.unity.probuilder/Editor Default Resources/Icons/Tools/EditShape.png using Guid(871495a638885fb4a8d84844bdd6aa55) Importer(2089858483,b0f066a214c2f5e87bad3c948f4d605d) (ScriptedImporter) -> (artifact id: '846d1c39e2fbe992d98968459fb985d6') in 0.0342978 seconds
Number of updated asset objects reloaded before import = 0Number of asset objects unloaded after import = 1

========================================================================
Received Import Request.
  Time since last request: 0.000084 seconds.
  path: Packages/com.unity.probuilder/Editor Default Resources/Icons/Toolbar/Face_Detach.png
  artifactKey: Guid(335e609d01b074d95b939ad7401a2f6c) Importer(2089858483,b0f066a214c2f5e87bad3c948f4d605d)
Start importing Packages/com.unity.probuilder/Editor Default Resources/Icons/Toolbar/Face_Detach.png using Guid(335e609d01b074d95b939ad7401a2f6c) Importer(2089858483,b0f066a214c2f5e87bad3c948f4d605d) (ScriptedImporter) -> (artifact id: '17bca0f306992858ee83f1b3ee679355') in 0.0267415 seconds
Number of updated asset objects reloaded before import = 0Number of asset objects unloaded after import = 1

========================================================================
Received Import Request.
  Time since last request: 0.000046 seconds.
  path: Packages/com.unity.probuilder/Editor Default Resources/Icons/Toolbar/DragSelect_On_Light@2x.png
  artifactKey: Guid(61ed690c76fe2fe4a9f3487109155b92) Importer(2089858483,b0f066a214c2f5e87bad3c948f4d605d)
Start importing Packages/com.unity.probuilder/Editor Default Resources/Icons/Toolbar/DragSelect_On_Light@2x.png using Guid(61ed690c76fe2fe4a9f3487109155b92) Importer(2089858483,b0f066a214c2f5e87bad3c948f4d605d) (ScriptedImporter) -> (artifact id: '7cf9d8cbfba45d1bb276427998d49fc7') in 0.0283557 seconds
Number of updated asset objects reloaded before import = 0Number of asset objects unloaded after import = 1

========================================================================
Received Import Request.
  Time since last request: 0.000055 seconds.
  path: Packages/com.unity.probuilder/Editor Default Resources/Icons/Toolbar/Background/RoundedRect_Normal_Blue.png
  artifactKey: Guid(761c6090fc3a4463c8313e83a32f2165) Importer(2089858483,b0f066a214c2f5e87bad3c948f4d605d)
Start importing Packages/com.unity.probuilder/Editor Default Resources/Icons/Toolbar/Background/RoundedRect_Normal_Blue.png using Guid(761c6090fc3a4463c8313e83a32f2165) Importer(2089858483,b0f066a214c2f5e87bad3c948f4d605d) (ScriptedImporter) -> (artifact id: '0e7878cf4146d4dc369f2eb08aeab504') in 0.0337493 seconds
Number of updated asset objects reloaded before import = 0Number of asset objects unloaded after import = 1

========================================================================
Received Import Request.
  Time since last request: 0.000056 seconds.
  path: Packages/com.unity.probuilder/Editor/EditorCore/SmoothGroupEditor.cs
  artifactKey: Guid(1fa9c1c880d9b724f978f610d18852e7) Importer(2089858483,b0f066a214c2f5e87bad3c948f4d605d)
Start importing Packages/com.unity.probuilder/Editor/EditorCore/SmoothGroupEditor.cs using Guid(1fa9c1c880d9b724f978f610d18852e7) Importer(2089858483,b0f066a214c2f5e87bad3c948f4d605d) (ScriptedImporter) -> (artifact id: '59e4229a65fc80f4ad6582f029526ff7') in 0.0131693 seconds
Number of updated asset objects reloaded before import = 0Number of asset objects unloaded after import = 0

========================================================================
Received Import Request.
  Time since last request: 0.000073 seconds.
  path: Packages/com.unity.probuilder/Editor Default Resources/Icons/Toolbar/CreatePolyShape_Light.png
  artifactKey: Guid(c8a40096b18de5d45a97f0b7a6153f93) Importer(2089858483,b0f066a214c2f5e87bad3c948f4d605d)
Start importing Packages/com.unity.probuilder/Editor Default Resources/Icons/Toolbar/CreatePolyShape_Light.png using Guid(c8a40096b18de5d45a97f0b7a6153f93) Importer(2089858483,b0f066a214c2f5e87bad3c948f4d605d) (ScriptedImporter) -> (artifact id: '541a074e8d6aae4e1df2d949630eb2ca') in 0.0286638 seconds
Number of updated asset objects reloaded before import = 0Number of asset objects unloaded after import = 1

========================================================================
Received Import Request.
  Time since last request: 0.000037 seconds.
  path: Packages/com.unity.probuilder/Runtime/Core/Math.cs
  artifactKey: Guid(0b49a83783b3e5944b25d6c66eaa11e9) Importer(2089858483,b0f066a214c2f5e87bad3c948f4d605d)
Start importing Packages/com.unity.probuilder/Runtime/Core/Math.cs using Guid(0b49a83783b3e5944b25d6c66eaa11e9) Importer(2089858483,b0f066a214c2f5e87bad3c948f4d605d) (ScriptedImporter) -> (artifact id: '2d373a7881d3fab81867b06044abf8c6') in 0.016705 seconds
Number of updated asset objects reloaded before import = 0Number of asset objects unloaded after import = 0

========================================================================
Received Import Request.
  Time since last request: 0.000027 seconds.
  path: Packages/com.unity.probuilder/Editor Default Resources/Icons/Toolbar/Pivot_CenterOnElements_Lights@2x.png
  artifactKey: Guid(35ad2a3e2171096498b3b50ea0c86017) Importer(2089858483,b0f066a214c2f5e87bad3c948f4d605d)
Start importing Packages/com.unity.probuilder/Editor Default Resources/Icons/Toolbar/Pivot_CenterOnElements_Lights@2x.png using Guid(35ad2a3e2171096498b3b50ea0c86017) Importer(2089858483,b0f066a214c2f5e87bad3c948f4d605d) (ScriptedImporter) -> (artifact id: '36f7882aca2c3321ef362d921b9c78ee') in 0.0279781 seconds
Number of updated asset objects reloaded before import = 0Number of asset objects unloaded after import = 1

========================================================================
Received Import Request.
  Time since last request: 0.000064 seconds.
  path: Packages/com.unity.probuilder/Editor/MenuActions/Object/ProBuilderize.cs
  artifactKey: Guid(d0b5cffbc2ad41cb84067b39dedada94) Importer(2089858483,b0f066a214c2f5e87bad3c948f4d605d)
Start importing Packages/com.unity.probuilder/Editor/MenuActions/Object/ProBuilderize.cs using Guid(d0b5cffbc2ad41cb84067b39dedada94) Importer(2089858483,b0f066a214c2f5e87bad3c948f4d605d) (ScriptedImporter) -> (artifact id: 'd133dee916b3ae0ef24abebf27c65b06') in 0.0146194 seconds
Number of updated asset objects reloaded before import = 0Number of asset objects unloaded after import = 0

========================================================================
Received Import Request.
  Time since last request: 0.000048 seconds.
  path: Packages/com.unity.probuilder/Editor Default Resources/Icons/Tools/ShapeTool/d_Torus.png
  artifactKey: Guid(ad01bf115475dec49a250d391dd75cf0) Importer(2089858483,b0f066a214c2f5e87bad3c948f4d605d)
Start importing Packages/com.unity.probuilder/Editor Default Resources/Icons/Tools/ShapeTool/d_Torus.png using Guid(ad01bf115475dec49a250d391dd75cf0) Importer(2089858483,b0f066a214c2f5e87bad3c948f4d605d) (ScriptedImporter) -> (artifact id: '16565f9a57bbd621debb64f59f1f1c13') in 0.0264803 seconds
Number of updated asset objects reloaded before import = 0Number of asset objects unloaded after import = 1

========================================================================
Received Import Request.
  Time since last request: 0.000046 seconds.
  path: Packages/com.unity.probuilder/Editor Default Resources/Icons/Toolbar/Face_FlipTri_Light.png
  artifactKey: Guid(fb68ff459950f574e879b4ab1c6bbe92) Importer(2089858483,b0f066a214c2f5e87bad3c948f4d605d)
Start importing Packages/com.unity.probuilder/Editor Default Resources/Icons/Toolbar/Face_FlipTri_Light.png using Guid(fb68ff459950f574e879b4ab1c6bbe92) Importer(2089858483,b0f066a214c2f5e87bad3c948f4d605d) (ScriptedImporter) -> (artifact id: '4159383714701bacafe48b6a972aae8b') in 0.0318893 seconds
Number of updated asset objects reloaded before import = 0Number of asset objects unloaded after import = 1

========================================================================
Received Import Request.
  Time since last request: 0.000032 seconds.
  path: Packages/com.unity.probuilder/Editor Default Resources/Icons/Toolbar/Help.png
  artifactKey: Guid(85fe0ebd4e86846489f61740f277ec45) Importer(2089858483,b0f066a214c2f5e87bad3c948f4d605d)
Start importing Packages/com.unity.probuilder/Editor Default Resources/Icons/Toolbar/Help.png using Guid(85fe0ebd4e86846489f61740f277ec45) Importer(2089858483,b0f066a214c2f5e87bad3c948f4d605d) (ScriptedImporter) -> (artifact id: '4ad4fc9a949a0cf43fd9ddb70da60ed2') in 0.0282753 seconds
Number of updated asset objects reloaded before import = 0Number of asset objects unloaded after import = 1

========================================================================
Received Import Request.
  Time since last request: 0.000031 seconds.
  path: Packages/com.unity.probuilder/Editor Default Resources/Icons/Tools/ShapeTool/Sphere.png
  artifactKey: Guid(6fee26175b0206b41aec451c63d48989) Importer(2089858483,b0f066a214c2f5e87bad3c948f4d605d)
Start importing Packages/com.unity.probuilder/Editor Default Resources/Icons/Tools/ShapeTool/Sphere.png using Guid(6fee26175b0206b41aec451c63d48989) Importer(2089858483,b0f066a214c2f5e87bad3c948f4d605d) (ScriptedImporter) -> (artifact id: '2a463d52858c082422b8e87327abc90f') in 0.0348346 seconds
Number of updated asset objects reloaded before import = 0Number of asset objects unloaded after import = 1

========================================================================
Received Import Request.
  Time since last request: 0.000034 seconds.
  path: Packages/com.unity.probuilder/Editor Default Resources/Icons/Tools/ShapeTool/Cube@2x.png
  artifactKey: Guid(600565ccff86b4848a776b21335d2cfd) Importer(2089858483,b0f066a214c2f5e87bad3c948f4d605d)
Start importing Packages/com.unity.probuilder/Editor Default Resources/Icons/Tools/ShapeTool/Cube@2x.png using Guid(600565ccff86b4848a776b21335d2cfd) Importer(2089858483,b0f066a214c2f5e87bad3c948f4d605d) (ScriptedImporter) -> (artifact id: 'ebfaefa425fea91170185a307dbf724a') in 0.0354863 seconds
Number of updated asset objects reloaded before import = 0Number of asset objects unloaded after import = 1

========================================================================
Received Import Request.
  Time since last request: 0.000023 seconds.
  path: Packages/com.unity.probuilder/Editor/MenuActions/Selection/SelectRing.cs
  artifactKey: Guid(8704e3cfa2526d34baf80d67fda2aa11) Importer(2089858483,b0f066a214c2f5e87bad3c948f4d605d)
Start importing Packages/com.unity.probuilder/Editor/MenuActions/Selection/SelectRing.cs using Guid(8704e3cfa2526d34baf80d67fda2aa11) Importer(2089858483,b0f066a214c2f5e87bad3c948f4d605d) (ScriptedImporter) -> (artifact id: 'fa58b40ce2ee127a7f809de1e2369fe1') in 0.0162789 seconds
Number of updated asset objects reloaded before import = 0Number of asset objects unloaded after import = 0

========================================================================
Received Import Request.
  Time since last request: 0.000022 seconds.
  path: Packages/com.unity.probuilder/Editor Default Resources/Icons/UVEditor/ProBuilderGUI_UV_Manip_Off.png
  artifactKey: Guid(637899925569746a3ac6f0b2b9b3d906) Importer(2089858483,b0f066a214c2f5e87bad3c948f4d605d)
Start importing Packages/com.unity.probuilder/Editor Default Resources/Icons/UVEditor/ProBuilderGUI_UV_Manip_Off.png using Guid(637899925569746a3ac6f0b2b9b3d906) Importer(2089858483,b0f066a214c2f5e87bad3c948f4d605d) (ScriptedImporter) -> (artifact id: '7060c44b98a01c5172765baa451b0110') in 0.0336312 seconds
Number of updated asset objects reloaded before import = 0Number of asset objects unloaded after import = 1

========================================================================
Received Import Request.
  Time since last request: 0.000025 seconds.
  path: Packages/com.unity.probuilder/Editor/EditorCore/EditorPathSelectionUtility.cs
  artifactKey: Guid(e70a4b45c6cf44c4a63890d71d7cca97) Importer(2089858483,b0f066a214c2f5e87bad3c948f4d605d)
Start importing Packages/com.unity.probuilder/Editor/EditorCore/EditorPathSelectionUtility.cs using Guid(e70a4b45c6cf44c4a63890d71d7cca97) Importer(2089858483,b0f066a214c2f5e87bad3c948f4d605d) (ScriptedImporter) -> (artifact id: '6b26d15c96991c63af13c235095d04da') in 0.0178886 seconds
Number of updated asset objects reloaded before import = 0Number of asset objects unloaded after import = 0

========================================================================
Received Import Request.
  Time since last request: 0.000034 seconds.
  path: Packages/com.unity.probuilder/Editor Default Resources/Icons/Toolbar/Object_Merge.png
  artifactKey: Guid(3dd24ef03b33b4f789b5e5869a8f175c) Importer(2089858483,b0f066a214c2f5e87bad3c948f4d605d)
Start importing Packages/com.unity.probuilder/Editor Default Resources/Icons/Toolbar/Object_Merge.png using Guid(3dd24ef03b33b4f789b5e5869a8f175c) Importer(2089858483,b0f066a214c2f5e87bad3c948f4d605d) (ScriptedImporter) -> (artifact id: 'cdc031b28844d8283eaed0e46d7ef96e') in 0.0347128 seconds
Number of updated asset objects reloaded before import = 0Number of asset objects unloaded after import = 1

========================================================================
Received Import Request.
  Time since last request: 0.000026 seconds.
  path: Packages/com.unity.settings-manager/Editor/Unity.Settings.Editor.asmdef
  artifactKey: Guid(49818357e697641afb75d2f8acaf1861) Importer(2089858483,b0f066a214c2f5e87bad3c948f4d605d)
Start importing Packages/com.unity.settings-manager/Editor/Unity.Settings.Editor.asmdef using Guid(49818357e697641afb75d2f8acaf1861) Importer(2089858483,b0f066a214c2f5e87bad3c948f4d605d) (ScriptedImporter) -> (artifact id: '93ab00a43a0d0487329f186bb143a09d') in 0.0271209 seconds
Number of updated asset objects reloaded before import = 0Number of asset objects unloaded after import = 1

========================================================================
Received Import Request.
  Time since last request: 0.000023 seconds.
  path: Packages/com.unity.probuilder/Editor/MenuActions/Object/SetCollider.cs
  artifactKey: Guid(1376ed33245911e48ab91c560798f510) Importer(2089858483,b0f066a214c2f5e87bad3c948f4d605d)
Start importing Packages/com.unity.probuilder/Editor/MenuActions/Object/SetCollider.cs using Guid(1376ed33245911e48ab91c560798f510) Importer(2089858483,b0f066a214c2f5e87bad3c948f4d605d) (ScriptedImporter) -> (artifact id: '6728886e34330eab1e1d82100dc5c826') in 0.0190667 seconds
Number of updated asset objects reloaded before import = 0Number of asset objects unloaded after import = 0

========================================================================
Received Import Request.
  Time since last request: 0.000024 seconds.
  path: Packages/com.unity.probuilder/External/KdTree/KdTreeLib/PriorityQueue.cs
  artifactKey: Guid(d9ed04c4f3db58d488f75533eee62283) Importer(2089858483,b0f066a214c2f5e87bad3c948f4d605d)
Start importing Packages/com.unity.probuilder/External/KdTree/KdTreeLib/PriorityQueue.cs using Guid(d9ed04c4f3db58d488f75533eee62283) Importer(2089858483,b0f066a214c2f5e87bad3c948f4d605d) (ScriptedImporter) -> (artifact id: '5266c79dcc67a5eea73399f060aab29d') in 0.0158631 seconds
Number of updated asset objects reloaded before import = 0Number of asset objects unloaded after import = 0

========================================================================
Received Import Request.
  Time since last request: 0.000036 seconds.
  path: Packages/com.unity.probuilder/Editor Default Resources/Icons/Tools/ShapeTool/Cube.png
  artifactKey: Guid(a04de6eb317108740b40bea1d8261764) Importer(2089858483,b0f066a214c2f5e87bad3c948f4d605d)
Start importing Packages/com.unity.probuilder/Editor Default Resources/Icons/Tools/ShapeTool/Cube.png using Guid(a04de6eb317108740b40bea1d8261764) Importer(2089858483,b0f066a214c2f5e87bad3c948f4d605d) (ScriptedImporter) -> (artifact id: 'e878855a16a036df547bd22cc174783d') in 0.0308918 seconds
Number of updated asset objects reloaded before import = 0Number of asset objects unloaded after import = 1

========================================================================
Received Import Request.
  Time since last request: 0.000025 seconds.
  path: Packages/com.unity.probuilder/AssetIdRemapUtility
  artifactKey: Guid(9e50e13f5457645a89d6c209eac9242a) Importer(2089858483,b0f066a214c2f5e87bad3c948f4d605d)
Start importing Packages/com.unity.probuilder/AssetIdRemapUtility using Guid(9e50e13f5457645a89d6c209eac9242a) Importer(2089858483,b0f066a214c2f5e87bad3c948f4d605d) (ScriptedImporter) -> (artifact id: 'b3f1983b35ace5248c8ca45b7882106a') in 0.0198234 seconds
Number of updated asset objects reloaded before import = 0Number of asset objects unloaded after import = 1

========================================================================
Received Import Request.
  Time since last request: 0.000032 seconds.
  path: Packages/com.unity.probuilder/Editor Default Resources/Icons/Modes/d_ToolHandleGlobal@2x.png
  artifactKey: Guid(8491c5609cc01354b8f50f8eb191ed35) Importer(2089858483,b0f066a214c2f5e87bad3c948f4d605d)
Start importing Packages/com.unity.probuilder/Editor Default Resources/Icons/Modes/d_ToolHandleGlobal@2x.png using Guid(8491c5609cc01354b8f50f8eb191ed35) Importer(2089858483,b0f066a214c2f5e87bad3c948f4d605d) (ScriptedImporter) -> (artifact id: 'c6072f55eb9ca465cc0ab395585265e9') in 0.0390513 seconds
Number of updated asset objects reloaded before import = 0Number of asset objects unloaded after import = 1

========================================================================
Received Import Request.
  Time since last request: 0.000022 seconds.
  path: Packages/com.unity.probuilder/Editor/EditorCore/EditorShapeUtility.cs
  artifactKey: Guid(aaf91fe98a345dc46b1839d422f87be2) Importer(2089858483,b0f066a214c2f5e87bad3c948f4d605d)
Start importing Packages/com.unity.probuilder/Editor/EditorCore/EditorShapeUtility.cs using Guid(aaf91fe98a345dc46b1839d422f87be2) Importer(2089858483,b0f066a214c2f5e87bad3c948f4d605d) (ScriptedImporter) -> (artifact id: 'beef17d950dd73c27d170c6c946994c6') in 0.0176856 seconds
Number of updated asset objects reloaded before import = 0Number of asset objects unloaded after import = 0

========================================================================
Received Import Request.
  Time since last request: 0.000034 seconds.
  path: Packages/com.unity.probuilder/Content/Material/Textures/GridBox_Trigger.png
  artifactKey: Guid(b3fd87e2e956e41b0b43f76bb50a4934) Importer(2089858483,b0f066a214c2f5e87bad3c948f4d605d)
Start importing Packages/com.unity.probuilder/Content/Material/Textures/GridBox_Trigger.png using Guid(b3fd87e2e956e41b0b43f76bb50a4934) Importer(2089858483,b0f066a214c2f5e87bad3c948f4d605d) (ScriptedImporter) -> (artifact id: '934709354111ed3b77f486c319067283') in 0.0283289 seconds
Number of updated asset objects reloaded before import = 0Number of asset objects unloaded after import = 1

========================================================================
Received Import Request.
  Time since last request: 0.000038 seconds.
  path: Packages/com.unity.probuilder/Editor/EditorCore/Lightmapping.cs
  artifactKey: Guid(a0ae93cadae49f8488c27d0d40da0e99) Importer(2089858483,b0f066a214c2f5e87bad3c948f4d605d)
Start importing Packages/com.unity.probuilder/Editor/EditorCore/Lightmapping.cs using Guid(a0ae93cadae49f8488c27d0d40da0e99) Importer(2089858483,b0f066a214c2f5e87bad3c948f4d605d) (ScriptedImporter) -> (artifact id: '5d63bc7e8e152028ad90c97472558f52') in 0.017849 seconds
Number of updated asset objects reloaded before import = 0Number of asset objects unloaded after import = 0

========================================================================
Received Import Request.
  Time since last request: 0.000025 seconds.
  path: Packages/com.unity.probuilder/External/KdTree/KdTreeLib/NearestNeighbourList.cs
  artifactKey: Guid(601f62929862ecb48956dc2dca0a2498) Importer(2089858483,b0f066a214c2f5e87bad3c948f4d605d)
Start importing Packages/com.unity.probuilder/External/KdTree/KdTreeLib/NearestNeighbourList.cs using Guid(601f62929862ecb48956dc2dca0a2498) Importer(2089858483,b0f066a214c2f5e87bad3c948f4d605d) (ScriptedImporter) -> (artifact id: 'e91e26b5e208a6ee02cff2b7ec485311') in 0.0177881 seconds
Number of updated asset objects reloaded before import = 0Number of asset objects unloaded after import = 0

========================================================================
Received Import Request.
  Time since last request: 0.000031 seconds.
  path: Packages/com.unity.probuilder/Content/Shader/PointBillboard.shader
  artifactKey: Guid(8ca8b34aa013842f3b399b6961e7dc3b) Importer(2089858483,b0f066a214c2f5e87bad3c948f4d605d)
Start importing Packages/com.unity.probuilder/Content/Shader/PointBillboard.shader using Guid(8ca8b34aa013842f3b399b6961e7dc3b) Importer(2089858483,b0f066a214c2f5e87bad3c948f4d605d) (ScriptedImporter) -> (artifact id: 'c8317ded6953f5e0f76b56abd9d993c5') in 0.023318 seconds
Number of updated asset objects reloaded before import = 0Number of asset objects unloaded after import = 1

========================================================================
Received Import Request.
  Time since last request: 0.000038 seconds.
  path: Packages/com.unity.probuilder/Editor/MenuActions/Object/SubdivideObject.cs
  artifactKey: Guid(a6f7622c6d6346cca3539de7b00556a7) Importer(2089858483,b0f066a214c2f5e87bad3c948f4d605d)
Start importing Packages/com.unity.probuilder/Editor/MenuActions/Object/SubdivideObject.cs using Guid(a6f7622c6d6346cca3539de7b00556a7) Importer(2089858483,b0f066a214c2f5e87bad3c948f4d605d) (ScriptedImporter) -> (artifact id: '8478521b920706c09330d0eadc4e5fd0') in 0.0200379 seconds
Number of updated asset objects reloaded before import = 0Number of asset objects unloaded after import = 0

========================================================================
Received Import Request.
  Time since last request: 0.000037 seconds.
  path: Packages/com.unity.probuilder/Content/Material/Textures/GridBox_Collider.png
  artifactKey: Guid(7e4b97337334f42d2a700647fd938234) Importer(2089858483,b0f066a214c2f5e87bad3c948f4d605d)
Start importing Packages/com.unity.probuilder/Content/Material/Textures/GridBox_Collider.png using Guid(7e4b97337334f42d2a700647fd938234) Importer(2089858483,b0f066a214c2f5e87bad3c948f4d605d) (ScriptedImporter) -> (artifact id: '456efab5fa69297f2ab94acc8cd80ba7') in 0.0287737 seconds
Number of updated asset objects reloaded before import = 0Number of asset objects unloaded after import = 1

========================================================================
Received Import Request.
  Time since last request: 0.000020 seconds.
  path: Packages/com.unity.probuilder/Editor Default Resources/Icons/Toolbar/Selection_Ring_Edge_Light@2x.png
  artifactKey: Guid(430704683bd43c24e86ac043fc5cae0c) Importer(2089858483,b0f066a214c2f5e87bad3c948f4d605d)
Start importing Packages/com.unity.probuilder/Editor Default Resources/Icons/Toolbar/Selection_Ring_Edge_Light@2x.png using Guid(430704683bd43c24e86ac043fc5cae0c) Importer(2089858483,b0f066a214c2f5e87bad3c948f4d605d) (ScriptedImporter) -> (artifact id: '81d0092e5b97d72e6f1e589b1da03851') in 0.0341027 seconds
Number of updated asset objects reloaded before import = 0Number of asset objects unloaded after import = 1

========================================================================
Received Import Request.
  Time since last request: 0.000027 seconds.
  path: Packages/com.unity.probuilder/Editor/EditorCore/EditorUtility.cs
  artifactKey: Guid(a17a8a25b5ef051479efd66b56f58823) Importer(2089858483,b0f066a214c2f5e87bad3c948f4d605d)
Start importing Packages/com.unity.probuilder/Editor/EditorCore/EditorUtility.cs using Guid(a17a8a25b5ef051479efd66b56f58823) Importer(2089858483,b0f066a214c2f5e87bad3c948f4d605d) (ScriptedImporter) -> (artifact id: '0ebc4683be67dda6c950fab4e9ad5123') in 0.0184822 seconds
Number of updated asset objects reloaded before import = 0Number of asset objects unloaded after import = 0

========================================================================
Received Import Request.
  Time since last request: 0.000033 seconds.
  path: Packages/com.unity.probuilder/Editor Default Resources/Icons/Tools/ShapeTool/d_Sprite.png
  artifactKey: Guid(9d971e1338f705046a6f346777dbf801) Importer(2089858483,b0f066a214c2f5e87bad3c948f4d605d)
Start importing Packages/com.unity.probuilder/Editor Default Resources/Icons/Tools/ShapeTool/d_Sprite.png using Guid(9d971e1338f705046a6f346777dbf801) Importer(2089858483,b0f066a214c2f5e87bad3c948f4d605d) (ScriptedImporter) -> (artifact id: 'a58fa883b55717092fafc37d68333254') in 0.0282608 seconds
Number of updated asset objects reloaded before import = 0Number of asset objects unloaded after import = 1

========================================================================
Received Import Request.
  Time since last request: 0.000023 seconds.
  path: Packages/com.unity.probuilder/Editor Default Resources/Icons/Tools/ShapeTool/on/Prism.png
  artifactKey: Guid(333e21795f3b6964a80f9f8b630f4ebe) Importer(2089858483,b0f066a214c2f5e87bad3c948f4d605d)
Start importing Packages/com.unity.probuilder/Editor Default Resources/Icons/Tools/ShapeTool/on/Prism.png using Guid(333e21795f3b6964a80f9f8b630f4ebe) Importer(2089858483,b0f066a214c2f5e87bad3c948f4d605d) (ScriptedImporter) -> (artifact id: '9d3e9ec84707a26eeb953564df861a9f') in 0.0339416 seconds
Number of updated asset objects reloaded before import = 0Number of asset objects unloaded after import = 1

========================================================================
Received Import Request.
  Time since last request: 0.000025 seconds.
  path: Packages/com.unity.probuilder/Editor/EditorCore/CutTool.cs
  artifactKey: Guid(d14f7e2694bf3944989ac7742561181c) Importer(2089858483,b0f066a214c2f5e87bad3c948f4d605d)
Start importing Packages/com.unity.probuilder/Editor/EditorCore/CutTool.cs using Guid(d14f7e2694bf3944989ac7742561181c) Importer(2089858483,b0f066a214c2f5e87bad3c948f4d605d) (ScriptedImporter) -> (artifact id: 'b603a42928b710d5685d34c109f49c9d') in 0.0164167 seconds
Number of updated asset objects reloaded before import = 0Number of asset objects unloaded after import = 0

========================================================================
Received Import Request.
  Time since last request: 0.000032 seconds.
  path: Packages/com.unity.probuilder/AssetIdRemapUtility/Editor/AssetIdRemapBuilderEditor.cs
  artifactKey: Guid(20257f54bb007a547b7cb64d633a1664) Importer(2089858483,b0f066a214c2f5e87bad3c948f4d605d)
Start importing Packages/com.unity.probuilder/AssetIdRemapUtility/Editor/AssetIdRemapBuilderEditor.cs using Guid(20257f54bb007a547b7cb64d633a1664) Importer(2089858483,b0f066a214c2f5e87bad3c948f4d605d) (ScriptedImporter) -> (artifact id: '77de9275d9bd2359bab0ec633c12fc14') in 0.0133144 seconds
Number of updated asset objects reloaded before import = 0Number of asset objects unloaded after import = 0

========================================================================
Received Import Request.
  Time since last request: 0.000037 seconds.
  path: Packages/com.unity.probuilder/External/Poly2Tri/Triangulation/Delaunay/Sweep/DTSweepEdgeEvent.cs
  artifactKey: Guid(9c90a3667d9b2154bb538feb303989f8) Importer(2089858483,b0f066a214c2f5e87bad3c948f4d605d)
Start importing Packages/com.unity.probuilder/External/Poly2Tri/Triangulation/Delaunay/Sweep/DTSweepEdgeEvent.cs using Guid(9c90a3667d9b2154bb538feb303989f8) Importer(2089858483,b0f066a214c2f5e87bad3c948f4d605d) (ScriptedImporter) -> (artifact id: '6052c84cf6b00f41a624e276c815e403') in 0.0156589 seconds
Number of updated asset objects reloaded before import = 0Number of asset objects unloaded after import = 0

